,smiles
0,Br
1,BrC(Br)Br
2,BrC(Br)C(Br)(Br)Br
3,BrC(Br)C(Br)Br
4,BrC/C=C/CBr
5,BrC1CCC(Br)C(Br)CCC(Br)C(Br)CCC1Br
6,BrCBr
7,BrCC(Br)(Br)Br
8,BrCC(Br)C1CCC(Br)C(Br)C1
9,BrCC1CO1
10,BrCCBr
11,BrCCCBr
12,BrCCCCBr
13,BrCCCCCBr
14,BrCCCCCCBr
15,BrCCOc1ccccc1
16,BrCCc1ccccc1
17,BrCc1ccc(Br)cc1
18,BrCc1cccc(Oc2ccccc2)c1
19,BrCc1ccccc1
20,Brc1c(Br)c(Br)c(Br)c(Br)c1Br
21,Brc1c(NC2=NCCN2)ccc2nccnc12
22,Brc1c2ccccc2c(Br)c2ccccc12
23,Brc1c2ccccc2cc2ccccc12
24,Brc1cc(-c2ccc(Br)c(Br)c2Br)cc(Br)c1Br
25,Brc1cc(Br)c(Oc2cc(Br)c(Br)cc2Br)cc1Br
26,Brc1cc(Oc2cc(Br)c(Br)c(Br)c2Br)c(Br)c(Br)c1Br
27,Brc1cc2ccccc2c2ccccc12
28,Brc1ccc(-c2ccccc2)cc1
29,Brc1ccc(Br)c(Br)c1
30,Brc1ccc(Br)cc1
31,Brc1ccc(Oc2cc(Br)c(Br)cc2Br)c(Br)c1
32,Brc1ccc(Oc2ccc(Br)cc2)cc1
33,Brc1ccc(Oc2ccc(Br)cc2Br)c(Br)c1
34,Brc1ccc(Oc2ccccc2)cc1
35,Brc1cccc(-c2ccccc2)c1
36,Brc1ccccc1
37,Brc1ccccc1-c1ccccc1
38,Brc1nc2ccccc2s1
39,C#CC(C)(C)NC(=O)c1cc(Cl)cc(Cl)c1
40,C#CC(C)(C)O
41,C#CC(C)(CC)OC(=O)c1ccccc1C(=O)O
42,C#CC(C)(O)CC(C)C
43,C#CC(C)N(C)C(=O)Nc1ccc(Cl)cc1
44,C#CC(O)(/C=C\Cl)CC
45,C#CC(O)C(CC)CCCC
46,C#CC(O)CCCCC
47,C#CC1(O)CCCCC1
48,C#CC1(O)CC[C@H]2[C@@H]3CCC4=CC(=O)CC[C@@H]4[C@H]3CC[C@@]21CC
49,C#CCC(Cc1cnc2nc(N)nc(N)c2n1)c1ccc(C(=O)N[C@@H](CCC(=O)O)C(=O)O)cc1
50,C#CCC1=C(C)[C@H](OC(=O)[C@H]2[C@H](C=C(C)C)C2(C)C)CC1=O
51,C#CCN(C)CCCOc1ccc(Cl)cc1Cl
52,C#CCN(C)Cc1ccccc1
53,C#CCN(C)[C@H](C)Cc1ccccc1
54,C#CCN1C(=O)COc2cc(F)c(N3C(=O)C4=C(CCCC4)C3=O)cc21
55,C#CCN1CC(=O)N(COC(=O)[C@@H]2[C@@H](C=C(C)C)C2(C)C)C1=O
56,C#CCN[C@@H]1CCc2ccccc21
57,C#CCO
58,C#CCOC(=O)/C=C(C)/C=C/CC(C)CCCC(C)C
59,C#CCOC(=O)[C@@H](C)Oc1ccc(Oc2ncc(Cl)cc2F)cc1
60,C#CCOC(C(=O)OCCN(C)C)(c1ccccc1)c1ccccc1
61,C#CCOS(=O)OC1CCCCC1Oc1ccc(C(C)(C)C)cc1
62,C#CCOc1ccc2c(C)cc(=O)oc2c1
63,C#C[C@@]1(O)CC[C@H]2[C@@H]3CCC4=CCCC[C@@H]4[C@H]3CC[C@@]21C
64,C#C[C@]1(O)C=C[C@H]2[C@@H]3CCC4=CC(=O)CC[C@@H]4[C@H]3CC[C@@]21CC
65,C#C[C@]1(O)CC[C@H]2[C@@H]3CCC4=C(CCC(=O)C4)[C@H]3CC[C@@]21C
66,C#C[C@]1(O)CC[C@H]2[C@@H]3CCC4=C/C(=N/O)CC[C@@H]4[C@H]3CC[C@@]21CC
67,C#C[C@]1(O)CC[C@H]2[C@@H]3CCC4=CC(=O)CCC4=C3C=C[C@@]21CC
68,C#C[C@]1(O)CC[C@H]2[C@@H]3CCC4=CC(=O)CC[C@@H]4[C@H]3C(=C)C[C@@]21CC
69,C#C[C@]1(O)CC[C@H]2[C@@H]3CCC4=CC(=O)CC[C@@H]4[C@H]3CC[C@@]21C
70,C#C[C@]1(O)CC[C@H]2[C@@H]3CCC4=CC(=O)CC[C@@H]4[C@H]3CC[C@@]21CC
71,C#C[C@]1(O)CC[C@H]2[C@@H]3CCC4=CC(=O)CC[C@]4(C)[C@H]3CC[C@@]21C
72,C#C[C@]1(O)CC[C@H]2[C@@H]3CCC4=CCCC[C@@H]4[C@H]3C(=C)C[C@@]21CC
73,C#C[C@]1(O)CC[C@H]2[C@@H]3CCC4=Cc5oncc5C[C@]4(C)[C@H]3CC[C@@]21C
74,C#C[C@]1(O)CC[C@H]2[C@@H]3CCc4cc(O)ccc4[C@H]3CC[C@@]21C
75,C#C[C@]1(O)CC[C@H]2[C@@H]3CCc4cc(OC)ccc4[C@H]3CC[C@@]21C
76,C#C[C@]1(O)CC[C@H]2[C@@H]3CCc4cc(OC5CCCC5)ccc4[C@H]3CC[C@@]21C
77,C#C[C@]1(O)CC[C@H]2[C@@H]3[C@H](C)CC4=C(CCC(=O)C4)[C@H]3CC[C@@]21C
78,C#C[C@]1(OC(=O)CCCCCC)CC[C@H]2[C@@H]3CCC4=CC(=O)CC[C@@H]4[C@H]3CC[C@@]21C
79,C#C[C@]1(OC(C)=O)CC[C@H]2[C@@H]3CCC4=C/C(=N/O)CC[C@@H]4[C@H]3CC[C@@]21CC
80,C#C[C@]1(OC(C)=O)CC[C@H]2[C@@H]3CCC4=CC(=O)CC[C@@H]4[C@H]3CC[C@@]21C
81,C#C[C@]1(OC(C)=O)CC[C@H]2[C@@H]3CCC4=C[C@@H](OC(C)=O)CC[C@@H]4[C@H]3CC[C@@]21C
82,C#Cc1ccc(-c2ccccc2F)cc1
83,C#Cc1cccc(Nc2ncnc3cc(OCCOC)c(OCCOC)cc23)c1
84,C#N
85,C(=C(c1ccccc1)c1ccccc1)c1ccccc1
86,C(=C/C=N/c1ccccc1)\C=C\Nc1ccccc1
87,C(=C/c1ccccc1)\CN1CCN(C(c2ccccc2)c2ccccc2)CC1
88,C(=C/c1ccccc1)\c1ccccc1
89,C(=C\c1ccccc1)\c1ccccc1
90,C(=Cc1ccncc1)c1ccccc1
91,C(=NC1CCCCC1)=NC1CCCCC1
92,C(CCOCC1CO1)COCC1CO1
93,C(COCC1CO1)OCC1CO1
94,C/C(=C(/CCO)SSCC1CCCO1)N(C=O)Cc1cnc(C)nc1N
95,C/C(=C(/OCCOc1ccc(Cl)cc1)c1ccc(Cl)cc1Cl)n1ccnc1
96,C/C(=C(\CCOC(=O)C(C)C)SS/C(CCOC(=O)C(C)C)=C(/C)N(C=O)Cc1cnc(C)nc1N)N(C=O)Cc1cnc(C)nc1N
97,C/C(=C(\CCOC(=O)c1ccccc1)SS/C(CCOC(=O)c1ccccc1)=C(/C)N(C=O)Cc1cnc(C)nc1N)N(C=O)Cc1cnc(C)nc1N
98,C/C(=C1\CCOC(=O)S1)N(C=O)Cc1cnc(C)nc1N
99,C/C(=C\C(=O)OCCCCCCCCC(=O)O)C[C@@H]1OC[C@H](C[C@@H]2O[C@H]2[C@@H](C)[C@H](C)O)[C@@H](O)[C@H]1O
100,C/C(=C\C(C)CC(C)CC(C)C)C1CC(=O)OC1=O
101,C/C(=C\c1ccccc1)[N+](=O)[O-]
102,C/C(=C\c1csc(C)n1)C1C[C@@H]2O[C@]2(C)CCC[C@H](C)C(O)[C@@H](C)C(=O)C(C)(C)[C@@H](O)CC(=O)O1
103,C/C(=N/NC(=O)c1ccncc1)C(=O)O
104,C/C(=N\Cc1ccccc1)c1ccccc1O
105,C/C(=N\NC(=O)Nc1cc(F)cc(F)c1)c1ncccc1C(=O)O
106,C/C(=N\O)[C@@H](C)NCC(C)(C)CN[C@H](C)/C(C)=N/O
107,C/C(=N\O)c1ccc(OCC(=O)N2CCCCC2)cc1
108,C/C(Cl)=C/CCl
109,C/C=C(/C)C#N
110,C/C=C(/CC[C@@H](C)[C@H]1CC[C@H]2C3=CC[C@H]4[C@H](C)[C@@H](O)CC[C@]4(C)[C@H]3CC[C@]12C)C(C)C
111,C/C=C(C(=C/C)/c1ccc(O)cc1)\c1ccc(O)cc1
112,C/C=C(C(=C/C)/c1ccc(OC(C)=O)cc1)\c1ccc(OC(C)=O)cc1
113,C/C=C(C)/C=C/C=C(C)C
114,C/C=C(\C)C(=O)OC/C=C(\C)CCC=C(C)C
115,C/C=C(\C)C(=O)OCC/C=C\CC
116,C/C=C(\C)C(=O)OCCc1ccccc1
117,C/C=C(\C)C(=O)OCc1ccccc1
118,C/C=C(\C)C(C)=O
119,C/C=C(\C)C=O
120,C/C=C/C(=O)Oc1c(CCCCCC(C)C)cc([N+](=O)[O-])cc1[N+](=O)[O-]
121,C/C=C/C/C=C\CCCCCCCCOC(C)=O
122,C/C=C/C=C/C=O
123,C/C=C/C=C/CCCCCCCO
124,C/C=C/C=C/CO
125,C/C=C/C[C@@H](C)[C@@H](O)[C@H]1C(=O)N[C@@H](CC)C(=O)N(C)CC(=O)N(C)[C@@H](CC(C)C)C(=O)N[C@@H](C(C)C)C(=O)N(C)[C@@H](CC(C)C)C(=O)N[C@@H](C)C(=O)N[C@H](C)C(=O)N(C)[C@@H](CC(C)C)C(=O)N(C)[C@@H](CC(C)C)C(=O)N(C)[C@@H](C(C)C)C(=O)N1C
126,C/C=C/c1ccc(OC)cc1
127,C/C=C1/C(=O)C[C@H]2[C@@H]3CCC4=CC(=O)CC[C@]4(C)[C@H]3CC[C@]12C
128,C/C=C1\C(=O)C[C@H]2[C@@H]3CCC4=CC(=O)CC[C@]4(C)[C@H]3CC[C@]12C
129,C/C=C1\NC(=O)[C@H]2CSSCCC=C[C@H](CC(=O)N[C@H](C(C)C)C(=O)N2)OC(=O)[C@H](C(C)C)NC1=O
130,C/C=C1\[C@H]2C=C(C)C[C@]1(N)c1ccc(=O)[nH]c1C2
131,C/C=C\c1ccc(OCC)c(O)c1
132,C/N=C(\NC)NCc1ccccc1
133,C1=CC2C3C=CC(C3)C2C1
134,C1=CCC(c2ccccc2)CC1
135,C1=CCC2CC=CC2C1
136,C1=CCC=C1
137,C1=CCCC=CCC1
138,C1=CCCC=CCCC=CCC1
139,C1=CC[C]([Ti+2][C]2=CC=CC2)=C1
140,C1=COCCC1
141,C1=Cc2cccc3cccc1c23
142,C1=Cc2ccccc2C1
143,C1C2OC2C2C1C1CC2C2OC12
144,C1CC(COCC2CO2)CCC1COCC1CO1
145,C1CC2OC2CC1C1CO1
146,C1CCC(C(CC2CCCCN2)C2CCCCC2)CC1
147,C1CCC(C2CCCCC2)CC1
148,C1CCC(NC2CCCCC2)CC1
149,C1CCC(SSC2CCCCC2)CC1
150,C1CCC2(CCCCO2)OC1
151,C1CCC2=NCCCN2CC1
152,C1CCC2CCCCC2C1
153,C1CCC2OC2C1
154,C1CCCC1
155,C1CCCCC1
156,C1CCCCCCCCCCC1
157,C1CCCNCC1
158,C1CCCNCCC1
159,C1CCN(CN2CCCCC2)CC1
160,C1CCN2C[C@@H]3C[C@@H](CN4CCCC[C@@H]34)[C@H]2C1
161,C1CCNCC1
162,C1CCOC1
163,C1CCc2nnnn2CC1
164,C1CN(CCOCCN2CCOCC2)CCO1
165,C1CN(P2(N3CC3)=NP(N3CC3)(N3CC3)=NP(N3CC3)(N3CC3)=N2)CCO1
166,C1CN(SSN2CCOCC2)CCO1
167,C1CN2CCC1CC2
168,C1CN2CCN1CC2
169,C1CNCCN1
170,C1COC(NC(C2CC2)C2CC2)=N1
171,C1COC1
172,C1COCCN1
173,C1COCCO1
174,C1COCO1
175,C1CS1
176,C1CSCCS1
177,C1C[C@@H]2[C@@H]3CC[C@H](C3)[C@@H]2C1
178,C1N2CN3CN1CN(C2)C3
179,C1OCOCO1
180,C=C(C#N)C(=O)OCC
181,C=C(C#N)CCC#N
182,C=C(C)C#N
183,C=C(C)C(=O)NCCCN(C)C
184,C=C(C)C(=O)NCCC[N+](C)(C)C
185,C=C(C)C(=O)Nc1ccc(Cl)c(Cl)c1
186,C=C(C)C(=O)O
187,C=C(C)C(=O)OC
188,C=C(C)C(=O)OC(C)C
189,C=C(C)C(=O)OC1CC(C)CC(C)(C)C1
190,C=C(C)C(=O)OCC
191,C=C(C)C(=O)OCC(C)(C)COC(=O)C(=C)C
192,C=C(C)C(=O)OCC(C)C
193,C=C(C)C(=O)OCC(C)O
194,C=C(C)C(=O)OCC(CC)(COC(=O)C(=C)C)COC(=O)C(=C)C
195,C=C(C)C(=O)OCC(CC)CCCC
196,C=C(C)C(=O)OCC(O)CO
197,C=C(C)C(=O)OCC(O)COc1ccc(C(C)(C)c2ccc(OCC(O)COC(=O)C(=C)C)cc2)cc1
198,C=C(C)C(=O)OCC1CCCO1
199,C=C(C)C(=O)OCC1CO1
200,C=C(C)C(=O)OCCC(C)OC(=O)C(=C)C
201,C=C(C)C(=O)OCCC(F)(F)C(F)(F)C(F)(F)C(F)(F)C(F)(F)C(F)(F)F
202,C=C(C)C(=O)OCCCC
203,C=C(C)C(=O)OCCCCCC
204,C=C(C)C(=O)OCCCCCCCC(C)C
205,C=C(C)C(=O)OCCCCCCCCCC
206,C=C(C)C(=O)OCCCCCCCCCCCC
207,C=C(C)C(=O)OCCCCCCCCCCCCC
208,C=C(C)C(=O)OCCCCCCCCCCCCCCCCCC
209,C=C(C)C(=O)OCCCCCCCCCCOC(=O)C(=C)C
210,C=C(C)C(=O)OCCCCCCOC(=O)C(=C)C
211,C=C(C)C(=O)OCCCCOC(=O)C(=C)C
212,C=C(C)C(=O)OCCC[Si](Cl)(Cl)Cl
213,C=C(C)C(=O)OCCC[Si](OC)(OC)OC
214,C=C(C)C(=O)OCCN(C)C
215,C=C(C)C(=O)OCCN(CC)CC
216,C=C(C)C(=O)OCCNC(C)(C)C
217,C=C(C)C(=O)OCCO
218,C=C(C)C(=O)OCCOC(=O)C(=C)C
219,C=C(C)C(=O)OCCOC(=O)CC(C)=O
220,C=C(C)C(=O)OCCOC1CC2CC1C1C=CCC21
221,C=C(C)C(=O)OCCOCC
222,C=C(C)C(=O)OCCOCCOC(=O)C(=C)C
223,C=C(C)C(=O)OCCOCCOCCOC(=O)C(=C)C
224,C=C(C)C(=O)OCCOCCOCCOCCOC(=O)C(=C)C
225,C=C(C)C(=O)OCCOP(=O)(O)O
226,C=C(C)C(=O)OCCOP(=O)(O)OCCOC(=O)C(=C)C
227,C=C(C)C(=O)OCCOc1ccccc1
228,C=C(C)C(=O)OCC[N+](C)(C)C
229,C=C(C)C(=O)OCc1ccccc1
230,C=C(C)C(=O)O[C@@H]1C[C@H]2CC[C@]1(C)C2(C)C
231,C=C(C)C(=O)[O][Sn]([CH2]CCC)([CH2]CCC)[CH2]CCC
232,C=C(C)C(N)=O
233,C=C(C)C1CC=C(C)C(=O)C1
234,C=C(C)C1CC=C(C)C(O)C1
235,C=C(C)C1CC=C(C)C(OC(C)=O)C1
236,C=C(C)C1CC=C(C)CC1
237,C=C(C)C1CCC(C)(O)CC1
238,C=C(C)CC(C)(C)C
239,C=C(C)CCC[C@H](C)CCO
240,C=C(C)CCl
241,C=C(C)CN(CC)c1c([N+](=O)[O-])cc(C(F)(F)F)cc1[N+](=O)[O-]
242,C=C(C)CNCC
243,C=C(C)CS(=O)(=O)O
244,C=C(C)OC(C)=O
245,C=C(C)[C@@H]1CC=C(C)C(=O)C1
246,C=C(C)[C@@H]1CC=C(C)CC1
247,C=C(C)[C@@H]1CC=C(C=O)CC1
248,C=C(C)[C@@H]1CCC2=CC(=O)C[C@@H](C)[C@]2(C)C1
249,C=C(C)[C@@H]1CCC2=CCC[C@@H](C)[C@]2(C)C1
250,C=C(C)[C@@H]1CC[C@@H](C)C[C@@H]1O
251,C=C(C)[C@H]1CC=C(C)C(=O)C1
252,C=C(C)[C@H]1CC=C(C)CC1
253,C=C(C)[C@H]1CN[C@H](C(=O)O)[C@H]1CC(=O)O
254,C=C(C)[C@H]1Cc2c(ccc3c2O[C@@H]2COc4cc(OC)c(OC)cc4[C@@H]2C3=O)O1
255,C=C(C)c1cccc(C(=C)C)c1
256,C=C(C)c1ccccc1
257,C=C(CC(=O)O)C(=O)O
258,C=C(CC)C(=O)c1ccc(OCC(=O)O)c(Cl)c1Cl
259,C=C(Cl)CCl
260,C=C(Cl)CSC(=S)N(CC)CC
261,C=C(Cl)Cl
262,C=C(NC(=O)C(=C)NC(=O)c1csc(C2=NC3c4csc(n4)C4NC(=O)c5csc(n5)C(C(C)(O)C(C)O)NC(=O)C5CSC(=N5)/C(=C\C)NC(=O)C(C(C)O)NC(=O)c5csc(n5)C3(CC2)NC(=O)C(C)NC(=O)C(=C)NC(=O)C(C)NC(=O)C(C(C)CC)NC2C=Cc3c(C(C)O)cc(nc3C2O)C(=O)OC4C)n1)C(N)=O
263,C=C(Nc1ccc(OCC)cc1)Nc1ccc(OCC)cc1
264,C=C(c1ccc(C(=O)O)cc1)c1cc2c(cc1C)C(C)(C)CCC2(C)C
265,C=C/C(C)=C/C/C=C(\C)CCC=C(C)C
266,C=C1/C(=C\C=C2/CCC[C@]3(C)[C@@H]([C@H](C)/C=C/[C@@H](O)C4CC4)CC[C@@H]23)C[C@@H](O)C[C@@H]1O
267,C=C1/C(=C\C=C2/CCC[C@]3(C)[C@@H]([C@H](C)/C=C/[C@H](C)C(C)C)CC[C@@H]23)C[C@@H](O)C[C@@H]1O
268,C=C1/C(=C\C=C2/CCC[C@]3(C)[C@@H]([C@H](C)CCCC(C)(C)O)CC[C@@H]23)C[C@@H](O)C[C@@H]1O
269,C=C1/C(=C\C=C2/CCC[C@]3(C)[C@@H]([C@H](C)OCCC(C)(C)O)CC[C@@H]23)C[C@@H](O)C[C@@H]1O
270,C=C1C(=O)O[C@H]2[C@H]1CCC(C)=CCC[C@@]1(C)O[C@@H]21
271,C=C1C(C)(C)[C@@]2(Cl)C(Cl)[C@]1(Cl)C(Cl)(Cl)C2(Cl)Cl
272,C=C1C(CCl)(CCl)C2(Cl)C(Cl)C(Cl)C1(Cl)C2(Cl)Cl
273,C=C1C2CCC(C2)C1(C)C
274,C=C1CC2C3CCC4=CC(=O)C=C[C@]4(C)[C@@]3(F)[C@@H](O)C[C@]2(C)[C@@]1(O)C(=O)COC(C)=O
275,C=C1CCC2CC1C2(C)C
276,C=C1CCC=C(C)CC[C@@H]2[C@@H]1CC2(C)C
277,C=C1CC[C@@H]2[C@](C)(CO)[C@H](O)CC[C@@]2(C)[C@@H]1C/C=C1/C(=O)OC[C@H]1O
278,C=C1CC[C@@]2(O)[C@H]3Cc4ccc(O)c5c4[C@@]2(CCN3CC2CC2)[C@H]1O5
279,C=C1CC[C@H](O)C/C1=C/C=C1\CCC[C@]2(C)[C@@H]([C@H](C)/C=C/[C@H](C)C(C)C)CC[C@@H]12
280,C=C1CC[C@H](O)C/C1=C/C=C1\CCC[C@]2(C)[C@@H]([C@H](C)CCCC(C)(C)O)CC[C@@H]12
281,C=C1CC[C@H](O)C/C1=C/C=C1\CCC[C@]2(C)[C@@H]([C@H](C)CCCC(C)C)CC[C@@H]12
282,C=C1CC[C@H](O)C/C1=C/C=C1\CCC[C@]2(C)[C@@H]([C@H](C)CC[C@@H](O)C(C)(C)O)CC[C@@H]12
283,C=C1CC[C@H]2C[C@@H]1C2(C)C
284,C=C1C[C@@H]2[C@H](CC[C@]3(C)C(=O)CC[C@@H]23)[C@@]2(C)C=CC(=O)C=C12
285,C=C1C[C@H]2[C@@H]3C=C(C)C4=CC(=O)CC[C@]4(C)[C@H]3CC[C@]2(C)[C@@]1(OC(C)=O)C(C)=O
286,C=C1C[C@]23CC[C@H]4[C@](C)(CCC[C@@]4(C)C(=O)O[C@@H]4O[C@H](CO)[C@@H](O)[C@H](O)[C@H]4O)[C@@H]2C[C@@H](O[C@@H]2O[C@H](CO)[C@@H](O)[C@H](O[C@@H]4O[C@H](CO)[C@@H](O)[C@H](O)[C@H]4O)[C@H]2OC2O[C@H](CO)[C@@H](O)[C@H](O)[C@H]2O)[C@@H]1C3
287,C=C1C[C@]23C[C@@]1(O)CC[C@H]2[C@@]12C=C[C@H](O)[C@@](C)(C(=O)O1)[C@H]2[C@@H]3C(=O)O
288,C=C1[C@H](CO)[C@@H](O)C[C@@H]1n1cnc2c(=O)[nH]c(N)nc21
289,C=C1[C@H]2CC[C@@H]3[C@H]2C(C)(C)CCC[C@]13C
290,C=C1c2c(Cl)ccc(O)c2C(=O)C2=C(O)[C@]3(O)C(=O)C(C(N)=O)=C(O)[C@@H](N(C)C)[C@@H]3[C@@H](O)[C@H]12
291,C=C1c2cccc(O)c2C(=O)C2=C(O)[C@]3(O)C(=O)C(C(N)=O)=C(O)[C@@H](N(C)C)[C@@H]3[C@@H](O)[C@H]12
292,C=CC#N
293,C=CC(=C)C
294,C=CC(=C)CCC=C(C)C
295,C=CC(=C)CCCC(C)(C)OC(C)=O
296,C=CC(=O)CC
297,C=CC(=O)CCCCC
298,C=CC(=O)N1CCOCC1
299,C=CC(=O)NC(C)(C)C
300,C=CC(=O)NC(C)(C)CC(C)=O
301,C=CC(=O)NC(C)C
302,C=CC(=O)NCNC(=O)C=C
303,C=CC(=O)NCOCC(C)C
304,C=CC(=O)NCOCCCC
305,C=CC(=O)Nc1cc2c(Nc3ccc(F)c(Cl)c3)ncnc2cc1OCCCN1CCOCC1
306,C=CC(=O)O
307,C=CC(=O)OC
308,C=CC(=O)OC(C)(C)C
309,C=CC(=O)OCC
310,C=CC(=O)OCC(C)C
311,C=CC(=O)OCC(C)O
312,C=CC(=O)OCC(C)OCC(C)OCC(C)OC(=O)C=C
313,C=CC(=O)OCC(CC)(COC(=O)C=C)COC(=O)C=C
314,C=CC(=O)OCC(CC)CCCC
315,C=CC(=O)OCC(COC(=O)C=C)(COC(=O)C=C)COC(=O)C=C
316,C=CC(=O)OCC(O)COc1ccccc1
317,C=CC(=O)OCC1CC2CC1C1CCC(COC(=O)C=C)C21
318,C=CC(=O)OCC1CCCO1
319,C=CC(=O)OCCC#N
320,C=CC(=O)OCCC(=O)O
321,C=CC(=O)OCCCC
322,C=CC(=O)OCCCCCC
323,C=CC(=O)OCCCCCC(C)C
324,C=CC(=O)OCCCCCCCC
325,C=CC(=O)OCCCCCCCC(C)C
326,C=CC(=O)OCCCCCCCCCC
327,C=CC(=O)OCCCCCCOC(=O)C=C
328,C=CC(=O)OCCCCO
329,C=CC(=O)OCCCCOC(=O)C=C
330,C=CC(=O)OCCCl
331,C=CC(=O)OCCN(C)C
332,C=CC(=O)OCCO
333,C=CC(=O)OCCOC(=O)C=C
334,C=CC(=O)OCCOCC(CC)(COCCOC(=O)C=C)COCCOC(=O)C=C
335,C=CC(=O)OCCOCCOC(=O)C=C
336,C=CC(=O)OCCOCCOCC
337,C=CC(=O)OCCOCCOCCOCCOC(=O)C=C
338,C=CC(=O)OCCOc1ccccc1
339,C=CC(=O)OCC[N+](C)(C)C
340,C=CC(=O)OCCn1c(=O)n(CCOC(=O)C=C)c(=O)n(CCOC(=O)C=C)c1=O
341,C=CC(=O)[O][Sn]([CH2]CCC)([CH2]CCC)[CH2]CCC
342,C=CC(C)(C)C
343,C=CC(C)(C)CC(=O)OC
344,C=CC(C)(CCC=C(C)C)OC(=O)C(C)C
345,C=CC(C)(CCC=C(C)C)OC(=O)C=Cc1ccccc1
346,C=CC(C)(CCC=C(C)C)OC(=O)CC
347,C=CC(C)(CCC=C(C)C)OC(=O)CC(C)C
348,C=CC(C)(CCC=C(C)C)OC(=O)c1ccccc1
349,C=CC(C)(CCC=C(C)C)OC(=O)c1ccccc1N
350,C=CC(C)(CCC=C(C)C)OC(C)=O
351,C=CC(C)(CCC=C(C)C)OC=O
352,C=CC(C)(O)CC/C=C(/C)CCC=C(C)C
353,C=CC(C)(O)CC/C=C(\C)CC
354,C=CC(C)(O)CC/C=C(\C)CCC=C(C)C
355,C=CC(C)(O)CCC=C(C)C
356,C=CC(C)(O)CCC=C(C)CCC=C(C)C
357,C=CC(C)(O)CCCC(C)CCCC(C)CCCC(C)C
358,C=CC(C)=CCC=C(C)C
359,C=CC(C)=O
360,C=CC(C)CCC=C(C)C
361,C=CC(C)CCCC(C)(C)O
362,C=CC(Cl)CCl
363,C=CC(N)=O
364,C=CC(N)CCC(=O)O
365,C=CC(O)CCCCC
366,C=CC(OCC)OCC
367,C=CC/C=C/C
368,C=CC1(C)CC(OC(=O)CO)C2(C)C(C)CCC3(CCC(=O)C32)C(C)C1O
369,C=CC1(C)OC(=O)N(c2cc(Cl)cc(Cl)c2)C1=O
370,C=CC1=C(C(=O)O)N2C(=O)[C@@H](NC(=O)/C(=N/O)c3csc(N)n3)[C@H]2SC1
371,C=CC1=C(C(=O)O)N2C(=O)[C@@H](NC(=O)/C(=N/OCC(=O)O)c3csc(N)n3)[C@H]2SC1
372,C=CC1=C(C)c2cc3[nH]c(cc4nc(cc5[nH]c(cc1n2)c(C)c5CCC(=O)O)C(CCC(=O)O)=C4C)c(C)c3C=C
373,C=CC1CC2C=CC1C2
374,C=CC1CC=CCC1
375,C=CC1CO1
376,C=CC=O
377,C=CCBr
378,C=CCC1(C(C)CC)C(=O)NC(=O)NC1=O
379,C=CCC1(C(C)CCC)C(=O)N=C(S)NC1=O
380,C=CCC1([C@@H](C)CCC)C(=O)NC(=O)NC1=O
381,C=CCC1([C@H](C)CCC)C(=O)NC(=O)NC1=O
382,C=CCC1=C(C)C(OC(=O)C2C(C=C(C)C)C2(C)C)CC1=O
383,C=CCC1=C(C)[C@@H](OC(=O)[C@@H]2[C@@H](C=C(C)C)C2(C)C)CC1=O
384,C=CCCC
385,C=CCCC#N
386,C=CCCC(=O)/C=C/C1C(C)=CCCC1(C)C
387,C=CCCC(=O)O
388,C=CCCC=C
389,C=CCCCC
390,C=CCCCCCC
391,C=CCCCCCCC=C
392,C=CCCCCCCCC
393,C=CCCCCCCCCC(=O)O
394,C=CCCCCCCCCC(=O)OC
395,C=CCCCCCCCCC(=O)OCC
396,C=CCCCCCCCCC(=O)OCCCC
397,C=CCCCCCCCCC=O
398,C=CCCCCCCCCCC
399,C=CCCCCCCCCCCC
400,C=CCCCCCCCCCCCC
401,C=CCCCCCCCCCCCCCC
402,C=CCCCCCCCCCCCCCCCC
403,C=CCCCCCCCCO
404,C=CCCCCCCCCOC(C)=O
405,C=CCCl
406,C=CCN(C1=NCCN1)c1c(Cl)cccc1Cl
407,C=CCN(CC=C)C(=O)C(Cl)Cl
408,C=CCN(CC=C)CC=C
409,C=CCN1C(=O)C(CC(C)C)NC1=S
410,C=CCN1CCCC1CNC(=O)c1cc(S(N)(=O)=O)cc(OC)c1OC
411,C=CCN1CC[C@]23CCCC[C@H]2[C@H]1Cc1ccc(O)cc13
412,C=CCN1CC[C@]23c4c5ccc(O)c4O[C@H]2C(=O)CC[C@@]3(O)[C@H]1C5
413,C=CCN1CC[C@]23c4c5ccc(O)c4O[C@H]2[C@@H](O)C=C[C@H]3[C@H]1C5
414,C=CCN1CCc2nc(N)sc2CC1
415,C=CCN1C[C@H](C(=O)N(CCCN(C)C)C(=O)NCC)C[C@@H]2c3cccc4[nH]cc(c34)C[C@H]21
416,C=CCN1C[C@H](C)N([C@H](c2ccc(C(=O)N(CC)CC)cc2)c2cccc(OC)c2)C[C@H]1C
417,C=CCN=C=S
418,C=CCNC(N)=S
419,C=CCNC1=C2C[C@@H](C)C[C@H](OC)[C@H](O)[C@@H](C)C=C(C)[C@H](OC(N)=O)[C@@H](OC)C=CC=C(C)C(=O)NC(=CC1=O)C2=O
420,C=CCNCC=C
421,C=CCNc1nc(NCC=C)nc(N2CCN(C(c3ccc(F)cc3)c3ccc(F)cc3)CC2)n1
422,C=CCO
423,C=CCOC(=O)/C=C\C(=O)OCC=C
424,C=CCOC(=O)C(=C)C
425,C=CCOC(=O)C(C)(C)OC(=O)c1cc(-n2c(=O)cc(C(F)(F)F)n(C)c2=O)ccc1Cl
426,C=CCOC(=O)CC(C)C
427,C=CCOC(=O)CCC1CCCCC1
428,C=CCOC(=O)CCCCCC
429,C=CCOC(=O)CCCCCCCC
430,C=CCOC(=O)COCCC(C)C
431,C=CCOC(=O)c1ccc(C(=O)OCC=C)c(C(=O)OCC=C)c1
432,C=CCOC(=O)c1ccccc1C(=O)OCC=C
433,C=CCOC(=O)c1ccccc1N
434,C=CCOC(C)=O
435,C=CCOC(Cn1ccnc1)c1ccc(Cl)cc1Cl
436,C=CCOCC(CC)(CO)COCC=C
437,C=CCOCC(CO)(COCC=C)COCC=C
438,C=CCOCC(O)CCl
439,C=CCOCC(O)CO
440,C=CCOCC(O)CS(=O)(=O)O
441,C=CCOCC1CO1
442,C=CCON/C(CCC)=C1\C(=O)CC(C)(C)C(C(=O)OC)=C1O
443,C=CCOc1c(Br)cc(Br)cc1Br
444,C=CCOc1c(Br)cc(C(C)(C)c2cc(Br)c(OCC=C)c(Br)c2)cc1Br
445,C=CCOc1cc(Cl)ccc1C(=O)NCCN(CC)CC
446,C=CCOc1ccc(CC(=O)O)cc1Cl
447,C=CCOc1ccccc1OCC(O)CNC(C)C
448,C=CCOc1nc(OCC=C)nc(OCC=C)n1
449,C=CCS(=O)(=O)O
450,C=CCSCC1Nc2cc(Cl)c(S(N)(=O)=O)cc2S(=O)(=O)N1
451,C=CCSSCC=C
452,C=CCSSCCC
453,C=CC[C@@H]1C=C(C)C[C@H](C)C[C@H](OC)[C@H]2O[C@@](O)(C(=O)C(=O)N3CCCC[C@H]3C(=O)O[C@H](/C(C)=C/[C@@H]3CC[C@@H](O)[C@H](OC)C3)[C@H](C)[C@@H](O)CC1=O)[C@H](C)C[C@@H]2OC
454,C=CC[C@]1(O)CC[C@H]2[C@@H]3CCC4=CC(=O)CCC4=C3C=C[C@@]21C
455,C=CC[C@]1(O)CC[C@H]2[C@@H]3CCC4=CCCC[C@@H]4[C@H]3CC[C@@]21C
456,C=CC[N+](C)(C)CC=C
457,C=CC[N+]1([C@H]2C[C@H]3[C@@H]4CC[C@H]5C[C@H](OC(C)=O)[C@@H](N6CCCCC6)C[C@]5(C)[C@H]4CC[C@]3(C)[C@H]2OC(=O)CC)CCCCC1
458,C=CC[N@@+]12CC[C@@]34c5ccccc5N5C=C6[C@H]7C[C@H]8[C@@]9(CC[N@@+]8(CC=C)C/C7=C/CO)c7ccccc7N(C=C([C@@H](C[C@@H]31)/C(=C\CO)C2)[C@H]54)[C@@H]69
459,C=CCc1cc(OC)c(O)c(C(=O)NCCO)c1
460,C=CCc1cc(OC)c2c(c1)OCO2
461,C=CCc1cc(S(=O)(=O)c2ccc(O)c(CC=C)c2)ccc1O
462,C=CCc1ccc(O)c(OC)c1
463,C=CCc1ccc(OC(=O)Cc2ccccc2)c(OC)c1
464,C=CCc1ccc(OC)c(OC)c1
465,C=CCc1ccc(OC)cc1
466,C=CCc1ccc2c(c1)OCO2
467,C=CCc1ccccc1O
468,C=CCc1ccccc1OCC(O)CNC(C)C
469,C=CCn1c(=O)n(CC=C)c(=O)n(CC=C)c1=O
470,C=CCn1c(=O)n([C@@H]2O[C@H](CO)[C@@H](O)[C@H]2O)c2nc(N)[nH]c(=O)c21
471,C=CCn1cc[n+](C)c1
472,C=CN1CCCC1=O
473,C=CN1CCCCCC1=O
474,C=COC(=O)C(C)(CC)CCC(C)C
475,C=COC(C)=O
476,C=COCC(C)C
477,C=COCC1CCC(CO)CC1
478,C=COCC1CCC(COC=C)CC1
479,C=COCCCCO
480,C=COCCOCCOC=C
481,C=COCCOCCOCCOC=C
482,C=CS(=O)(=O)O
483,C=C[C@@H](C)CCC=C(C)C
484,C=C[C@@]1(C)CC(=O)[C@]2(O)[C@@]3(C)[C@@H](O)CCC(C)(C)[C@@H]3[C@H](O)[C@H](OC(C)=O)[C@@]2(C)O1
485,C=C[C@H]1CN2CCC1C[C@@H]2[C@@H](O)c1ccnc2ccc(OC)cc12
486,C=C[C@H]1CN2CCC1C[C@@H]2[C@@H](O)c1ccnc2ccccc12
487,C=C[C@H]1CN2CCC1C[C@H]2[C@H](O)c1ccnc2ccc(OC)cc12
488,C=C[C@H]1CN2CC[C@H]1C[C@H]2[C@H](O)c1ccnc2ccc(OC)cc12
489,C=C[C@H]1CN2CC[C@H]1C[C@H]2[C@H](OC(=O)OCC)c1ccnc2ccc(OC)cc12
490,C=C[C@](C)(O)CC[C@@H]1[C@@]2(C)CCCC(C)(C)[C@@H]2CC[C@@]1(C)O
491,C=C[C@]1(C)C[C@@H](OC(=O)CSC(C)(C)CNC(=O)[C@H](N)C(C)C)[C@]2(C)[C@H](C)CC[C@]3(CCC(=O)[C@H]32)[C@@H](C)[C@@H]1O
492,C=C[C@]1(C)C[C@@H](OC(=O)CSCCN(CC)CC)[C@]2(C)C(C)CC[C@]3(CCC(=O)[C@H]32)[C@@H](C)[C@@H]1O
493,C=C[Si](C)(C)O[Si](C)(C)C=C
494,C=C[Si](OC(=C)C)(OC(=C)C)OC(=C)C
495,C=C[Si](OC(C)=O)(OC(C)=O)OC(C)=O
496,C=C[Si](OC)(OC)OC
497,C=C[Si](OCC)(OCC)OCC
498,C=C[Si](OCCOC)(OCCOC)OCCOC
499,C=C[Si]1(C)O[Si](C)(C=C)O[Si](C)(C=C)O[Si](C)(C=C)O1
500,C=Cc1c(C)c2cc3nc(c(CC(=O)O)c4[nH]c(cc5nc(cc1[nH]2)C(C)=C5CC)c(C)c4C(=O)O)C(CCC(=O)O)C3C
501,C=Cc1ccc(C(C)(C)C)cc1
502,C=Cc1ccc(C)cc1
503,C=Cc1ccc(C=C)cc1
504,C=Cc1ccc(OC(C)=O)cc1
505,C=Cc1ccc(S(=O)(=O)O)cc1
506,C=Cc1cccc(C)c1
507,C=Cc1cccc(CCl)c1
508,C=Cc1ccccc1
509,C=Cc1ccccc1C=C
510,C=O
511,CC#CCC(C)[C@H](O)/C=C/C1[C@H](O)C[C@@H]2C/C(=C\CCCC(=O)O)C[C@H]12
512,CC#CCC(C)[C@H](O)/C=C/[C@@H]1[C@H]2c3cccc(CCCC(=O)O)c3O[C@H]2C[C@H]1O
513,CC#C[C@]1(O)CC[C@H]2[C@@H]3CCC4=CC(=O)CCC4=C3[C@@H](c3ccc(N(C)C)cc3)C[C@@]21C
514,CC#C[C@]1(O)CC[C@H]2[C@@H]3C[C@H](C)C4=CC(=O)CC[C@]4(C)[C@H]3CC[C@@]21C
515,CC#Cc1cc(C)nc(Nc2ccccc2)n1
516,CC#N
517,CC(/C=C/C=C(\C)C(=O)O[C@@H]1O[C@H](CO[C@@H]2O[C@H](CO)[C@@H](O)[C@H](O)[C@H]2O)[C@@H](O)[C@H](O)[C@H]1O)=C\C=C\C=C(C)\C=C\C=C(/C)C(=O)O[C@@H]1O[C@H](CO[C@@H]2O[C@H](CO)[C@@H](O)[C@H](O)[C@H]2O)[C@@H](O)[C@H](O)[C@H]1O
518,CC(=C(CCO)SSC(CCO)=C(C)N(C=O)Cc1cnc(C)nc1N)N(C=O)Cc1cnc(C)nc1N
519,CC(=C(CCOP(=O)(O)O)SC(=O)c1ccccc1)N(C=O)Cc1cnc(C)nc1N
520,CC(=C\c1ccccc1)/C=C1/SC(=S)N(CC(=O)O)C1=O
521,CC(=NC#N)N(C)Cc1ccc(Cl)nc1
522,CC(=N\O)/C(C)=N/O
523,CC(=O)/C(C)=C/C1C(C)=CCCC1(C)C
524,CC(=O)/C=C/C1=C(C)CCCC1(C)C
525,CC(=O)/C=C/C1C(C)=CCC(C)C1(C)C
526,CC(=O)/C=C/C1C(C)=CCCC1(C)C
527,CC(=O)/C=C/C=C1/C2CCC(C2)C1(C)C
528,CC(=O)/C=C/c1ccccc1
529,CC(=O)C(=O)CC(C)C
530,CC(=O)C(C)(C)C
531,CC(=O)C(C)=O
532,CC(=O)C(C)C
533,CC(=O)C(C)O
534,CC(=O)C(Cl)(Cl)Cl
535,CC(=O)C(Cl)C(=O)N(C)C
536,CC(=O)C(Cl)Cl
537,CC(=O)C1(C)CC2=C(CCCC2(C)C)CC1C
538,CC(=O)C1=C(C)[C@@H]2C[C@@]3(C1)[C@H](C)CC[C@H]3C2(C)C
539,CC(=O)C1C(=O)C=C(C)OC1=O
540,CC(=O)C1CCCCC1=O
541,CC(=O)C1CCOC1=O
542,CC(=O)C=C(C)C
543,CC(=O)C=CC1=C(C)CCCC1(C)C
544,CC(=O)C=Cc1ccc2c(c1)OCO2
545,CC(=O)C=Cc1ccccc1
546,CC(=O)C=Cc1ccco1
547,CC(=O)CC(=O)N(C)C
548,CC(=O)CC(=O)Nc1ccc(C)cc1C
549,CC(=O)CC(=O)Nc1ccc(S(=O)(=O)O)cc1
550,CC(=O)CC(=O)Nc1ccc2[nH]c(=O)[nH]c2c1
551,CC(=O)CC(=O)Nc1ccccc1
552,CC(=O)CC(=O)Nc1ccccc1C
553,CC(=O)CC(=O)OC(C)(C)C
554,CC(=O)CC(=O)c1ccccc1
555,CC(=O)CC(C)(C)C1CCCCC1
556,CC(=O)CC(C)(C)O
557,CC(=O)CC(C)=O
558,CC(=O)CC(C)C
559,CC(=O)CC(c1ccc([N+](=O)[O-])cc1)c1c(O)c2ccccc2oc1=O
560,CC(=O)CCC(C)=O
561,CC(=O)CCC(C)C
562,CC(=O)CCC1=C(C)CCCC1(C)C
563,CC(=O)CCC=C(C)C
564,CC(=O)CCC=C(C)CC/C=C(\C)CC/C=C(\C)CCC=C(C)C
565,CC(=O)CCC=C(C)CCC=C(C)C
566,CC(=O)CCCCn1c(=O)c2c(ncn2C)n(C)c1=O
567,CC(=O)CCc1ccc(O)cc1
568,CC(=O)CCc1ccc(OC(C)=O)cc1
569,CC(=O)CCc1ccc2c(c1)OCO2
570,CC(=O)CCc1ccccc1
571,CC(=O)CCl
572,CC(=O)CN(CC(C)=O)N=O
573,CC(=O)N(C)C
574,CC(=O)N(CC(=O)N(C)C)c1ccccc1
575,CC(=O)N(CC(C)C(=O)O)c1c(I)cc(I)c(N)c1I
576,CC(=O)N(CC(O)CN(C(C)=O)c1c(I)c(C(=O)NCC(O)CO)c(I)c(C(=O)NCC(O)CO)c1I)c1c(I)c(C(=O)NCC(O)CO)c(I)c(C(=O)NCC(O)CO)c1I
577,CC(=O)N(CC(O)CO)c1c(I)c(C(=O)NCC(O)CO)c(I)c(C(=O)NCC(O)CO)c1I
578,CC(=O)N(CC(O)CO)c1c(I)c(C(=O)NCCO)c(I)c(C(=O)NCC(O)CO)c1I
579,CC(=O)N(O)CCCCCNC(=O)CCC(=O)N(O)CCCCCNC(=O)CCC(=O)N(O)CCCCCN
580,CC(=O)N(c1onc(C)c1C)S(=O)(=O)c1ccc(N)cc1
581,CC(=O)N/N=C/c1ccc([N+](=O)[O-])o1
582,CC(=O)N1CCN(c2ccc(O)cc2)CC1
583,CC(=O)N1CCN(c2ccc(OC[C@H]3CO[C@](Cn4ccnc4)(c4ccc(Cl)cc4Cl)O3)cc2)CC1
584,CC(=O)N1C[C@H](O)C[C@H]1C(=O)O
585,CC(=O)N=c1sc(S(N)(=O)=O)nn1C
586,CC(=O)NC(=O)c1ccccc1O
587,CC(=O)NC(CCC(N)=O)C(=O)O
588,CC(=O)NC(Cc1ccccc1)C(=O)O
589,CC(=O)NC1(c2cccc(F)c2)CCN(CC[C@@]2(c3ccc(Cl)c(Cl)c3)CN(c3ccccc3)C(=O)CO2)CC1
590,CC(=O)NC1CCSC1=O
591,CC(=O)NCCCCCC(=O)O
592,CC(=O)NCCCS(=O)(=O)O
593,CC(=O)NCCO
594,CC(=O)NC[C@H]1CN(c2ccc(N3CCOCC3)c(F)c2)C(=O)O1
595,CC(=O)NCc1c(I)c(NC(C)=O)c(I)c(C(=O)O)c1I
596,CC(=O)NNC(C)=O
597,CC(=O)NNc1ccccc1
598,CC(=O)NO
599,CC(=O)NS(=O)(=O)c1ccc(N)cc1
600,CC(=O)N[C@@H](C=O)[C@H](O)[C@H](O)[C@@H](O)CO
601,CC(=O)N[C@@H](CC(=O)N[C@@H](CCC(=O)O)C(=O)O)C(=O)O
602,CC(=O)N[C@@H](CC(C)C)C(=O)O
603,CC(=O)N[C@@H](CCC(=O)O)C(=O)O
604,CC(=O)N[C@@H](CO)C(=O)N[C@@H](CC(=O)O)C(=O)N[C@@H](CCCCN)C(=O)N1CCC[C@H]1C(=O)O
605,CC(=O)N[C@@H](CS)C(=O)O
606,CC(=O)N[C@@H](Cc1ccc(O)cc1)C(=O)O
607,CC(=O)N[C@@H]([C@@H](O)[C@H](O)[C@H](O)CO)[C@@H](O)CC(=O)C(=O)O
608,CC(=O)N[C@@H]1C(O[C@H]2O[C@H](C(=O)O)C(O)[C@H](O)[C@H]2O)[C@H](O)[C@@H](CO)O[C@H]1O[C@@H]1C(C(=O)O)O[C@@H](O[C@H]2[C@H](O)[C@@H](CO)OC(O)[C@@H]2NC(C)=O)[C@H](O)[C@H]1O
609,CC(=O)N[C@H]1C(O)O[C@H](CO)[C@@H](O)[C@@H]1O
610,CC(=O)N[C@H]1[C@@H](OC2C(C(=O)O)O[C@@H](OC3[C@H]4CO[C@H](O4)[C@H](NS(=O)(=O)O)[C@H]3O)[C@H](O)[C@H]2O)O[C@H](CO)[C@@H](O[C@@H]2CC(C(=O)O)[C@@H](O[C@H]3O[C@H](COS(=O)(=O)O)[C@@H](O[C@@H]4OC(C(=O)O)=C[C@H](O)[C@H]4O)[C@H](O)[C@H]3NC(C)=O)[C@H](O)[C@H]2O)[C@@H]1C
611,CC(=O)N[C@H]1[C@H]([C@H](O)[C@H](O)CO)OC(C(=O)O)=C[C@@H]1NC(=N)N
612,CC(=O)Nc1c(I)c(C(=O)N[C@H]2C(O)O[C@H](CO)[C@@H](O)[C@@H]2O)c(I)c(N(C)C(C)=O)c1I
613,CC(=O)Nc1c(I)c(C(=O)O)c(I)c(N(C)C(C)=O)c1I
614,CC(=O)Nc1c(I)cc(I)c(C(=O)O)c1I
615,CC(=O)Nc1cc(S(=O)(=O)O)cc2cc(S(=O)(=O)O)c(N=Nc3ccccc3)c(O)c12
616,CC(=O)Nc1cc([As](=O)(O)O)ccc1O
617,CC(=O)Nc1ccc(/C=N/NC(N)=S)cc1
618,CC(=O)Nc1ccc(C(=O)CCl)cc1
619,CC(=O)Nc1ccc(C(=O)O)cc1
620,CC(=O)Nc1ccc(C)c(Cl)c1
621,CC(=O)Nc1ccc(C)cc1
622,CC(=O)Nc1ccc(C)cc1C
623,CC(=O)Nc1ccc(CC(=O)O)cc1
624,CC(=O)Nc1ccc(N)cc1
625,CC(=O)Nc1ccc(O)cc1
626,CC(=O)Nc1ccc(OC(=O)c2ccccc2O)cc1
627,CC(=O)Nc1ccc(OC(=O)c2ccccc2OC(C)=O)cc1
628,CC(=O)Nc1ccc(OC(C)=O)cc1
629,CC(=O)Nc1ccc(OCC(O)CNC(C)C)cc1
630,CC(=O)Nc1ccc(OCCOCCOc2ccc(NC(C)=O)cc2)cc1
631,CC(=O)Nc1ccc(S(=O)(=O)Cl)cc1
632,CC(=O)Nc1ccc(S(=O)(=O)Nc2cc(C)on2)cc1
633,CC(=O)Nc1ccc(S(=O)(=O)Nc2ccc([N+](=O)[O-])cc2)cc1
634,CC(=O)Nc1ccc(S(N)(=O)=O)cc1
635,CC(=O)Nc1ccc2c(c1)Cc1cc(NC(C)=O)ccc1-2
636,CC(=O)Nc1ccc2c(c1)Cc1ccccc1-2
637,CC(=O)Nc1cccc(C)c1
638,CC(=O)Nc1cccc(N)c1
639,CC(=O)Nc1cccc(O)c1
640,CC(=O)Nc1ccccc1
641,CC(=O)Nc1ccccc1C
642,CC(=O)Nc1ccccc1O
643,CC(=O)Nc1ncc([N+](=O)[O-])s1
644,CC(=O)Nc1nnc(S(N)(=O)=O)s1
645,CC(=O)OC(C(=O)c1ccccc1)c1ccccc1
646,CC(=O)OC(C)(C)C
647,CC(=O)OC(C)(C)C1CC=C(C)CC1
648,CC(=O)OC(C)(C)Cc1ccccc1
649,CC(=O)OC(C)=O
650,CC(=O)OC(C)C
651,CC(=O)OC(C)C(=O)OCC[N+](C)(C)C
652,CC(=O)OC(C)C[N+](C)(C)C
653,CC(=O)OC(C)OC(=O)C(C)c1ccc(-c2ccccc2)c(F)c1
654,CC(=O)OC(C)OC(C)=O
655,CC(=O)OC(C)c1ccccc1
656,CC(=O)OC(OC(C)=O)c1ccc([N+](=O)[O-])o1
657,CC(=O)OC(c1ccccc1)C(Cl)(Cl)Cl
658,CC(=O)OC/C=C(/C)CCC=C(C)C
659,CC(=O)OC/C=C(C)/C=C/C=C(C)/C=C/C1=C(C)CCCC1(C)C
660,CC(=O)OC/C=C(\C)CC/C=C(\C)CCC=C(C)C
661,CC(=O)OC/C=C(\C)CCC=C(C)C
662,CC(=O)OC1(c2ccccc2)CCN(CCc2ccccc2)CC1
663,CC(=O)OC1C2(C)CCC(C2)C1(C)C
664,CC(=O)OC1CC(C)OC(C)O1
665,CC(=O)OC1CCC(C(C)(C)C)CC1
666,CC(=O)OC1CCCCC1C(C)(C)C
667,CC(=O)OC1CN2CCC1CC2
668,CC(=O)OCC(=O)NCCCOc1cccc(CN2CCCCC2)c1
669,CC(=O)OCC(=O)Nc1cc(C#N)cc(NC(=O)COC(C)=O)c1Cl
670,CC(=O)OCC(=O)[C@@]1(O)CCC2C3CCC4=CC(=O)CC[C@]4(C)C3[C@@H](O)C[C@@]21C
671,CC(=O)OCC(=O)[C@@]1(O)CC[C@H]2[C@@H]3CCC4=CC(=O)C=C[C@]4(C)[C@@]3(F)[C@@H](O)C[C@@]21C
672,CC(=O)OCC(=O)[C@@]1(O)CC[C@H]2[C@@H]3CCC4=CC(=O)C=C[C@]4(C)[C@H]3[C@@H](O)C[C@@]21C
673,CC(=O)OCC(=O)[C@@]1(O)CC[C@H]2[C@@H]3CCC4=CC(=O)CC[C@]4(C)C3=CC[C@@]21C
674,CC(=O)OCC(=O)[C@@]1(O)CC[C@H]2[C@@H]3CCC4=CC(=O)CC[C@]4(C)[C@H]3C(=O)C[C@@]21C
675,CC(=O)OCC(=O)[C@@]1(O)CC[C@H]2[C@@H]3C[C@H](C)C4=CC(=O)C=C[C@]4(C)[C@H]3[C@@H](O)C[C@@]21C
676,CC(=O)OCC(=O)[C@@]1(O)[C@H](C)C[C@H]2[C@@H]3CCC4=CC(=O)C=C[C@]4(C)[C@@]3(F)[C@@H](O)C[C@@]21C
677,CC(=O)OCC(=O)[C@@]1(O)[C@H](C)C[C@H]2[C@@H]3C[C@H](F)C4=CC(=O)C=C[C@]4(C)[C@H]3[C@@H](O)C[C@@]21C
678,CC(=O)OCC(=O)[C@@]1(O)[C@H](OC(C)=O)C[C@H]2[C@@H]3CCC4=CC(=O)C=C[C@]4(C)[C@@]3(F)[C@@H](O)C[C@@]21C
679,CC(=O)OCC(=O)[C@@]1(OC(C)=O)[C@@H](C)C[C@H]2[C@@H]3C[C@H](F)C4=CC(=O)C=C[C@]4(C)[C@@]3(F)[C@@H](O)C[C@@]21C
680,CC(=O)OCC(=O)[C@@]12N=C(C)O[C@@H]1C[C@H]1[C@@H]3CCC4=CC(=O)C=C[C@]4(C)[C@H]3[C@@H](O)C[C@@]12C
681,CC(=O)OCC(=O)[C@@]12OC(C)(C)O[C@@H]1C[C@H]1[C@@H]3C[C@H](F)C4=CC(=O)C=C[C@]4(C)[C@@]3(F)[C@@H](O)C[C@@]12C
682,CC(=O)OCC(=O)[C@@]12OC3(CCCC3)O[C@@H]1C[C@H]1[C@@H]3CCC4=CC(=O)C=C[C@]4(C)[C@@]3(F)[C@@H](O)C[C@@]12C
683,CC(=O)OCC(=O)[C@H]1CC[C@H]2[C@@H]3CCC4=CC(=O)CC[C@]4(C)[C@H]3CC[C@]12C
684,CC(=O)OCC(=O)[C@H]1CC[C@H]2[C@@H]3CC[C@H]4C[C@H](O)CC[C@]4(C)[C@H]3C(=O)C[C@]12C
685,CC(=O)OCC(C)C
686,CC(=O)OCC(C)OC(C)=O
687,CC(=O)OCC(CCn1cnc2cnc(N)nc21)COC(C)=O
688,CC(=O)OCC(COC(C)=O)OC(C)=O
689,CC(=O)OCC1=C(C(=O)O)N2C(=O)[C@@H](N)[C@H]2SC1
690,CC(=O)OCC1=C(C(=O)O)N2C(=O)[C@@H](NC(=O)CSc3ccncc3)[C@H]2SC1
691,CC(=O)OCC1=C(C(=O)O)N2C(=O)[C@@H](NC(=O)Cc3ccccc3)[C@H]2SC1
692,CC(=O)OCC1=C(C(=O)O)N2C(=O)[C@@H](NC(=O)Cc3cccs3)[C@H]2SC1
693,CC(=O)OCC=C(C)C
694,CC(=O)OCC=Cc1ccccc1
695,CC(=O)OCCC(C)C
696,CC(=O)OCCC(C)CC(C)(C)C
697,CC(=O)OCCC1CCCCC1
698,CC(=O)OCCCc1ccccc1
699,CC(=O)OCCN(CCOC(C)=O)c1ccc(/N=N/c2ccc([N+](=O)[O-])cc2C#N)cc1
700,CC(=O)OCCOC(C)=O
701,CC(=O)OCCOCCOCCOC(C)=O
702,CC(=O)OCC[N+](C)(C)C
703,CC(=O)OCCc1ccccc1
704,CC(=O)OC[C@H]1O[C@@H](OC(C)=O)[C@H](OC(C)=O)[C@@H]1OC(C)=O
705,CC(=O)OC[C@H]1O[C@@H](O[C@H]2[C@H](O)[C@@H](OC(=O)c3ccccc3C(=O)O)[C@H](O)O[C@@H]2COC(C)=O)[C@H](O)[C@@H](OC(=O)c2ccccc2C(=O)O)[C@@H]1O
706,CC(=O)OC[C@H]1O[C@@H](n2ncc(=O)[nH]c2=O)[C@H](OC(C)=O)[C@@H]1OC(C)=O
707,CC(=O)OC[C@H]1O[C@@](COC(C)=O)(O[C@H]2O[C@H](COC(C)=O)[C@@H](OC(C)=O)[C@H](OC(C)=O)[C@H]2OC(C)=O)[C@@H](OC(C)=O)[C@@H]1OC(C)=O
708,CC(=O)OCc1ccc2c(c1)OCO2
709,CC(=O)OCc1ccccc1
710,CC(=O)OCc1ccco1
711,CC(=O)O[C@@H]1C(=O)O[C@@H]2[C@H]1OC(=O)[C@@H]2OC(C)=O
712,CC(=O)O[C@@H]1CC2C3CCc4cc(OC(=O)c5ccccc5)ccc4C3CCC2(C)[C@H]1OC(C)=O
713,CC(=O)O[C@@H]1CC2CCC1(C)C2(C)C
714,CC(=O)O[C@@H]1C[C@H]2CC[C@]1(C)C2(C)C
715,CC(=O)O[C@@]12CO[C@@H]1C[C@H](O)[C@@]1(C)C(=O)[C@H](O)C3=C(C)[C@@H](OC(=O)[C@H](O)[C@@H](NC(=O)OC(C)(C)C)c4ccccc4)C[C@@](O)([C@@H](OC(=O)c4ccccc4)[C@H]21)C3(C)C
716,CC(=O)O[C@H](CC(=O)[O-])C[N+](C)(C)C
717,CC(=O)O[C@H]1C(=O)[C@@]2(C)[C@H]([C@H](OC(=O)c3ccccc3)[C@]3(O)C[C@H](OC(=O)[C@H](O)[C@@H](NC(=O)c4ccccc4)c4ccccc4)C(C)=C1C3(C)C)[C@]1(OC(C)=O)CO[C@@H]1C[C@@H]2O
718,CC(=O)O[C@H]1CC[C@@]2(C)C(=CC[C@@H]3[C@@H]2CC[C@]2(C)C(=O)CC[C@@H]32)C1
719,CC(=O)O[C@H]1CC[C@@]2(C)C(=CC[C@@H]3[C@@H]2CC[C@]2(C)C(C(C)=O)=CC[C@@H]32)C1
720,CC(=O)O[C@H]1CC[C@@]2(C)C(=CC[C@@H]3[C@@H]2CC[C@]2(C)C(c4cccnc4)=CC[C@@H]32)C1
721,CC(=O)O[C@H]1CC[C@@]2(C)C(=CC[C@H]3[C@@H]4CC[C@H](C(C)=O)[C@@]4(C)CC[C@@H]32)C1
722,CC(=O)O[C@H]1CC[C@H]2[C@@H]3CCC4=CC(=O)CCC4=C3C=C[C@]12C
723,CC(=O)O[C@H]1C[C@@H]2CC[C@@H]3[C@H](CC[C@@]4(C)[C@H]3C[C@H](N3CC[N+](C)(C)CC3)[C@@H]4OC(C)=O)[C@@]2(C)C[C@@H]1N1CC[N+](C)(C)CC1
724,CC(=O)O[C@H]1C[C@@H]2CC[C@@H]3[C@H](CC[C@@]4(C)[C@H]3C[C@H]([N+]3(C)CCCCC3)[C@@H]4OC(C)=O)[C@@]2(C)C[C@@H]1N1CCCCC1
725,CC(=O)O[C@H]1C[C@@H]2CC[C@@H]3[C@H](CC[C@@]4(C)[C@H]3C[C@H]([N+]3(C)CCCCC3)[C@@H]4OC(C)=O)[C@@]2(C)C[C@@H]1[N+]1(C)CCCCC1
726,CC(=O)O[C@H]1C[C@@]2(C)[C@@H](C[C@@H](O)[C@H]3[C@@]4(C)CC[C@@H](O)[C@@H](C)[C@@H]4CC[C@@]32C)/C1=C(\CCC=C(C)C)C(=O)O
727,CC(=O)O[C@H]1C[C@H](O[C@H]2[C@@H](O)C[C@H](O[C@H]3[C@@H](O)C[C@H](OC4CC[C@@]5(C)C(CC[C@@H]6[C@@H]5CC[C@]5(C)[C@@H](C7=CC(=O)OC7)[C@@H](O)C[C@]65O)C4)O[C@@H]3C)O[C@@H]2C)O[C@H](C)[C@H]1O[C@@H]1O[C@H](CO)[C@@H](O)[C@H](O)[C@H]1O
728,CC(=O)O[C@H]1C[C@H](O[C@H]2[C@@H](O)C[C@H](O[C@H]3[C@@H](O)C[C@H](OC4CC[C@@]5(C)[C@H](CC[C@@H]6[C@@H]5CC[C@]5(C)[C@@H](C7=CC(=O)OC7)CC[C@]65O)C4)O[C@@H]3C)O[C@@H]2C)O[C@H](C)[C@H]1O[C@@H]1O[C@H](CO)[C@@H](O)[C@H](O)[C@H]1O
729,CC(=O)O[C@H]1C[C@H](O[C@H]2[C@@H](O)C[C@H](O[C@H]3[C@@H](O)C[C@H](O[C@H]4CC[C@@]5(C)[C@H](CC[C@@H]6[C@@H]5C[C@@H](O)[C@]5(C)[C@@H](C7=CC(=O)OC7)CC[C@]65O)C4)O[C@@H]3C)O[C@@H]2C)O[C@H](C)[C@H]1O[C@@H]1O[C@H](CO)[C@@H](O)[C@H](O)[C@H]1O
730,CC(=O)O[C@]1(C(C)=O)CC[C@H]2[C@@H]3C=C(C)C4=CC(=O)CC[C@]4(C)[C@H]3CC[C@@]21C
731,CC(=O)O[C@]1(C(C)=O)CC[C@H]2[C@@H]3C=C(Cl)C4=CC(=O)CC[C@]4(C)[C@H]3CC[C@@]21C
732,CC(=O)O[C@]1(C(C)=O)CC[C@H]2[C@@H]3C=C(Cl)C4=CC(=O)[C@@H]5C[C@@H]5[C@]4(C)[C@H]3CC[C@@]21C
733,CC(=O)O[C@]1(C(C)=O)CC[C@H]2[C@@H]3CCC4=CC(=O)CC[C@]4(C)[C@@]3(F)[C@@H](O)C[C@@]21C
734,CC(=O)O[C@]1(C(C)=O)CC[C@H]2[C@@H]3C[C@H](C)C4=CC(=O)CC[C@]4(C)[C@H]3CC[C@@]21C
735,CC(=O)O[Si](C)(OC(C)=O)OC(C)=O
736,CC(=O)Oc1c(C)c(C)c2c(c1C)CC[C@@](C)(CCC[C@H](C)CCC[C@H](C)CCCC(C)C)O2
737,CC(=O)Oc1c(C)cc(OCC(O)CNC(C)C)c(C)c1C
738,CC(=O)Oc1cc(C(C)C)c(OCCN(C)C)cc1C
739,CC(=O)Oc1cc(C)c(OC(C)=O)c2ccccc12
740,CC(=O)Oc1cc2c(s1)CCN(C(C(=O)C1CC1)c1ccccc1F)C2
741,CC(=O)Oc1ccc(C(=C2CCCCC2)c2ccc(OC(C)=O)cc2)cc1
742,CC(=O)Oc1ccc(C(C)=O)cc1
743,CC(=O)Oc1ccc(C(c2ccc(OC(C)=O)cc2)c2ccccn2)cc1
744,CC(=O)Oc1ccc(C)cc1
745,CC(=O)Oc1ccc(C2(c3ccc(OC(C)=O)cc3)C(=O)Nc3ccccc32)cc1
746,CC(=O)Oc1ccc(C2(c3ccc(OC(C)=O)cc3)Oc3ccccc3NC2=O)cc1
747,CC(=O)Oc1ccc([N+](=O)[O-])cc1CCl
748,CC(=O)Oc1ccc2c(c1)CC[C@@H]1[C@@H]2CC[C@]2(C)[C@@H](O)CC[C@@H]12
749,CC(=O)Oc1ccc2c3c1O[C@H]1[C@@H](OC(C)=O)C=C[C@H]4[C@@H](C2)N(C)CC[C@@]341
750,CC(=O)Oc1cccc(C(=O)O)c1OC(C)=O
751,CC(=O)Oc1cccc(C)c1
752,CC(=O)Oc1cccc(O)c1
753,CC(=O)Oc1cccc2c1C(=O)c1c(OC(C)=O)cc(C(=O)O)cc1C2=O
754,CC(=O)Oc1ccccc1C(=O)Nc1ncc([N+](=O)[O-])s1
755,CC(=O)Oc1ccccc1C(=O)O
756,CC(=O)SCC(CC(=O)c1ccc(C)cc1)C(=O)O
757,CC(=O)SC[C@@H](C)C(=O)N1CCC[C@H]1C(=O)N[C@@H](Cc1ccccc1)C(=O)O
758,CC(=O)SC[C@@H](Cc1ccccc1)C(=O)NCC(=O)OCc1ccccc1
759,CC(=O)SCc1ccco1
760,CC(=O)S[C@@H]1CC2=CC(=O)CC[C@]2(C)[C@H]2CC[C@@]3(C)[C@@H](CC[C@@]34CCC(=O)O4)[C@H]12
761,CC(=O)S[C@H](C(=O)N[C@H]1Cc2ccccc2[C@H]2CCC[C@@H](C(=O)O)N2C1=O)C(C)C
762,CC(=O)[C@@]1(O)CC[C@H]2[C@@H]3C=C(Cl)C4=CC(=O)CC[C@]4(C)[C@H]3CC[C@@]21C
763,CC(=O)[C@@]1(O)CC[C@H]2[C@@H]3CCC4=CC(=O)CC[C@]4(C)C3(F)[C@@H](O)C[C@@]21C
764,CC(=O)[C@@]1(O)CC[C@H]2[C@@H]3CCC4=CC(=O)CC[C@]4(C)[C@H]3CC[C@@]21C
765,CC(=O)[C@@]1(O)CC[C@H]2[C@@H]3C[C@H](C)C4=CC(=O)C=C[C@]4(C)[C@@]3(F)[C@@H](O)C[C@@]21C
766,CC(=O)[C@@]1(O)CC[C@H]2[C@@H]3C[C@H](C)C4=CC(=O)CC[C@]4(C)[C@H]3CC[C@@]21C
767,CC(=O)[C@H]1CC[C@H]2[C@@H]3C=CC4=CC(=O)CC[C@@]4(C)[C@@H]3CC[C@]12C
768,CC(=O)[C@H]1CC[C@H]2[C@@H]3CC=C4C[C@@H](O)CC[C@]4(C)[C@H]3CC[C@]12C
769,CC(=O)[C@H]1CC[C@H]2[C@@H]3CCC4=CC(=O)CC[C@]4(C)[C@H]3CC[C@]12C
770,CC(=O)[C@H]1CC[C@H]2[C@@H]3CC[C@H]4C[C@H](O)CC[C@]4(C)[C@H]3C(=O)C[C@]12C
771,CC(=O)[C@H]1CC[C@H]2[C@@H]3CC[C@H]4C[C@H](O)CC[C@]4(C)[C@H]3CC[C@]12C
772,CC(=O)[C@H]1CC[C@H]2[C@@H]3CC[C@H]4C[C@](C)(O)CC[C@]4(C)[C@H]3CC[C@]12C
773,CC(=O)[C@H]1CC[C@H]2[C@@H]3C[C@H](C)C4=CC(=O)CC[C@]4(C)[C@H]3[C@@H](O)C[C@]12C
774,CC(=O)[C@H]1[C@H](C#N)C[C@H]2[C@@H]3CC=C4C[C@@H](O)CC[C@]4(C)[C@H]3CC[C@@]21C
775,CC(=O)[C@]1(O)Cc2c(O)c3c(c(O)c2[C@@H](O[C@H]2C[C@H](N)[C@H](O)[C@H](C)O2)C1)C(=O)c1c(O)cccc1C3=O
776,CC(=O)[C@]1(O)Cc2c(O)c3c(c(O)c2[C@@H](O[C@H]2C[C@H](N)[C@H](O)[C@H](C)O2)C1)C(=O)c1ccccc1C3=O
777,CC(=O)[O][Cr]([O]C(C)=O)[O]C(C)=O
778,CC(=O)[O][Hg][c]1ccccc1
779,CC(=O)c1c(C)c([N+](=O)[O-])c(C(C)(C)C)c([N+](=O)[O-])c1C
780,CC(=O)c1c(C)cc(C(C)(C)C)cc1C
781,CC(=O)c1cc(C(C)(C)C)cc2c1CCC2(C)C
782,CC(=O)c1cc(C)oc1C
783,CC(=O)c1cc2c(cc1C)C(C)(C)C(C)CC2(C)C
784,CC(=O)c1cc2ccccc2s1
785,CC(=O)c1ccc(C(C)=O)cc1
786,CC(=O)c1ccc(C)cc1
787,CC(=O)c1ccc(Cl)c(Cl)c1Cl
788,CC(=O)c1ccc(O)c(C(N)=O)c1
789,CC(=O)c1ccc(O)cc1
790,CC(=O)c1ccc(OCC(=O)N2CCCCC2)cc1
791,CC(=O)c1ccc(S(=O)(=O)NC(=O)NC2CCCCC2)cc1
792,CC(=O)c1ccc([N+](=O)[O-])cc1
793,CC(=O)c1ccc2c(c1)CCCC2
794,CC(=O)c1ccc2c(c1)Cc1ccccc1-2
795,CC(=O)c1ccc2c(c1)N(CCCN(C)C)c1ccccc1S2
796,CC(=O)c1ccc2c(c1)N(CCCN1CCC(CCO)CC1)c1ccccc1S2
797,CC(=O)c1ccc2c(c1)N(CCCN1CCN(CCO)CC1)c1ccccc1S2
798,CC(=O)c1ccc2c(c1)[C@H](NC(=O)c1ccc(F)cc1)[C@@H](O)C(C)(C)O2
799,CC(=O)c1ccc2ccc3ccccc3c2c1
800,CC(=O)c1ccc2ccccc2c1
801,CC(=O)c1ccc[nH]1
802,CC(=O)c1cccc([N+](=O)[O-])c1
803,CC(=O)c1ccccc1
804,CC(=O)c1ccccc1O
805,CC(=O)c1ccccc1[N+](=O)[O-]
806,CC(=O)c1ccccn1
807,CC(=O)c1cccnc1
808,CC(=O)c1cnccn1
809,CC(=O)c1nccs1
810,CC(=O)c1sc(C)nc1C
811,CC(Br)C(=O)O
812,CC(C#N)CCC#N
813,CC(C(=O)O)c1ccc(-c2ccccc2)c(F)c1
814,CC(C(=O)O)c1ccc(/C=C2\CCCCC2=O)cc1
815,CC(C(=O)O)c1ccc(C(=O)c2ccccc2)s1
816,CC(C(=O)O)c1ccc(C(=O)c2cccs2)cc1
817,CC(C(=O)O)c1ccc(C2CCCCC2)c2ccccc12
818,CC(C(=O)O)c1ccc(CC2CCCC2=O)cc1
819,CC(C(=O)O)c1ccc(N2Cc3ccccc3C2=O)cc1
820,CC(C(=O)O)c1ccc2c(c1)CC(=O)c1ccccc1S2
821,CC(C(=O)O)c1ccc2c(c1)Cc1cccnc1O2
822,CC(C(=O)O)c1ccc2c(c1)[nH]c1ccc(Cl)cc12
823,CC(C(=O)O)c1cccc(C(=O)c2ccccc2)c1
824,CC(C(=O)c1ccccc1)N(C)C
825,CC(C(O)c1ccc(O)cc1)N1CCC(Cc2ccccc2)CC1
826,CC(C(O)c1ccccc1)N(C)C/C=C/c1ccccc1
827,CC(C(O)c1ccccc1)N(C)CCOC(c1ccccc1)c1ccccc1
828,CC(C)(C#N)/N=N/C(C)(C)C#N
829,CC(C)(C#N)C(C)(C)C#N
830,CC(C)(C#N)Nc1nc(Cl)nc(NC2CC2)n1
831,CC(C)(C#N)c1cc(Cn2cncn2)cc(C(C)(C)C#N)c1
832,CC(C)(C(=O)O)c1ccc(C(O)CCCN2CCC(C(O)(c3ccccc3)c3ccccc3)CC2)cc1
833,CC(C)(C(=O)c1cccnc1)c1cccnc1
834,CC(C)(C)C(=O)/C=C/c1ccc(Cl)cc1
835,CC(C)(C)C(=O)C(=O)O
836,CC(C)(C)C(=O)C(Cl)Cl
837,CC(C)(C)C(=O)C(Oc1ccc(Cl)cc1)n1ccnc1
838,CC(C)(C)C(=O)C(Oc1ccc(Cl)cc1)n1cncn1
839,CC(C)(C)C(=O)C1C(=O)c2ccccc2C1=O
840,CC(C)(C)C(=O)CC(=O)C(C)(C)C
841,CC(C)(C)C(=O)CCc1ccc(Cl)cc1
842,CC(C)(C)C(=O)CCl
843,CC(C)(C)C(=O)Cl
844,CC(C)(C)C(=O)NCCCC(=O)O
845,CC(C)(C)C(=O)O
846,CC(C)(C)C(=O)OCC(=O)[C@H]1CC[C@H]2[C@@H]3CCC4=CC(=O)CC[C@]4(C)[C@H]3CC[C@]12C
847,CC(C)(C)C(=O)OCOC(=O)C1N2C(=O)CC2S(=O)(=O)C1(C)C
848,CC(C)(C)C(=O)OCOC(=O)[C@@H]1N2C(=O)[C@@H](N=CN3CCCCCC3)[C@H]2SC1(C)C
849,CC(C)(C)C(=O)OCOC(=O)[C@@H]1N2C(=O)[C@@H](NC(=O)[C@H](N)c3ccccc3)[C@H]2SC1(C)C
850,CC(C)(C)C(=O)OCOP(=O)(COCCn1cnc2c(N)ncnc21)OCOC(=O)C(C)(C)C
851,CC(C)(C)C(=O)Oc1ccc(S(=O)(=O)Nc2ccccc2C(=O)NCC(=O)O)cc1
852,CC(C)(C)C(=O)c1ccccc1
853,CC(C)(C)C(O)(CCc1ccc(Cl)cc1)Cn1cncn1
854,CC(C)(C)C(O)/C(=C\c1ccc(Cl)cc1Cl)n1cncn1
855,CC(C)(C)C(O)C(Cc1ccc(Cl)cc1)n1cncn1
856,CC(C)(C)C(O)C(Oc1ccc(Cl)cc1)n1cncn1
857,CC(C)(C)C1(CCc2ccc(Cl)cc2)CO1
858,CC(C)(C)C1=CC(=O)C=C(C(C)(C)C)C1=O
859,CC(C)(C)C1CCC(=O)CC1
860,CC(C)(C)C1CCC(CC2=C(O)C(=O)c3ccccc3C2=O)CC1
861,CC(C)(C)C1CCC(O)CC1
862,CC(C)(C)C1CCCCC1=O
863,CC(C)(C)C1CCCCC1O
864,CC(C)(C)CC(=O)OCC(=O)[C@@]1(O)CC[C@H]2[C@@H]3CCC4=CC(=O)C=C[C@]4(C)[C@H]3[C@@H](O)C[C@@]21C
865,CC(C)(C)CC(=O)OCC(=O)[C@@]12OC(C)(C)O[C@@H]1C[C@H]1[C@@H]3CCC4=CC(=O)C=C[C@]4(C)[C@@]3(F)[C@@H](O)C[C@@]12C
866,CC(C)(C)CC(C)(C)N
867,CC(C)(C)CC(C)(C)c1ccc(Nc2ccc(C(C)(C)CC(C)(C)C)cc2)cc1
868,CC(C)(C)CC(C)(C)c1ccc(O)c(-n2nc3ccccc3n2)c1
869,CC(C)(C)CC(C)(C)c1ccc(O)c(Cc2ccc(Cl)cc2Cl)c1
870,CC(C)(C)CC(C)(C)c1ccc(O)cc1
871,CC(C)(C)CC(C)(C)c1ccc(OCCO)cc1
872,CC(C)(C)CC(C)(C)c1ccc(OCCOCC[N+](C)(C)Cc2ccccc2)cc1
873,CC(C)(C)CC(C)(C)c1ccccc1O
874,CC(C)(C)CCCCCCOC(=O)c1ccccc1C(=O)OCCCCCCC(C)(C)C
875,CC(C)(C)Cl
876,CC(C)(C)N
877,CC(C)(C)N(CCO)CCO
878,CC(C)(C)N(NC(=O)c1ccc(Cl)cc1)C(=O)c1ccccc1
879,CC(C)(C)NC(=O)[C@@H]1CN(Cc2cccnc2)CCN1C[C@@H](O)C[C@@H](Cc1ccccc1)C(=O)N[C@H]1c2ccccc2C[C@H]1O
880,CC(C)(C)NC(=O)[C@@H]1C[C@@H]2CCCC[C@@H]2CN1C[C@@H](O)[C@H](Cc1ccccc1)NC(=O)[C@H](CC(N)=O)NC(=O)c1ccc2ccccc2n1
881,CC(C)(C)NC(=O)[C@H]1CC[C@H]2[C@@H]3CC=C4C=C(C(=O)O)CC[C@]4(C)[C@H]3CC[C@]12C
882,CC(C)(C)NC(=O)[C@H]1CC[C@H]2[C@@H]3CC[C@H]4NC(=O)C=C[C@]4(C)[C@H]3CC[C@]12C
883,CC(C)(C)NC(N)=O
884,CC(C)(C)NCC(O)COc1ccc(NC(=O)NC2CCCCC2)cc1
885,CC(C)(C)NCC(O)COc1cccc2c1CCC(=O)N2
886,CC(C)(C)NCC(O)COc1cccc2c1C[C@H](O)[C@H](O)C2
887,CC(C)(C)NCC(O)COc1ccccc1OCC1CCCO1
888,CC(C)(C)NCC(O)CSc1nc(-c2ccc(C(N)=O)s2)cs1
889,CC(C)(C)NCC(O)c1cc(Cl)c(N)c(C(F)(F)F)c1
890,CC(C)(C)NCC(O)c1cc(Cl)c(N)c(Cl)c1
891,CC(C)(C)NCC(O)c1cc(O)cc(O)c1
892,CC(C)(C)NCC(O)c1ccc(O)c(CO)c1
893,CC(C)(C)NCC(O)c1ccc(O)c(CO)n1
894,CC(C)(C)NCC(O)c1ccccc1Cl
895,CC(C)(C)NCCNC(C)(C)C
896,CC(C)(C)NCCO
897,CC(C)(C)NC[C@H](O)COc1cccc2c1CCCC2=O
898,CC(C)(C)NC[C@H](O)COc1ccccc1C1CCCC1
899,CC(C)(C)NC[C@H](O)COc1nsnc1N1CCOCC1
900,CC(C)(C)NC[C@H](O)c1ccc(O)cc1Cl
901,CC(C)(C)NSc1nc2ccccc2s1
902,CC(C)(C)OC(=O)N1C[C@@H](F)C[C@H]1C(=O)O
903,CC(C)(C)OC(=O)c1ccc(O)cc1
904,CC(C)(C)OC(=O)c1cccc(N)c1
905,CC(C)(C)OC(=O)c1ccccc1C(=O)O
906,CC(C)(C)OC(=O)c1ncn2c1[C@@H]1CCCN1C(=O)c1c(Br)cccc1-2
907,CC(C)(C)OC=O
908,CC(C)(C)OCC1CO1
909,CC(C)(C)OOC(=O)c1ccccc1
910,CC(C)(C)OOC(C)(C)C
911,CC(C)(C)OOC(C)(C)CCC(C)(C)OOC(C)(C)C
912,CC(C)(C)S
913,CC(C)(C)[C@]1(O)CCN2C[C@H]3c4ccccc4CCc4cccc(c43)[C@@H]2C1
914,CC(C)(C)c1cc(/C=C2\SC(=N)NC2=O)cc(C(C)(C)C)c1O
915,CC(C)(C)c1cc(C(C)(C)C)c(O)c(C(C)(C)C)c1
916,CC(C)(C)c1cc(C=O)cc(C(C)(C)C)c1O
917,CC(C)(C)c1cc(CCC(=O)NN)cc(C(C)(C)C)c1O
918,CC(C)(C)c1cc(CCC(=O)OCC(COC(=O)CCc2cc(C(C)(C)C)c(O)c(C(C)(C)C)c2)(COC(=O)CCc2cc(C(C)(C)C)c(O)c(C(C)(C)C)c2)COC(=O)CCc2cc(C(C)(C)C)c(O)c(C(C)(C)C)c2)cc(C(C)(C)C)c1O
919,CC(C)(C)c1cc(CO)cc(C(C)(C)C)c1O
920,CC(C)(C)c1cc(Cc2cc(C(C)(C)C)c(O)c(C(C)(C)C)c2)cc(C(C)(C)C)c1O
921,CC(C)(C)c1cc(O)c(C(C)(C)C)cc1O
922,CC(C)(C)c1cc(O)ccc1O
923,CC(C)(C)c1cc([N+](=O)[O-])cc(C(C)(C)C)c1O
924,CC(C)(C)c1cc([N+](=O)[O-])cc([N+](=O)[O-])c1O
925,CC(C)(C)c1ccc(-c2ccc(C(C)(C)C)cc2)cc1
926,CC(C)(C)c1ccc(C(=O)CCCCl)cc1
927,CC(C)(C)c1ccc(C(=O)CCCN2CCC(OC(c3ccccc3)c3ccccc3)CC2)cc1
928,CC(C)(C)c1ccc(C(=O)O)cc1
929,CC(C)(C)c1ccc(C(O)CCCN2CCC(C(O)(c3ccccc3)c3ccccc3)CC2)cc1
930,CC(C)(C)c1ccc(C=O)cc1
931,CC(C)(C)c1ccc(CCC=O)cc1
932,CC(C)(C)c1ccc(CCOc2ncnc3ccccc23)cc1
933,CC(C)(C)c1ccc(CN2CCN(C(c3ccccc3)c3ccc(Cl)cc3)CC2)cc1
934,CC(C)(C)c1ccc(CSc2cnn(C(C)(C)C)c(=O)c2Cl)cc1
935,CC(C)(C)c1ccc(N)cc1
936,CC(C)(C)c1ccc(O)c(C(C)(C)C)c1
937,CC(C)(C)c1ccc(O)c(O)c1
938,CC(C)(C)c1ccc(O)cc1
939,CC(C)(C)c1ccc(OC(=O)c2ccccc2O)cc1
940,CC(C)(C)c1ccc(OCC2CO2)cc1
941,CC(C)(C)c1ccc(OP(=O)(Oc2ccccc2)Oc2ccccc2)cc1
942,CC(C)(C)c1ccc(S)cc1
943,CC(C)(C)c1cccc(C(C)(C)C)c1O
944,CC(C)(C)c1cccc(O)c1
945,CC(C)(C)c1ccccc1
946,CC(C)(C)c1ccccc1O
947,CC(C)(C)c1csc(-c2cc3cc(OCc4ccccc4CC(=O)O)ccc3o2)n1
948,CC(C)(C)c1n[nH]c(=S)n(N)c1=O
949,CC(C)(C)c1nnc(NS(=O)(=O)c2ccc(N)cc2)s1
950,CC(C)(C)c1nnc(NS(=O)(=O)c2ccccc2)s1
951,CC(C)(C1CCC(O)CC1)C1CCC(O)CC1
952,CC(C)(CC(=O)O)C(=O)O
953,CC(C)(CCC(=O)O)C(=O)O
954,CC(C)(CCl)C(=O)Cl
955,CC(C)(CCl)c1ccccc1
956,CC(C)(CO)C(O)C(=O)NCCC(=O)NCCSSCCNC(=O)CCNC(=O)C(O)C(C)(C)CO
957,CC(C)(CO)C(O)C(=O)NCCCO
958,CC(C)(CO)CO
959,CC(C)(CO)COC(=O)C(C)(C)CO
960,CC(C)(CO)[C@@H](O)C(=O)NCCCC(=O)O
961,CC(C)(CO)[C@@H](O)C(=O)NCCCO
962,CC(C)(CO)[N+](=O)[O-]
963,CC(C)(COC(=O)c1ccccc1)COC(=O)c1ccccc1
964,CC(C)(COP(=O)(O)OP(=O)(O)OC[C@H]1O[C@@H](n2cnc3c(N)ncnc32)[C@H](O)[C@@H]1OP(=O)(O)O)C(O)C(=O)NCCC(=O)NCCS
965,CC(C)(Cc1c[nH]c2ccccc12)NCC(O)COc1ccccc1C#N
966,CC(C)(Cl)Cl
967,CC(C)(Cl)[N+](=O)[O-]
968,CC(C)(N)C#N
969,CC(C)(N)CO
970,CC(C)(N)Cc1ccc(Cl)cc1
971,CC(C)(N)Cc1ccccc1Cl
972,CC(C)(N=C=O)c1cccc(C(C)(C)N=C=O)c1
973,CC(C)(O)C#CC(C)(C)O
974,CC(C)(O)C#N
975,CC(C)(O)C(=O)Nc1ccc([N+](=O)[O-])c(C(F)(F)F)c1
976,CC(C)(O)C(=O)O
977,CC(C)(O)C(=O)c1ccc(OCCO)cc1
978,CC(C)(O)C(=O)c1ccccc1
979,CC(C)(O)C(Cl)(Cl)Cl
980,CC(C)(O)CCC(C)(C)O
981,CC(C)(O)CCCC1=CCC(C=O)CC1
982,CC(C)(O)CCc1ccccc1
983,CC(C)(O)Cc1ccccc1
984,CC(C)(O)[C@@H]1[C@H]2OC(=O)[C@@H]1[C@]1(O)C[C@H]3O[C@]34C(=O)O[C@H]2[C@]14C
985,CC(C)(O)c1ccc(C(C)(C)O)cc1
986,CC(C)(O)c1ccc(CNC(=O)c2cccnc2Oc2ccc(F)cc2)cc1
987,CC(C)(O)c1ccc(CNC(=O)c2cccnc2Oc2ccc3nonc3c2)cc1
988,CC(C)(O)c1ccccc1
989,CC(C)(O)c1ccccc1CC[C@@H](SCC1(CC(=O)O)CC1)c1cccc(/C=C/c2ccc3ccc(Cl)cc3n2)c1
990,CC(C)(O)c1cnn2c(-c3ccc(F)c(-c4c(F)cccc4C#N)c3)cnc2n1
991,CC(C)(OO)c1ccccc1
992,CC(C)(OOC(C)(C)c1ccccc1)c1ccccc1
993,CC(C)(Oc1ccc(C2CC2(Cl)Cl)cc1)C(=O)O
994,CC(C)(Oc1ccc(C2CCCc3ccccc32)cc1)C(=O)O
995,CC(C)(Oc1ccc(CCNC(=O)c2ccc(Cl)cc2)cc1)C(=O)O
996,CC(C)(Oc1ccc(Cl)cc1)C(=O)O
997,CC(C)(Oc1ccc(Cl)cc1)C(=O)OCCCOC(=O)C(C)(C)Oc1ccc(Cl)cc1
998,CC(C)(S)C(=O)N[C@@H](CS)C(=O)O
999,CC(C)(Sc1cc(C(C)(C)C)c(O)c(C(C)(C)C)c1)Sc1cc(C(C)(C)C)c(O)c(C(C)(C)C)c1
1000,CC(C)(c1cc(Br)c(O)c(Br)c1)c1cc(Br)c(O)c(Br)c1
1001,CC(C)(c1cc(Br)c(OCC(Br)CBr)c(Br)c1)c1cc(Br)c(OCC(Br)CBr)c(Br)c1
1002,CC(C)(c1cc(Br)c(OCCO)c(Br)c1)c1cc(Br)c(OCCO)c(Br)c1
1003,CC(C)(c1cc(Cl)c(O)c(Cl)c1)c1cc(Cl)c(O)c(Cl)c1
1004,CC(C)(c1ccc(O)cc1)c1ccc(O)cc1
1005,CC(C)(c1ccc(OCC2CO2)cc1)c1ccc(OCC2CO2)cc1
1006,CC(C)(c1ccc(Oc2ccc3c(c2)C(=O)OC3=O)cc1)c1ccc(Oc2ccc3c(c2)C(=O)OC3=O)cc1
1007,CC(C)(c1ccccc1)c1cc(-n2nc3ccccc3n2)c(O)c(C(C)(C)c2ccccc2)c1
1008,CC(C)(c1ccccc1)c1ccc(Nc2ccc(C(C)(C)c3ccccc3)cc2)cc1
1009,CC(C)(c1ccccc1)c1ccc(O)c(C(C)(C)c2ccccc2)c1
1010,CC(C)(c1ccccc1)c1ccc(O)cc1
1011,CC(C)(c1ccccc1)c1ccccc1
1012,CC(C)/N=c1/cc2n(-c3ccc(Cl)cc3)c3ccccc3nc-2cc1Nc1ccc(Cl)cc1
1013,CC(C)=C1CC[C@@H](C)CC1=O
1014,CC(C)=CC(=O)C=C(C)C
1015,CC(C)=CC(=O)O
1016,CC(C)=CC(C)(C)C
1017,CC(C)=CC1C(C(=O)OC(C#N)c2cccc(Oc3ccccc3)c2)C1(C)C
1018,CC(C)=CC1C(C(=O)OCN2C(=O)C3=C(CCCC3)C2=O)C1(C)C
1019,CC(C)=CC1C(C(=O)OCc2cccc(Oc3ccccc3)c2)C1(C)C
1020,CC(C)=CC1C(C(=O)OCc2coc(Cc3ccccc3)c2)C1(C)C
1021,CC(C)=CC=O
1022,CC(C)=CCC/C(C)=C/C=C\C(C)=C\C=C\C(C)=C\C=C/C=C(C)/C=C/C=C(C)/C=C\C=C(/C)CCC=C(C)C
1023,CC(C)=CCC/C(C)=C/CC/C(C)=C/C(=O)OCC(=O)[C@@]1(O)CC[C@H]2[C@@H]3CCC4=CC(=O)C=C[C@]4(C)[C@H]3[C@@H](O)C[C@@]21C
1024,CC(C)=CCC/C(C)=C/CC/C(C)=C/CC/C(C)=C/CC1=C(C)C(=O)c2ccccc2C1=O
1025,CC(C)=CCC/C(C)=C/CC/C(C)=C/CC/C=C(\C)CC/C=C(\C)CCC=C(C)C
1026,CC(C)=CCC/C(C)=C/CC/C(C)=C/CCC(=O)OC/C=C(\C)CCC=C(C)C
1027,CC(C)=CCC/C(C)=C/CC/C(C)=C/CO
1028,CC(C)=CCC/C(C)=C/CO
1029,CC(C)=CCC/C(C)=C/COC=O
1030,CC(C)=CCC/C(C)=C\CO
1031,CC(C)=CCC1=C(O)C(=O)c2ccccc2C1=O
1032,CC(C)=CCC1C(=O)N(c2ccccc2)N(c2ccccc2)C1=O
1033,CC(C)=CCCC(C)=CC(=O)O
1034,CC(C)=CCCC(C)=CC=O
1035,CC(C)=CCCC(C)C=O
1036,CC(C)=CCCC(C)CC(=O)O
1037,CC(C)=CCCC(C)CC=O
1038,CC(C)=CCCC(C)CCO
1039,CC(C)=CCCC(C)CCOC=O
1040,CC(C)=CCC[C@@](C)(O)[C@H]1CC=C(C)CC1
1041,CC(C)=CCC[C@H](C)CCO
1042,CC(C)=CCC[C@](C)(O)[C@@H]1CC=C(C)CC1
1043,CC(C)=CCN1CC[C@@]2(C)c3cc(O)ccc3C[C@@H]1[C@@H]2C
1044,CC(C)=CCN1CC[C@]2(C)c3cc(O)ccc3C[C@H]1[C@H]2C
1045,CC(C)=CCNc1ncnc2c1ncn2[C@@H]1O[C@H](CO)[C@@H](O)[C@H]1O
1046,CC(C)=CCO
1047,CC(C)=CCOC(=O)c1ccccc1
1048,CC(C)=CCOc1c2occc2cc2ccc(=O)oc12
1049,CC(C)=CCOc1ccc(/C=C/C(=O)c2ccc(OCC=C(C)C)cc2OCC(=O)O)cc1
1050,CC(C)=CCl
1051,CC(C)=C[C@@H]1[C@@H](C(=O)OCc2coc(Cc3ccccc3)c2)C1(C)C
1052,CC(C)=O
1053,CC(C)Br
1054,CC(C)C#N
1055,CC(C)C(=O)Nc1ccc([N+](=O)[O-])c(C(F)(F)F)c1
1056,CC(C)C(=O)Nc1cccc(C(F)(F)F)c1
1057,CC(C)C(=O)Nc1cccc(C2CN3CCSC3=N2)c1
1058,CC(C)C(=O)O
1059,CC(C)C(=O)OC(=O)C(C)C
1060,CC(C)C(=O)OCC(=O)[C@@]12O[C@H](C3CCCCC3)O[C@@H]1C[C@H]1[C@@H]3CCC4=CC(=O)C=C[C@]4(C)[C@H]3[C@@H](O)C[C@@]12C
1061,CC(C)C(=O)OCC(C)(C)C(O)C(C)C
1062,CC(C)C(=O)OCC(C)(C)C(OC(=O)C(C)C)C(C)C
1063,CC(C)C(=O)OCC=Cc1ccccc1
1064,CC(C)C(=O)OCCOc1ccccc1
1065,CC(C)C(=O)OCCc1ccccc1
1066,CC(C)C(=O)OCc1cccc(OC(=O)[C@@H]2N3C(=O)[C@@H](NC(=O)Cc4ccccc4)[C@H]3SC2(C)C)c1
1067,CC(C)C(=O)c1c(C(C)C)nn2ccccc12
1068,CC(C)C(=O)c1ccccc1
1069,CC(C)C(Br)C(=O)NC(N)=O
1070,CC(C)C(C(=O)OC(C#N)c1cccc(Oc2ccccc2)c1)c1ccc(Cl)cc1
1071,CC(C)C(C)(N)C#N
1072,CC(C)C(C)C
1073,CC(C)C(Nc1ccc(C(F)(F)F)cc1Cl)C(=O)OC(C#N)c1cccc(Oc2ccccc2)c1
1074,CC(C)C(O)(c1ccc(OC(F)(F)F)cc1)c1cncnc1
1075,CC(C)C(O)C(C)(C)CO
1076,CC(C)C(OC(=O)c1ccccc1)C(C)(C)COC(=O)c1ccccc1
1077,CC(C)C1(C)N=C(c2nc3ccccc3cc2C(=O)O)NC1=O
1078,CC(C)C1(C)N=C(c2ncccc2C(=O)O)NC1=O
1079,CC(C)C1CCC(Cc2ccc(Cl)cc2)C1(O)Cn1cncn1
1080,CC(C)C1CCC(O)CC1
1081,CC(C)C1OCCN1CCOC(=O)NCCCCCCNC(=O)OCCN1CCOC1C(C)C
1082,CC(C)C=O
1083,CC(C)CC#N
1084,CC(C)CC(=O)C1C(=O)c2ccccc2C1=O
1085,CC(C)CC(=O)CC(C)C
1086,CC(C)CC(=O)CC(C)CC(C)C
1087,CC(C)CC(=O)N[C@H](C(=O)N[C@H](C(=O)N[C@@H](CC(C)C)[C@@H](O)CC(=O)N[C@@H](C)C(=O)N[C@@H](CC(C)C)[C@@H](O)CC(=O)O)C(C)C)C(C)C
1088,CC(C)CC(=O)O
1089,CC(C)CC(=O)OCc1ccccc1
1090,CC(C)CC(C)(C)C
1091,CC(C)CC(C)(N)C#N
1092,CC(C)CC(C)(O)C#CC(C)(O)CC(C)C
1093,CC(C)CC(C)(c1ccc(O)cc1)c1ccc(O)cc1
1094,CC(C)CC(C)CC(C)CC(C)COC(=O)c1ccccc1C(=O)OCC(C)CC(C)CC(C)CC(C)C
1095,CC(C)CC(C)CC(O)CC(C)C
1096,CC(C)CC(C)N
1097,CC(C)CC(C)N(c1ccccc1)c1ccc(N)cc1
1098,CC(C)CC(C)Nc1ccc(Nc2ccccc2)cc1
1099,CC(C)CC(C)O
1100,CC(C)CC(N(C)C)C1(c2ccc(Cl)cc2)CCC1
1101,CC(C)CC(NC(=O)CNC(=O)[C@H](Cc1ccc(O)cc1)NC(=O)[C@@H](CO)NC(=O)[C@@H](Cc1c[nH]c2ccccc12)NC(=O)[C@@H](Cc1c[nH]cn1)NC(=O)[C@H]1CCC(=O)N1)C(=O)N[C@H](CCCNC(=N)N)C(=O)N1CCC[C@@H]1C(=O)NCC(N)=O
1102,CC(C)CC(O)CC(C)C
1103,CC(C)CC(O)Cc1ccccc1
1104,CC(C)CC=C(C=O)c1ccccc1
1105,CC(C)CCC(=O)CCC(C)C
1106,CC(C)CCC(=O)O[C@H]1CC[C@H]2[C@@H]3CCC4=CC(=O)CC[C@]4(C)[C@H]3CC[C@]12C
1107,CC(C)CCCC(=O)O
1108,CC(C)CCCC(C)(C)O
1109,CC(C)CCCC(C)CC=O
1110,CC(C)CCCC(C)CCCC(C)CCCCC(C)CCCC(C)CCCC(C)C
1111,CC(C)CCCC(C)CCO
1112,CC(C)CCCC(C)N
1113,CC(C)CCCC(C)NCCC(C)C
1114,CC(C)CCCCCCCCCCCCCCC(=O)O
1115,CC(C)CCCCCCCOC(=O)CCCCC(=O)OCCCCCCCC(C)C
1116,CC(C)CCCCCCCOC(=O)c1ccc(C(=O)OCCCCCCCC(C)C)c(C(=O)OCCCCCCCC(C)C)c1
1117,CC(C)CCCCCCCOC(=O)c1ccccc1C(=O)OCCCCCCCC(C)C
1118,CC(C)CCCCCCCOP(=O)(Oc1ccccc1)Oc1ccccc1
1119,CC(C)CCCCCCCOP(OCCCCCCCC(C)C)Oc1ccccc1
1120,CC(C)CCCCCCN
1121,CC(C)CCCCCCOC(=O)C1CCCCC1C(=O)OCCCCCCC(C)C
1122,CC(C)CCCCCCOC(=O)CCCCC(=O)OCCCCCCC(C)C
1123,CC(C)CCCCCCOC(=O)c1ccc(C(=O)OCCCCCCC(C)C)c(C(=O)OCCCCCCC(C)C)c1
1124,CC(C)CCCCCCOC(=O)c1ccccc1C(=O)OCCCCCCC(C)C
1125,CC(C)CCCCCCc1ccc(O)cc1
1126,CC(C)CCCCCCc1ccc(OCCOCCO)cc1
1127,CC(C)CCCCCOC(=O)CCCCC(=O)OCCCCCC(C)C
1128,CC(C)CCCCCOC(=O)CCS
1129,CC(C)CCCCCOC(=O)CS
1130,CC(C)CCCCCOC(=O)c1ccccc1C(=O)OCCCCCC(C)C
1131,CC(C)CCCCOC(=O)c1ccccc1C(=O)OCCCCC(C)C
1132,CC(C)CCCO
1133,CC(C)CCC[C@@H](C)[C@H]1CC(=O)C2=C3CC[C@H]4C[C@@H](O)CC[C@]4(C)[C@H]3CC[C@@]21C
1134,CC(C)CCC[C@@H](C)[C@H]1CC[C@H]2[C@@H]3CC[C@@H]4C[C@H](O)CC[C@]4(C)[C@H]3CC[C@]12C
1135,CC(C)CCO
1136,CC(C)CCOC(=O)C=Cc1ccccc1
1137,CC(C)CCOC(=O)CC(C)C
1138,CC(C)CCOC(=O)c1ccc(N(C)C)cc1
1139,CC(C)CCOC(=O)c1ccccc1
1140,CC(C)CCOCc1ccccc1
1141,CC(C)CCON=O
1142,CC(C)CN(C[C@@H](O)[C@H](Cc1ccccc1)NC(=O)O[C@@H]1CCOC1)S(=O)(=O)c1ccc(N)cc1
1143,CC(C)CN(C[C@@H](O)[C@H](Cc1ccccc1)NC(=O)O[C@H]1CO[C@H]2OCC[C@H]21)S(=O)(=O)c1ccc(N)cc1
1144,CC(C)CN(C[C@@H](OP(=O)(O)O)[C@H](Cc1ccccc1)NC(=O)O[C@H]1CCOC1)S(=O)(=O)c1ccc(N)cc1
1145,CC(C)CNCC(C)C
1146,CC(C)CO
1147,CC(C)COC(=O)C(C)C
1148,CC(C)COC(=O)C=Cc1ccccc1
1149,CC(C)COC(=O)CC(C(=O)OCC(C)C)S(=O)(=O)O
1150,CC(C)COC(=O)CCCCC(=O)OCC(C)C
1151,CC(C)COC(=O)COc1cc(Cl)c(Cl)cc1Cl
1152,CC(C)COC(=O)COc1ccc(Cl)cc1Cl
1153,CC(C)COC(=O)OCN1C(=O)CN(CCN2CC(=O)N(COC(=O)OCC(C)C)C(=O)C2)CC1=O
1154,CC(C)COC(=O)c1ccc(N)cc1
1155,CC(C)COC(=O)c1ccc(O)cc1
1156,CC(C)COC(=O)c1ccccc1
1157,CC(C)COC(=O)c1ccccc1C(=O)OCC(C)C
1158,CC(C)COC(=O)c1ccccc1O
1159,CC(C)COCC(CN(Cc1ccccc1)c1ccccc1)N1CCCC1
1160,CC(C)CON=O
1161,CC(C)COP(=O)(OCC(C)C)OCC(C)C
1162,CC(C)CP(=S)(S)CC(C)C
1163,CC(C)C[C@@H](N)C(=O)O
1164,CC(C)C[C@@H](NC(=O)[C@@H](O)[C@H](N)Cc1ccccc1)C(=O)O
1165,CC(C)C[C@@H]1NC(=O)[C@H](CCCN)NC(=O)[C@H](C(C)C)NC(=O)[C@@H]2CCCN2C(=O)[C@@H](Cc2ccccc2)NC(=O)[C@H](CC(C)C)NC(=O)[C@H](CCCN)NC(=O)[C@H](C(C)C)NC(=O)[C@@H]2CCCN2C(=O)[C@@H](Cc2ccccc2)NC1=O
1166,CC(C)C[C@@H]1[C@H](c2ccccc2)OC(=O)N1CCCN1CCCCCC1
1167,CC(C)C[C@H](CN)CC(=O)O
1168,CC(C)C[C@H](NC(=O)OCC1c2ccccc2-c2ccccc21)C(=O)O
1169,CC(C)C[C@H](NC(=O)[C@@H](COC(C)(C)C)NC(=O)[C@H](Cc1ccc(O)cc1)NC(=O)[C@H](CO)NC(=O)[C@H](Cc1c[nH]c2ccccc12)NC(=O)[C@H](Cc1c[nH]cn1)NC(=O)[C@@H]1CCC(=O)N1)C(=O)N[C@@H](CCCNC(=N)N)C(=O)N1CCC[C@H]1C(=O)NNC(N)=O
1170,CC(C)C[C@H](NC(=O)[C@@H](Cc1c[nH]c2ccccc12)NC(=O)[C@H](Cc1ccc(O)cc1)NC(=O)[C@H](CO)NC(=O)[C@H](Cc1c[nH]c2ccccc12)NC(=O)[C@H](Cc1c[nH]cn1)NC(=O)[C@@H]1CCC(=O)N1)C(=O)N[C@@H](CCCNC(=N)N)C(=O)N1CCC[C@@H]1C(=O)NCC(N)=O
1171,CC(C)C[C@H](NC(=O)[C@H](CCc1ccccc1)NC(=O)CN1CCOCC1)C(=O)N[C@@H](Cc1ccccc1)C(=O)N[C@@H](CC(C)C)C(=O)[C@@]1(C)CO1
1172,CC(C)C[C@H](NC(=O)[C@H](Cc1ccccc1)NC(=O)c1cnccn1)B(O)O
1173,CC(C)C[C@H]1C(=O)N2CCC[C@H]2[C@]2(O)O[C@](NC(=O)[C@@H]3C=C4c5cccc6[nH]c(Br)c(c56)C[C@H]4N(C)C3)(C(C)C)C(=O)N12
1174,CC(C)C[C@H]1C(=O)N2CCC[C@H]2[C@]2(O)O[C@](NC(=O)[C@@H]3C[C@@H]4c5cccc6[nH]cc(c56)C[C@H]4N(C)C3)(C(C)C)C(=O)N12
1175,CC(C)C[P+](C)(CC(C)C)CC(C)C
1176,CC(C)Cc1ccc(C(C)C(=O)O)cc1
1177,CC(C)Cc1ccc(C(C)C(=O)OCc2ccccn2)cc1
1178,CC(C)Cc1ccc(CC(=O)O)cc1
1179,CC(C)Cc1ccc([C@@H](C)C(=O)NS(C)(=O)=O)cc1
1180,CC(C)Cc1ccc([C@H](C)C(=O)O)cc1
1181,CC(C)Cc1ccccc1
1182,CC(C)Cc1nccs1
1183,CC(C)Cn1cnc2c(N)nc3ccccc3c21
1184,CC(C)Cn1cnc2c1c(=O)n(C)c(=O)n2C
1185,CC(C)N(C(=O)CCl)c1ccccc1
1186,CC(C)N(C(=O)COc1nnc(C(F)(F)F)s1)c1ccc(F)cc1
1187,CC(C)N(C(=O)SCC(Cl)=C(Cl)Cl)C(C)C
1188,CC(C)N(C(=O)SCC(Cl)=CCl)C(C)C
1189,CC(C)N(C)C
1190,CC(C)N(CCC(C(N)=O)(c1ccccc1)c1ccccn1)C(C)C
1191,CC(C)N(CCO)C(C)C
1192,CC(C)N(Cc1ccccc1)C(=O)C(C)(C)C
1193,CC(C)N(c1ccccc1)C(C)C
1194,CC(C)N1C(=O)N(c2ccccc2)CSC1=NC(C)(C)C
1195,CC(C)N1C(=O)c2ccccc2C1=O
1196,CC(C)N1C(=O)c2ccccc2NS1(=O)=O
1197,CC(C)N1CCN(c2ccc(OC[C@H]3CO[C@](Cn4cncn4)(c4ccc(Cl)cc4Cl)O3)cc2)CC1
1198,CC(C)N=C=NC(C)C
1199,CC(C)NC(=N)NC(=N)Nc1ccc(Cl)cc1
1200,CC(C)NC(=O)N1CC(=O)N(c2cc(Cl)cc(Cl)c2)C1=O
1201,CC(C)NC(=O)NC(C)C
1202,CC(C)NC(=O)c1ccc(C=O)cc1
1203,CC(C)NC(=O)c1ccccc1N
1204,CC(C)NC(C)C
1205,CC(C)NC(C)Cc1ccc(I)cc1
1206,CC(C)NCC(O)COc1ccc(CC(N)=O)cc1
1207,CC(C)NCC(O)COc1ccc(CCOCC2CC2)cc1
1208,CC(C)NCC(O)COc1ccc(COCCOC(C)C)cc1
1209,CC(C)NCC(O)COc1cccc2[nH]ccc12
1210,CC(C)NCC(O)COc1cccc2ccccc12
1211,CC(C)NCC(O)COc1ccccc1-n1cccc1
1212,CC(C)NCC(O)c1cc(O)cc(O)c1
1213,CC(C)NCC(O)c1ccc(N)c(C#N)c1
1214,CC(C)NCC(O)c1ccc(NS(C)(=O)=O)cc1
1215,CC(C)NCC(O)c1ccc(O)c(O)c1
1216,CC(C)NCC(O)c1ccc([N+](=O)[O-])cc1
1217,CC(C)NCC(O)c1ccc2ccccc2c1
1218,CC(C)NCC(O)c1ccccc1Cl
1219,CC(C)NCC1CCc2cc(CO)c([N+](=O)[O-])cc2N1
1220,CC(C)NCCCC1(C(N)=O)c2ccccc2-c2ccccc21
1221,CC(C)NC[C@@H](O)COc1ccc(CC(N)=O)cc1
1222,CC(C)NC[C@@H](O)COc1cccc2ccccc12
1223,CC(C)NNC(=O)c1ccncc1
1224,CC(C)Nc1ccc(NC(C)C)c2c1C(=O)c1ccccc1C2=O
1225,CC(C)Nc1ccc(Nc2ccccc2)cc1
1226,CC(C)Nc1cccnc1N1CCN(C(=O)c2cc3cc(NS(C)(=O)=O)ccc3[nH]2)CC1
1227,CC(C)Nc1nc(Cl)nc(NC(C)C)n1
1228,CC(C)Nc1nc(N)nc(Cl)n1
1229,CC(C)O
1230,CC(C)OB(OC(C)C)OC(C)C
1231,CC(C)OC(=O)C(C(=O)OC(C)C)=C1SC=CS1
1232,CC(C)OC(=O)C(C)(C)Oc1ccc(C(=O)c2ccc(Cl)cc2)cc1
1233,CC(C)OC(=O)C(C)N(C(=O)c1ccccc1)c1ccc(F)c(Cl)c1
1234,CC(C)OC(=O)C(O)(c1ccc(Cl)cc1)c1ccc(Cl)cc1
1235,CC(C)OC(=O)CCC(=O)OC(C)C
1236,CC(C)OC(=O)CCCCC(=O)OC(C)C
1237,CC(C)OC(=O)COc1ccc(Cl)cc1Cl
1238,CC(C)OC(=O)Cc1ccccc1
1239,CC(C)OC(=O)Nc1ccc2[nH]c(-c3cscn3)nc2c1
1240,CC(C)OC(=O)Nc1cccc(Cl)c1
1241,CC(C)OC(=O)Nc1ccccc1
1242,CC(C)OC(=O)OCOP(=O)(CO[C@H](C)Cn1cnc2c(N)ncnc21)OCOC(=O)OC(C)C
1243,CC(C)OC(=O)c1cc(C(=O)OC(C)C)cc([N+](=O)[O-])c1
1244,CC(C)OC(=O)c1cc2c(OCC(O)CNC(C)(C)C)cccc2[nH]1
1245,CC(C)OC(=O)c1ccccc1
1246,CC(C)OC(=O)c1ccccc1C(=O)OC(C)C
1247,CC(C)OC(=S)S
1248,CC(C)OC(C)C
1249,CC(C)OC=O
1250,CC(C)OCC1CO1
1251,CC(C)OCCO
1252,CC(C)OP(=O)(CP(=O)(OC(C)C)OC(C)C)OC(C)C
1253,CC(C)OP(=S)(OC(C)C)SCCNS(=O)(=O)c1ccccc1
1254,CC(C)OP(C)(=O)OC(C)C
1255,CC(C)OS(C)(=O)=O
1256,CC(C)Oc1cc(-n2nc(C(C)(C)C)oc2=O)c(Cl)cc1Cl
1257,CC(C)Oc1ccc2c(=O)c(-c3ccccc3)coc2c1
1258,CC(C)Oc1cccc(NC(=O)c2ccccc2C(F)(F)F)c1
1259,CC(C)Oc1ccccc1O
1260,CC(C)S
1261,CC(C)SCc1ccco1
1262,CC(C)[C@@H](C)/C=C/[C@@H](C)[C@H]1CC[C@H]2/C(=C/C=C3\C[C@@H](O)CC[C@@H]3C)CCC[C@]12C
1263,CC(C)[C@@H](Nc1ccc(C(F)(F)F)cc1Cl)C(=O)OC(C#N)c1cccc(Oc2ccccc2)c1
1264,CC(C)[C@@H]1CC[C@@H](C)CC1=O
1265,CC(C)[C@@H]1CC[C@@H](C)C[C@H]1O
1266,CC(C)[C@@]1(NC(=O)[C@@H]2C[C@@H]3c4cccc5[nH]cc(c45)C[C@H]3N(C)C2)O[C@@]2(O)[C@@H]3CCCN3C(=O)[C@H](Cc3ccccc3)N2C1=O
1267,CC(C)[C@H](C(=O)OC(C#N)c1cccc(Oc2ccccc2)c1)c1ccc(OC(F)F)cc1
1268,CC(C)[C@H](C(=O)O[C@H](C#N)c1cccc(Oc2ccccc2)c1)c1ccc(Cl)cc1
1269,CC(C)[C@H](N)C(=O)OCC(CO)OCn1cnc2c(=O)nc(N)[nH]c21
1270,CC(C)[C@H](N)C(=O)OCCOCn1cnc2c(=O)[nH]c(N)nc21
1271,CC(C)[C@H]1CC[C@@H](C)CC1=O
1272,CC(C)[C@H]1CC[C@H](C(=O)N[C@H](Cc2ccccc2)C(=O)O)CC1
1273,CC(C)[C@H]1CC[C@H](C)C[C@@H]1O
1274,CC(C)[C@]12CC(=O)[C@H](C)[C@H]1C2
1275,CC(C)[N+](=O)[O-]
1276,CC(C)[N+](C)(C)CC(O)COc1cccc2ccccc12
1277,CC(C)[N+](C)(CCC(C(N)=O)(c1ccccc1)c1ccccc1)C(C)C
1278,CC(C)[N+](C)(CCOC(=O)C1c2ccccc2Oc2ccccc21)C(C)C
1279,CC(C)[N+]1(C)C2CCC1CC(OC(=O)C(CO)c1ccccc1)C2
1280,CC(C)[O][Ti]([O]CCN(CCO)CCO)([O]CCN(CCO)CCO)[O]C(C)C
1281,CC(C)c1c(CN(C)C(C)Cc2ccccc2)n(C)n(-c2ccccc2)c1=O
1282,CC(C)c1cc(C(C)C)cc(C(C)C)c1
1283,CC(C)c1cc2c(cc1S(=O)(=O)O)[C@@]1(C)CCC[C@@](C)(C(=O)O)[C@@H]1CC2
1284,CC(C)c1ccc(C#N)cc1
1285,CC(C)c1ccc(C(=O)N=C(N)N)cc1S(C)(=O)=O
1286,CC(C)c1ccc(C(C)C)cc1
1287,CC(C)c1ccc(C=O)cc1
1288,CC(C)c1ccc(CO)cc1
1289,CC(C)c1ccc(NC(=O)N(C)C)cc1
1290,CC(C)c1ccc(O)c(C(C)C)c1
1291,CC(C)c1ccc(O)cc1
1292,CC(C)c1ccc(S(=O)(=O)O)cc1
1293,CC(C)c1ccc2c(C(C)C)cc(C(C)C)c(S(=O)(=O)O)c2c1
1294,CC(C)c1ccc2c(c1)CC[C@H]1[C@](C)(CN)CCC[C@]21C
1295,CC(C)c1ccc2cc(C(C)C)ccc2c1
1296,CC(C)c1ccc2ncccc2c1
1297,CC(C)c1ccc2oc3nc(N)c(C(=O)O)cc3c(=O)c2c1
1298,CC(C)c1ccc2sc3ccccc3c(=O)c2c1
1299,CC(C)c1cccc(C(C)C)c1
1300,CC(C)c1cccc(C(C)C)c1N
1301,CC(C)c1cccc(C(C)C)c1N1C(=O)c2ccc(O)cc2C1=O
1302,CC(C)c1cccc(C(C)C)c1NC(=O)NS(=O)(=O)c1cc(C(C)(C)O)co1
1303,CC(C)c1cccc(C(C)C)c1O
1304,CC(C)c1cccc(O)c1
1305,CC(C)c1ccccc1C(C)C
1306,CC(C)c1ccccc1O
1307,CC(C)c1nc(CN(C)C(=O)N[C@H](C(=O)N[C@@H](Cc2ccccc2)C[C@H](O)[C@H](Cc2ccccc2)NC(=O)OCc2cncs2)C(C)C)cs1
1308,CC(C)c1ncc([N+](=O)[O-])n1C
1309,CC(C)c1nnc2ccc(-c3ocnc3-c3cc(F)ccc3F)cn12
1310,CC(C)n1nc(-c2cc3cc(O)ccc3[nH]2)c2c(N)ncnc21
1311,CC(C/N=C/c1ccccc1O)/N=C/c1ccccc1O
1312,CC(C=O)=Cc1ccccc1
1313,CC(C=O)Cc1ccc(C(C)(C)C)cc1
1314,CC(C=O)Cc1ccc(C(C)C)cc1
1315,CC(C=O)Cc1ccc2c(c1)OCO2
1316,CC(CC(=O)Cl)CC(C)(C)C
1317,CC(CC(=O)O)CC(C)(C)C
1318,CC(CC(C#N)(c1ccccc1)C(C)C)N(C)C
1319,CC(CC(C#N)(c1ccccc1)c1ccccc1)N(C)C
1320,CC(CC(C(N)=O)(c1ccccc1)c1ccccc1)N(C)C
1321,CC(CC(C)C)=NO
1322,CC(CC(c1ccccc1)c1ccccc1)NC(C)(C)C
1323,CC(CC1c2ccccc2CCc2ccccc21)CN(C)C
1324,CC(CC=O)CC(C)(C)C
1325,CC(CC=O)CCCC(C)(C)O
1326,CC(CC=O)c1ccccc1
1327,CC(CCC(=O)O)(c1ccc(O)cc1)c1ccc(O)cc1
1328,CC(CCC(=O)O)C(=O)O
1329,CC(CCO)CC(C)(C)C
1330,CC(CCO)CCCC(C)(C)O
1331,CC(CCO)CCc1ccccc1
1332,CC(CCc1ccc(O)cc1)NCC(O)c1ccc(O)cc1
1333,CC(CCc1ccc(O)cc1)NCCc1ccc(O)c(O)c1
1334,CC(CCc1ccccc1)NC(C)C(O)c1ccc(O)cc1
1335,CC(CCc1ccccc1)NCC(O)c1ccc(O)c(C(N)=O)c1
1336,CC(CCl)OC(C)CCl
1337,CC(CCl)OP(=O)(OC(C)CCl)OC(C)CCl
1338,CC(CN(C)C)C(C)(O)Cc1ccc(Cl)cc1
1339,CC(CN(C)C)CN1c2ccccc2CCc2ccccc21
1340,CC(CN(C)C)CN1c2ccccc2S(=O)(=O)c2ccccc21
1341,CC(CN(CCN(CC(C)OCCO)CC(C)OCCO)CC(C)OCCO)OCCO
1342,CC(CN)CC(C)(C)CCN
1343,CC(CN)CCCN
1344,CC(CN1CC(=O)NC(=O)C1)N1CC(=O)NC(=O)C1
1345,CC(CN1c2ccccc2Sc2ccc(S(=O)(=O)N(C)C)cc21)N(C)C
1346,CC(CN1c2ccccc2Sc2ccccc21)N(C)C
1347,CC(CN1c2ccccc2Sc2cccnc21)N(C)C
1348,CC(CNC(=O)c1cccnc1)NC(=O)c1cccnc1
1349,CC(CNC1CCCCC1)OC(=O)c1ccccc1
1350,CC(CO)(CO)C(=O)O
1351,CC(CO)(CO)CO
1352,CC(CO)(CO)[N+](=O)[O-]
1353,CC(CO)CO
1354,CC(CO)Oc1ccccc1
1355,CC(CO)c1ccccc1
1356,CC(COC(=O)c1ccccc1)OC(=O)c1ccccc1
1357,CC(COC(C)(C)C)OCCCO
1358,CC(COCC(C)OC(=O)c1ccccc1)OC(=O)c1ccccc1
1359,CC(COCCO)OCCO
1360,CC(COc1ccc(C(C)(C)C)cc1)OS(=O)OCCCl
1361,CC(COc1ccc(Oc2ccccc2)cc1)Oc1ccccn1
1362,CC(COc1ccccc1)N(CCCl)Cc1ccccc1
1363,CC(COc1ccccc1)NC(C)C(O)c1ccc(O)cc1
1364,CC(COc1ccccc1)NN
1365,CC(C[N+](C)(C)C)OC(N)=O
1366,CC(Cc1ccc(C(C)(C)C)cc1)CN1C[C@@H](C)O[C@@H](C)C1
1367,CC(Cc1ccc(O)c(O)c1)C(C)Cc1ccc(O)c(O)c1
1368,CC(Cc1ccc(O)cc1)NCC(O)c1cc(O)cc(O)c1
1369,CC(Cc1ccc(OCC(=O)O)cc1)NCC(O)c1csc(C(F)(F)F)n1
1370,CC(Cc1ccc2c(c1)OCO2)NO
1371,CC(Cc1cccc(C(F)(F)F)c1)NCCOC(=O)c1ccccc1
1372,CC(Cc1ccccc1)(NC(=O)CN)c1ccccc1
1373,CC(Cc1ccccc1)N(C)Cc1ccco1
1374,CC(Cc1ccccc1)NCCCCl
1375,CC(Cc1ccccc1)NCCn1cnc2c1c(=O)n(C)c(=O)n2C
1376,CC(Cc1ccccc1)NCc1ccccc1Cl
1377,CC(Cl)(Cl)C(=O)O
1378,CC(Cl)(Cl)Cl
1379,CC(Cl)(Cl)[N+](=O)[O-]
1380,CC(Cl)C(=O)O
1381,CC(Cl)C(C)Cl
1382,CC(Cl)C(Cl)Cl
1383,CC(Cl)CCl
1384,CC(Cl)COP(=O)(OCC(C)Cl)OCC(C)Cl
1385,CC(Cl)Cl
1386,CC(N)=O
1387,CC(N)=S
1388,CC(N)C(=O)OC(C)(C)Cc1ccc(Cl)cc1
1389,CC(N)C12CC3CC(CC(C3)C1)C2
1390,CC(N)CCCC(C)(C)O
1391,CC(N)CN
1392,CC(N)Cc1ccc(O)cc1
1393,CC(N)Cc1ccc2c(c1)OCO2
1394,CC(N/C(=N\C#N)Nc1ccncc1)C(C)(C)C
1395,CC(NC(C)(C)C)C(=O)c1cccc(Cl)c1
1396,CC(NC(CCc1ccccc1)C(=O)O)C(=O)N1C(=O)N(C)CC1C(=O)O
1397,CC(NCCC(c1ccccc1)c1ccccc1)c1ccccc1
1398,CC(NN)c1ccccc1
1399,CC(NNC(=O)c1ccccc1)c1ccccc1
1400,CC(O)(P(=O)(O)O)P(=O)(O)O
1401,CC(O)(c1ccc(Cl)cc1)c1ccc(Cl)cc1
1402,CC(O)C#CC(C)O
1403,CC(O)C(=O)[O][Hg][c]1ccccc1
1404,CC(O)C(C)O
1405,CC(O)C(CO)C(C)O
1406,CC(O)C1CCCCC1
1407,CC(O)CC(C)(C)O
1408,CC(O)CC(C)O
1409,CC(O)CCCCn1c(=O)c2c(ncn2C)n(C)c1=O
1410,CC(O)CCO
1411,CC(O)CCl
1412,CC(O)CN
1413,CC(O)CN(CC(C)O)CC(C)O
1414,CC(O)CN(CCCN(C)C)CCCN(C)C
1415,CC(O)CN(CCN(CC(C)O)CC(C)O)CC(C)O
1416,CC(O)CN1CCN(CC(=O)O)CCN(CC(=O)O)CCN(CC(=O)O)CC1
1417,CC(O)CNCC(C)O
1418,CC(O)CO
1419,CC(O)COC(C)(C)C
1420,CC(O)COCC(C)O
1421,CC(O)COc1ccccc1
1422,CC(O)Cn1cnc2c1c(=O)n(C)c(=O)n2C
1423,CC(O)[C@@H]1NC(=O)[C@H](CCCCN)NC(=O)[C@@H](Cc2c[nH]c3ccccc23)NC(=O)[C@H](Cc2ccccc2)NC(=O)[C@@H](NC(=O)[C@H](N)Cc2ccccc2)CSSC[C@@H](C(=O)N[C@H](CO)[C@@H](C)O)NC1=O
1424,CC(O)[C@H]1CC[C@H]2[C@@H]3CC[C@@H]4C[C@@H](O)CC[C@]4(C)[C@H]3CC[C@]12C
1425,CC(O)c1ccccc1
1426,CC(Oc1c(Cl)cccc1Cl)C1=NCCN1
1427,CC(Oc1cc(Cl)c(Cl)cc1Cl)C(=O)O
1428,CC(Oc1cc(Cl)ccc1Cl)C(=O)O
1429,CC(Oc1ccc(Cl)cc1Cl)C(=O)O
1430,CC(Oc1ccc(Oc2ncc(C(F)(F)F)cc2Cl)cc1)C(=O)O
1431,CC(Oc1cccc(Cl)c1)C(=O)O
1432,CC(S)C(=O)NCC(=O)O
1433,CC(S)C(C)S
1434,CC(c1cc2ccccc2s1)N(O)C(N)=O
1435,CC(c1ccc(O)cc1)(c1ccc(O)cc1)c1ccc(O)cc1
1436,CC(c1ccc(O)cc1)c1ccc(O)cc1
1437,CC/C(=C(/CC)c1ccc(O)cc1)c1ccc(O)cc1
1438,CC/C(=C(/CC)c1ccc(OP(=O)(O)O)cc1)c1ccc(OP(=O)(O)O)cc1
1439,CC/C(=C(\c1ccc(O)cc1)c1ccc(OCCN(C)C)cc1)c1ccccc1
1440,CC/C(=N\OC/C=C/Cl)C1=C(O)CC(C2CCOCC2)CC1=O
1441,CC/C(C)=N/O[Si](C)(O/N=C(\C)CC)O/N=C(\C)CC
1442,CC/C=C/C/C=C/C/C=C/CCCCCCCC(=O)OCC
1443,CC/C=C/CCCCCCCCCCOC(C)=O
1444,CC/C=C/CCO
1445,CC/C=C1/OC(=O)c2ccccc21
1446,CC/C=C\C#N
1447,CC/C=C\C/C=C\C/C=C\CCCCCCCC(=O)O
1448,CC/C=C\CC/C=C/C(OCC)OCC
1449,CC/C=C\CC/C=C/CO
1450,CC/C=C\CC1=C(C)CCC1=O
1451,CC/C=C\CCCCCCCCCCOC(C)=O
1452,CC/C=C\CCCCCO
1453,CC/C=C\CCCCO
1454,CC/C=C\CCO
1455,CC/C=C\CCOC(=O)C(C)C
1456,CC/C=C\CCOC(=O)CC
1457,CC/C=C\CCOC(=O)CCCCC
1458,CC/C=C\CCOC(=O)c1ccccc1
1459,CC/C=C\CCOC(=O)c1ccccc1O
1460,CC/C=C\CCOC(C)=O
1461,CC/C=C\CCOC(C)OCC
1462,CC/N=c1/cc2oc3cc(NCC)c(C)cc3c(-c3ccccc3C(=O)OCC)c-2cc1C
1463,CC1(C(=O)Nc2ccc(O)c(Cl)c2Cl)CCCCC1
1464,CC1(C)C(/C=C\C=C/C=C\C=C2\N(CCCCS(=O)(=O)O)c3ccc4ccccc4c3C2(C)C)=[N+](CCCCS(=O)(=O)[O-])c2ccc3ccccc3c21
1465,CC1(C)C(=O)C(C)(C)C1=O
1466,CC1(C)C(=O)N(Br)C(=O)N1Br
1467,CC1(C)C(=O)N(Br)C(=O)N1Cl
1468,CC1(C)C(=O)N(Cl)C(=O)N1Br
1469,CC1(C)C(=O)N(Cl)C(=O)N1Cl
1470,CC1(C)C(=O)NC(=O)N1CO
1471,CC1(C)C(=O)NC(=O)NC1=O
1472,CC1(C)C(C(=O)OC(C#N)c2cccc(Oc3ccccc3)c2)C1(C)C
1473,CC1(C)C(C=C(Cl)Cl)C1C(=O)OC(C#N)c1cccc(Oc2ccccc2)c1
1474,CC1(C)C(C=C(Cl)Cl)C1C(=O)OCc1cccc(Oc2ccccc2)c1
1475,CC1(C)C(O)C(C)(C)C1O
1476,CC1(C)C2=CCCC(C)(C)[C@]23CC[C@H]1C3
1477,CC1(C)C2CCC3(C2)[C@H]1C(=O)CCC3(C)C
1478,CC1(C)C2CC[C@]3(C)[C@H](C(=O)C=C4[C@@H]5C[C@@](C)(C(=O)O)CC[C@]5(C)CC[C@]43C)[C@@]2(C)CC[C@@H]1O[C@H]1O[C@H](C(=O)O)[C@@H](O)[C@H](O)[C@H]1O[C@@H]1O[C@H](C(=O)O)[C@@H](O)[C@H](O)[C@H]1O
1479,CC1(C)CC(=O)CC(C)(C)N1
1480,CC1(C)CC(=O)CC(C)(C)N1[O]
1481,CC1(C)CC(N)CC(C)(C)N1
1482,CC1(C)CC(N)CC(C)(CN)C1
1483,CC1(C)CC(N=C=O)CC(C)(CN=C=O)C1
1484,CC1(C)CC(O)CC(C)(C)N1
1485,CC1(C)CC(O)CC(C)(C)N1[O]
1486,CC1(C)CC(OC(=O)CCCCCCCCC(=O)OC2CC(C)(C)NC(C)(C)C2)CC(C)(C)N1
1487,CC1(C)CCC(=Cc2ccc(Cl)cc2)C1(O)Cn1cncn1
1488,CC1(C)CCC(C)(C)c2cc(C(=O)Nc3ccc(C(=O)O)cc3)ccc21
1489,CC1(C)CCC(C)(C)c2cc(NC(=O)c3ccc(C(=O)O)cc3)ccc21
1490,CC1(C)CCC(Cc2ccc(Cl)cc2)C1(O)Cn1cncn1
1491,CC1(C)CCC(NC(=O)[C@@H](N)CCC(=O)O)CC1
1492,CC1(C)CCC[C@]2(C)[C@H]3CC(=O)O[C@]3(C)CC[C@@H]12
1493,CC1(C)CCC[C@]2(C)[C@H]3CCO[C@]3(C)CC[C@@H]12
1494,CC1(C)CNC(=NN=C(/C=C/c2ccc(C(F)(F)F)cc2)/C=C/c2ccc(C(F)(F)F)cc2)NC1
1495,CC1(C)CON(Cc2ccccc2Cl)C1=O
1496,CC1(C)COP(Oc2ccccc2)OC1
1497,CC1(C)CO[C@@H](CC(=O)O)CN1
1498,CC1(C)C[C@@H]1C(=O)N/C(=C\CCCCSC[C@H](N)C(=O)O)C(=O)O
1499,CC1(C)Cc2cccc(N)c2O1
1500,CC1(C)Cc2cccc(O)c2O1
1501,CC1(C)N=C(N)N=C(N)N1c1ccc(Cl)cc1
1502,CC1(C)NC(=O)N(c2ccc([N+](=O)[O-])c(C(F)(F)F)c2)C1=O
1503,CC1(C)NC(=O)NC1=O
1504,CC1(C)OC(=O)NC1=O
1505,CC1(C)OC(=O)Nc2ccc(Br)cc21
1506,CC1(C)OC[C@@H](COC(=O)CCc2ccc(OC[C@@H](O)CNCCNC(=O)N3CCOCC3)cc2)O1
1507,CC1(C)OC[C@@H]2O[C@@]3(C(=O)O)OC(C)(C)O[C@H]3[C@@H]2O1
1508,CC1(C)O[C@@H]2C[C@H]3[C@@H]4CCC5=CC(=O)C=C[C@]5(C)[C@@]4(F)[C@@H](O)C[C@]3(C)[C@]2(C(=O)CO)O1
1509,CC1(C)O[C@@H]2C[C@H]3[C@@H]4CCC5=CC(=O)C=C[C@]5(C)[C@H]4[C@@H](O)C[C@]3(C)[C@]2(C(=O)CO)O1
1510,CC1(C)O[C@@H]2C[C@H]3[C@@H]4CCC5=CC(=O)CC[C@]5(C)[C@@]4(F)[C@@H](O)C[C@]3(C)[C@]2(C(=O)CCl)O1
1511,CC1(C)O[C@@H]2C[C@H]3[C@@H]4C[C@H](F)C5=CC(=O)C=C[C@]5(C)[C@@]4(F)[C@@H](O)C[C@]3(C)[C@]2(C(=O)CO)O1
1512,CC1(C)O[C@@H]2C[C@H]3[C@@H]4C[C@H](F)C5=CC(=O)C=C[C@]5(C)[C@H]4[C@@H](O)C[C@]3(C)[C@]2(C(=O)CO)O1
1513,CC1(C)O[C@@H]2C[C@H]3[C@@H]4C[C@H](F)C5=CC(=O)CC[C@]5(C)[C@H]4[C@@H](O)C[C@]3(C)[C@]2(C(=O)CO)O1
1514,CC1(C)O[C@@H]2[C@@H](CO[C@@]3(COS(N)(=O)=O)OC(C)(C)O[C@@H]23)O1
1515,CC1(C)O[C@H]2CC(=O)OC[C@]23[C@H]2CC[C@@]4(C)[C@H](c5ccoc5)OC(=O)[C@H]5O[C@]54[C@]2(C)C(=O)C[C@@H]13
1516,CC1(C)Oc2ccc(C#N)cc2[C@@H](N2CCCC2=O)[C@@H]1O
1517,CC1(C)SC(C)(C)SC(C)(C)S1
1518,CC1(C)S[C@@H]2[C@H](/N=C/N3CCCCCC3)C(=O)N2[C@H]1C(=O)O
1519,CC1(C)S[C@@H]2[C@H](N)C(=O)N2[C@H]1C(=O)O
1520,CC1(C)S[C@@H]2[C@H](NC(=O)C(C(=O)O)c3ccccc3)C(=O)N2[C@H]1C(=O)O
1521,CC1(C)S[C@@H]2[C@H](NC(=O)C3(N)CCCCC3)C(=O)N2[C@H]1C(=O)O
1522,CC1(C)S[C@@H]2[C@H](NC(=O)COc3ccccc3)C(=O)N2[C@H]1C(=O)O
1523,CC1(C)S[C@@H]2[C@H](NC(=O)Cc3ccccc3)C(=O)N2[C@H]1C(=O)O
1524,CC1(C)S[C@@H]2[C@H](NC(=O)[C@@H](NC(=O)N3CCNC3=O)c3ccccc3)C(=O)N2[C@H]1C(=O)O
1525,CC1(C)S[C@@H]2[C@H](NC(=O)[C@@H](c3ccccc3)S(=O)(=O)O)C(=O)N2[C@H]1C(=O)O
1526,CC1(C)S[C@@H]2[C@H](NC(=O)[C@H](C(=O)O)c3ccsc3)C(=O)N2[C@H]1C(=O)O
1527,CC1(C)S[C@@H]2[C@H](NC(=O)[C@H](N)c3ccc(O)cc3)C(=O)N2[C@H]1C(=O)O
1528,CC1(C)S[C@@H]2[C@H](NC(=O)[C@H](N)c3ccccc3)C(=O)N2[C@H]1C(=O)O
1529,CC1(C)S[C@@H]2[C@H](NC(=O)[C@H](N)c3ccccc3)C(=O)N2[C@H]1C(=O)OCOC(=O)[C@@H]1N2C(=O)C[C@H]2S(=O)(=O)C1(C)C
1530,CC1(C)S[C@@H]2[C@H](NC(=O)[C@H](NC(=O)N3CCN(S(C)(=O)=O)C3=O)c3ccccc3)C(=O)N2[C@H]1C(=O)O
1531,CC1(C)[C@@H](O)CC[C@]2(C)[C@H]3C(=O)C=C4[C@@H]5C[C@@](C)(C(=O)O)CC[C@]5(C)CC[C@@]4(C)[C@]3(C)CC[C@@H]12
1532,CC1(C)[C@@H](OC(=O)CCC(=O)O)CC[C@]2(C)[C@H]3C(=O)C=C4[C@@H]5C[C@@](C)(C(=O)O)CC[C@]5(C)CC[C@@]4(C)[C@]3(C)CC[C@@H]12
1533,CC1(C)[C@@H]2CC[C@@]1(C)C(=O)C2
1534,CC1(C)[C@@H]2CC[C@@]1(C)[C@H](O)C2
1535,CC1(C)[C@@H]2CC[C@@]1(C)[C@H](OC(=O)CSC#N)C2
1536,CC1(C)[C@H](/C=C(\Cl)C(F)(F)F)[C@@H]1C(=O)O[C@H](C#N)c1cccc(Oc2ccccc2)c1
1537,CC1(C)[C@H](/C=C2\CCSC2=O)[C@@H]1C(=O)OCc1coc(Cc2ccccc2)c1
1538,CC1(C)[C@H](C(=O)O)N2C(=O)C[C@H]2S1(=O)=O
1539,CC1(C)[C@H](C(=O)O[C@H](C#N)c2cccc(Oc3ccccc3)c2)[C@@H]1/C=C(\Cl)C(F)(F)F
1540,CC1(C)[C@H](C(=O)O[C@H](C#N)c2cccc(Oc3ccccc3)c2)[C@@H]1C=C(Br)Br
1541,CC1(C)[C@H](C=C(Cl)Cl)[C@@H]1C(=O)O[C@@H](C#N)c1cccc(Oc2ccccc2)c1
1542,CC1(C)[C@H](C=C(Cl)Cl)[C@H]1C(=O)OCc1c(F)c(F)cc(F)c1F
1543,CC1(C)[C@H]2CC[C@](C)(C2)[C@H]1O
1544,CC1(C)[C@H]2CC[C@]1(C)[C@H](O)C2
1545,CC1(CN2CCC(n3c(=O)[nH]c4ccccc43)CC2)OCc2ccccc2-n2cccc21
1546,CC1(CO)CN(c2ccccc2)NC1=O
1547,CC1(COc2ccc(CC3SC(=O)NC3=O)cc2)CCCCC1
1548,CC1(N)CCC(C(C)(C)N)CC1
1549,CC1(O)CCC(C(C)(C)O)CC1
1550,CC1(O)CSC(C)(O)CS1
1551,CC1(S(=O)(=O)O)CC(=O)c2ccccc2C1=O
1552,CC1(c2ccc(Oc3ccccc3)cc2)OC(=O)N(Nc2ccccc2)C1=O
1553,CC1(c2ccccc2)OC(C(=O)O)=CC1=O
1554,CC12CC1(C)C(=O)N(c1cc(Cl)cc(Cl)c1)C2=O
1555,CC12CC3CC(C)(C1)CC(N)(C3)C2
1556,CC12CCC(C1)C(C)(C)C2O
1557,CC12CCC(CC1)C(C)(C)O2
1558,CC12CCC(CC1=O)C2(C)C
1559,CC12CCC(C[N+](C)(CCC[N+](C)(C)C)C1)C2(C)C
1560,CC12CCCC=C1C(=O)OC2=O
1561,CC1=C(/C=C/C(C)=C/C=C/C(C)=C/C(=O)Oc2c(C)c(C)c3c(c2C)CC[C@@](C)(CCC[C@H](C)CCC[C@H](C)CCCC(C)C)O3)C(C)(C)CCC1
1562,CC1=C(/C=C/C(C)=C/C=C/C(C)=C/C=C/C=C(C)/C=C/C=C(C)/C=C/C2=C(C)C[C@@H](O)CC2(C)C)C(C)(C)C[C@H](O)C1
1563,CC1=C(/C=C/C(C)=C/C=C/C(C)=C/C=C\C=C(C)\C=C\C=C(C)\C=C\C2=C(C)C(=O)CCC2(C)C)C(C)(C)CCC1=O
1564,CC1=C(/C=C/C(C)=C/C=C/C(C)=C/C=C\C=C(C)\C=C\C=C(C)\C=C\C2=C(C)CCCC2(C)C)C(C)(C)CCC1
1565,CC1=C(/C=C/C(C)=C/C=C/C(C)=C/C=O)C(C)(C)CCC1
1566,CC1=C(/C=C/C(C)=C/C=C/C(C)=C/CO)C(C)(C)CCC1
1567,CC1=C(/C=C/C(C)=C/C=C/C(C)=C\C=O)C(C)(C)CCC1
1568,CC1=C(/C=C/C(C)=C/C=C\C(C)=C\C(=O)Nc2ccc(O)cc2)C(C)(C)CCC1
1569,CC1=C(/C=C/C(C)=C/C=C\C(C)=C\C(=O)O)C(C)(C)CCC1
1570,CC1=C(/C=C/C(C)=C\C=C/C(C)=C/C(=O)O)C(C)(C)CCC1
1571,CC1=C(Br)C(=O)C(Br)=C/C1=C(\c1ccccc1S(=O)(=O)O)c1cc(Br)c(O)c(Br)c1C
1572,CC1=C(C(=O)Nc2ccccc2)S(=O)(=O)CCO1
1573,CC1=C(C(=O)Nc2ccccc2)SCCO1
1574,CC1=C(C(=O)O)N2C(=O)[C@@H](N)[C@H]2SC1
1575,CC1=C(C(=O)O)N2C(=O)[C@@H](NC(=O)[C@H](N)C3=CCC=CC3)[C@H]2SC1
1576,CC1=C(C(=O)O)N2C(=O)[C@@H](NC(=O)[C@H](N)c3ccc(O)cc3)[C@H]2SC1
1577,CC1=C(C(=O)O)N2C(=O)[C@@H](NC(=O)[C@H](N)c3ccccc3)[C@H]2SC1
1578,CC1=C(C(=O)OC(C)C)C(c2cccc([N+](=O)[O-])c2)C(C(=O)OC2CN(C(c3ccccc3)c3ccccc3)C2)=C(N)N1
1579,CC1=C(C(=O)OCCN(Cc2ccccc2)c2ccccc2)C(c2cccc([N+](=O)[O-])c2)C(P2(=O)OCC(C)(C)CO2)=C(C)N1
1580,CC1=C(C)C(=O)C(C(CCCCCC(=O)O)c2ccccc2)=C(C)C1=O
1581,CC1=C(C)C(=O)C(CCCCC#CCCCC#CCO)=C(C)C1=O
1582,CC1=C(C)S(=O)(=O)CCS1(=O)=O
1583,CC1=C(C/C=C(\C)CCC[C@H](C)CCC[C@H](C)CCCC(C)C)C(=O)c2ccccc2C1=O
1584,CC1=C(C=O)C(C)(C)CC=C1
1585,CC1=C(C=O)C(C)(C)CCC1
1586,CC1=C(CC(=O)O)c2cc(F)ccc2/C1=C\c1ccc(S(C)(=O)=O)cc1
1587,CC1=C(CC(=O)O)c2cc(F)ccc2/C1=C\c1ccc(S(C)=O)cc1
1588,CC1=C(CC=O)C(C)(C)CCC1
1589,CC1=C(O)C(=O)C(C)O1
1590,CC1=C(O)C(=O)CO1
1591,CC1=C(O)C(=O)OC1C
1592,CC1=C2C[C@H]3[C@@H](CC=C4C[C@@H](O)CC[C@@]43C)[C@@H]2CC[C@]12O[C@@H]1C[C@H](C)CN[C@H]1[C@H]2C
1593,CC1=C2N=C(C=C3N=C(C(C)=C4[C@@H](CCC(N)=O)[C@](C)(CC(N)=O)[C@](C)([C@@H]5N=C1[C@](C)(CCC(=O)NC[C@@H](C)OP(=O)([O-])O[C@H]1[C@@H](O)[C@@H](n6cnc7cc(C)c(C)cc76)O[C@@H]1CO)[C@H]5CC(N)=O)[N]4[Co+][C]#N)[C@@](C)(CC(N)=O)[C@@H]3CCC(N)=O)C(C)(C)[C@@H]2CCC(N)=O
1594,CC1=C2N=C(C=C3N=C(C(C)=C4[N]([Co+][CH2][C@H]5O[C@@H](n6cnc7c(N)ncnc76)[C@H](O)[C@@H]5O)C(C(CC(N)=O)C4(C)CCC(=O)NCC(C)OP(=O)([O-])O[C@H]4[C@@H](O)[C@@H](n5cnc6cc(C)c(C)cc65)O[C@@H]4CO)C4(C)N=C1C(CCC(N)=O)C4(C)CC(N)=O)C(CCC(N)=O)C3(C)C)C(CCC(N)=O)C2(C)CC(N)=O
1595,CC1=C2[C@@H]([C@H](C)CC[C@H]2/C=C(\C)C(=O)O)[C@H](O)C1
1596,CC1=C2[C@H](/C=C(\C)C(=O)O)CC[C@@H](C)[C@H]2CC1
1597,CC1=C2[C@H]3OC(=O)[C@@H](C)[C@@H]3CC[C@@]2(C)C=CC1=O
1598,CC1=CC(=O)/C(=C(/C)O)C(=O)O1
1599,CC1=CC(=O)CC(C)(C)C1
1600,CC1=CC(=O)CC(C)(C)C1(O)/C=C/C(C)=C\C(=O)O
1601,CC1=CC(=O)CC(C)(C)C1=O
1602,CC1=CC(=O)CCC1
1603,CC1=CC(=O)NS(=O)(=O)O1
1604,CC1=CC(=O)[C@H]2C[C@@H]1C2(C)C
1605,CC1=CC(=O)c2ccccc2C1=O
1606,CC1=CC(C)(C)Nc2ccccc21
1607,CC1=CC(C)C(C=O)C(C)C1
1608,CC1=CC(C)C(C=O)CC1
1609,CC1=CC(O)CC(C)(C)C1
1610,CC1=CC2C3CC(C=C3C)C2C1
1611,CC1=CC=C(C(C)C)CC1
1612,CC1=CCC(=C(C)C)CC1
1613,CC1=CCC(C(C)(C)O)CC1
1614,CC1=CCC(C(C)C)=CC1
1615,CC1=CCC(C(C)C)C=C1
1616,CC1=CCC(O)(C(C)C)CC1
1617,CC1=CCC2C(C1)C2(C)C
1618,CC1=CCC2CC1C2(C)C
1619,CC1=CCCC(C)(C)C12CCC(C)O2
1620,CC1=CC[C@@H]2C[C@H]1C2(C)C
1621,CC1=CC[C@@]23CC1C(C)(C)[C@@H]2CC[C@H]3C
1622,CC1=CC[C@H](C(C)C)C=C1
1623,CC1=CC[C@H](CC=O)C1(C)C
1624,CC1=CC[C@H]2C[C@@H]1C2(C)C
1625,CC1=C[C@H](O)CC(C)(C)[C@H]1/C=C/C(C)=C/C=C/C(C)=C/C=C\C=C(C)\C=C\C=C(C)\C=C\C1=C(C)C[C@@H](O)CC1(C)C
1626,CC1=NC(C)OC1C
1627,CC1=NN(c2cc(Cl)c(S(=O)(=O)O)cc2Cl)C(=O)C1/N=N/c1ccc(S(=O)(=O)O)cc1
1628,CC1=NN(c2cc(S(=O)(=O)O)ccc2Cl)C(=O)C1/N=N/c1ccccc1
1629,CC1=NN(c2ccc(C(=O)O)cc2)C(=O)C1
1630,CC1=NN(c2ccc(C)c(C)c2)C(=O)/C1=N/Nc1cccc(-c2cccc(C(=O)O)c2)c1O
1631,CC1=NN(c2ccc(S(=O)(=O)O)cc2)C(=O)C1
1632,CC1=NN(c2cccc(S(=O)(=O)O)c2)C(=O)C1
1633,CC1=NN(c2ccccc2)C(=O)C1
1634,CC1=NNC(=O)N(/N=C/c2cccnc2)C1
1635,CC1=Nc2ccc(Cl)cc2S(=O)(=O)N1
1636,CC1=Nc2ccc3ccccc3c2C1(C)C
1637,CC1=Nc2ccccc2C1(C)C
1638,CC1C(=O)CC2C3(C)CCC2(C(C)C(=O)O)C(=O)C13
1639,CC1C(C)(C)C2=C(C(=O)CCC2)C1(C)C
1640,CC1C2CC(CC2C2CCCC(O)C2)C1(C)C
1641,CC1C=CC=C1
1642,CC1CC(=O)CC(C)(C)C1
1643,CC1CC(=O)NN=C1c1ccc(NCC(C)(C)NCC(O)COc2cc(Cl)ccc2C#N)cc1
1644,CC1CC(=O)O1
1645,CC1CC(C)C(=O)C1=O
1646,CC1CC(CC2CCC(N)C(C)C2)CCC1N
1647,CC1CC(O)CC(C)(C)C1
1648,CC1CC(OC(=O)C(O)c2ccccc2)CC(C)(C)N1C
1649,CC1CC(OC(=O)c2ccccc2O)CC(C)(C)C1
1650,CC1CCC(=O)C1=O
1651,CC1CCC(=O)O1
1652,CC1CCC(C(C)(C)S)C(=O)C1
1653,CC1CCC(C(C)C)C(O)C1
1654,CC1CCC(C(C)C)C(OC(=O)c2ccccc2N)C1
1655,CC1CCC(C(C)CS)CC1S
1656,CC1CCC(CO)CC1
1657,CC1CCC2CC1C2(C)C
1658,CC1CCCC(=O)C1=O
1659,CC1CCCC(C)N1NC(=O)c1ccc(Cl)c(S(N)(=O)=O)c1
1660,CC1CCCC1
1661,CC1CCCCC1NC(=O)Nc1ccccc1
1662,CC1CCCCN1CCCOC(=O)c1ccc(OC2CCCCC2)cc1
1663,CC1CCCCN1CCCOC(=O)c1ccccc1
1664,CC1CCCNC1
1665,CC1CCCO1
1666,CC1CCN(CCCC(=O)c2ccc(F)cc2)CC1
1667,CC1CCc2c(N3CCC(O)CC3)c(F)cc3c(=O)c(C(=O)O)cn1c23
1668,CC1CCc2cc(F)cc3c(=O)c(C(=O)O)cn1c23
1669,CC1CCc2nccnc21
1670,CC1CN(c2cc3c(cc2F)c(=O)c(C(=O)O)cn3-c2ccc(F)cc2F)CCN1
1671,CC1CN(c2ccccc2)NC1=O
1672,CC1CN1
1673,CC1CN1P(=O)(N1CC1C)N1CC1C
1674,CC1COC(=O)O1
1675,CC1COC(Cn2cncn2)(c2ccc(Oc3ccc(Cl)cc3)cc2Cl)O1
1676,CC1COC2(c3ccccc3Cl)c3cc(Cl)ccc3NC(=O)CN12
1677,CC1COc2c(N3CCN(C)CC3)c(F)cc3c(=O)c(C(=O)O)cn1c23
1678,CC1COc2ccccc2N1
1679,CC1COc2ccccc2N1C(=O)C(Cl)Cl
1680,CC1CS(=O)(=O)CCN1N=Cc1ccc([N+](=O)[O-])o1
1681,CC1Cc2ccccc2N1NC(=O)c1ccc(Cl)c(S(N)(=O)=O)c1
1682,CC1NCCOC1c1ccccc1
1683,CC1OC(=O)C(C)OC1=O
1684,CC1OC(C)OC(C)O1
1685,CC1OC1C1CCC2(C)OC2C1
1686,CC1OCCC1=O
1687,CC1Sc2c(C(=O)O)c(=O)c3cc(F)c(N4CCNCC4)cc3n21
1688,CC=C(C)C(=O)OCCC(C)CCC=C(C)C
1689,CC=C(CC)C(=O)NC(N)=O
1690,CC=C(Cl)Cl
1691,CC=C1CC2C=CC1C2
1692,CC=CC(=O)CC
1693,CC=CC(=O)CCCC
1694,CC=CC(=O)N(CC)c1ccccc1C
1695,CC=CC(=O)O
1696,CC=CC=CCOC(=O)C(C)C
1697,CC=CC=NNC(=O)c1ccncc1
1698,CC=CC=O
1699,CC=CCC#N
1700,CC=Cc1ccc(O)c(OC)c1
1701,CC=Cc1ccc(OC)cc1
1702,CC=Cc1ccc2c(c1)OCO2
1703,CC=O
1704,CCBr
1705,CCC#N
1706,CCC(=C(CC)c1ccc(O)cc1)c1ccc(O)cc1
1707,CCC(=O)/C=C/C1C(C)=CCCC1(C)C
1708,CCC(=O)C(=O)CC
1709,CCC(=O)C(CC(C)N(C)C)(c1ccccc1)c1ccccc1
1710,CCC(=O)C(CCN(C)C)(c1ccccc1)c1ccccc1
1711,CCC(=O)C1CC(C(C)C)CC=C1C
1712,CCC(=O)C=Cc1ccc(OC)cc1
1713,CCC(=O)CC
1714,CCC(=O)N(c1ccc(F)cc1)C1CCN(CCc2ccccc2)CC1
1715,CCC(=O)N(c1ccccc1)C1(COC)CCN(CCc2cccs2)CC1
1716,CCC(=O)N(c1ccccc1)C1(COC)CCN(CCn2nnn(CC)c2=O)CC1
1717,CCC(=O)N(c1ccccc1)C1CCN(C(C)Cc2ccccc2)CC1
1718,CCC(=O)N(c1ccccc1)C1CCN(C(C)Cc2cccs2)CC1
1719,CCC(=O)N(c1ccccc1)C1CCN(CC(O)c2ccccc2)CC1
1720,CCC(=O)N(c1ccccc1)C1CCN(CCc2ccccc2)CC1
1721,CCC(=O)N(c1ccccc1)C1CCN(CCc2cccs2)CC1
1722,CCC(=O)N(c1ccccc1)C1CCN(Cc2ccccc2)CC1
1723,CCC(=O)N(c1ccccc1)C1CCN(Cc2cccs2)CC1
1724,CCC(=O)N(c1ccccc1)C1CCNCC1
1725,CCC(=O)N(c1ccccc1)[C@@H]1CCN(CCc2ccccc2)C[C@@H]1C
1726,CCC(=O)N(c1ccccc1)[C@H]1CCN(CCc2ccccc2)C[C@@H]1C
1727,CCC(=O)NCCC1CCc2ccc3c(c21)CCO3
1728,CCC(=O)NS(=O)(=O)c1ccc(-c2c(-c3ccccc3)noc2C)cc1
1729,CCC(=O)Nc1ccc(Cl)c(Cl)c1
1730,CCC(=O)Nc1ccc(O)cc1
1731,CCC(=O)Nc1cccc(N)c1
1732,CCC(=O)O
1733,CCC(=O)OC
1734,CCC(=O)OC(=O)CC
1735,CCC(=O)OC(C)(C)C1CC=C(C)CC1
1736,CCC(=O)OC(C)c1ccccc1
1737,CCC(=O)OC(OP(=O)(CCCCc1ccccc1)CC(=O)N1C[C@H](C2CCCCC2)C[C@H]1C(=O)O)C(C)C
1738,CCC(=O)OC/C=C/c1ccccc1
1739,CCC(=O)OC1(c2ccccc2)CCN(C)CC1
1740,CCC(=O)OCC(=O)[C@@]1(OC(=O)CC)[C@@H](C)C[C@H]2[C@@H]3CCC4=CC(=O)C=C[C@]4(C)[C@@]3(Cl)[C@@H](O)C[C@@]21C
1741,CCC(=O)OCC(=O)[C@@]1(OC(=O)CC)[C@H](C)C[C@H]2[C@H]3[C@H]([C@@H](O)C[C@@]21C)[C@@]1(C)C=CC(=O)C=C1C[C@H]3Cl
1742,CCC(=O)OCCC(C)CCC=C(C)C
1743,CCC(=O)OCCOc1ccccc1
1744,CCC(=O)OCCc1ccccc1
1745,CCC(=O)OCc1ccc(OC)cc1
1746,CCC(=O)OCc1ccccc1
1747,CCC(=O)O[C@@H]1C=C2CCC3C(CCC4(C)C3CC[C@@H]4OC(=O)CC)C2CC1
1748,CCC(=O)O[C@@H]1CC(=O)O[C@H](C)CC=CC=C[C@H](O)[C@H](C)C[C@H](CC=O)[C@H](O[C@@H]2O[C@H](C)[C@@H](O[C@H]3C[C@@](C)(O)[C@@H](OC(=O)CC)[C@H](C)O3)[C@H](N(C)C)[C@H]2O)[C@H]1OC
1749,CCC(=O)O[C@@H]1C[C@H]2CC[C@]1(C)C2(C)C
1750,CCC(=O)O[C@@](Cc1ccccc1)(c1ccccc1)[C@@H](C)CN(C)C
1751,CCC(=O)O[C@H]1CC[C@H]2[C@@H]3CCC4=CC(=O)CC[C@]4(C)[C@H]3CC[C@]12C
1752,CCC(=O)O[C@H]1CC[C@H]2[C@@H]3CCc4cc(O)ccc4[C@H]3CC[C@]12C
1753,CCC(=O)O[C@H]1[C@@H](N2CCCCC2)C[C@H]2[C@@H]3CC[C@H]4C[C@H](OC(C)=O)[C@@H](N5CCCCC5)C[C@]4(C)[C@H]3CC[C@@]21C
1754,CCC(=O)O[C@H]1[C@H](O[C@@H]2[C@@H](C)[C@H](O[C@H]3C[C@@](C)(OC)[C@@H](O)[C@H](C)O3)[C@@H](C)C(=O)O[C@H](CC)[C@@](C)(O)[C@H](O)[C@@H](C)C(=O)[C@H](C)C[C@@]2(C)O)O[C@H](C)C[C@@H]1N(C)C
1755,CCC(=O)O[C@](Cc1ccccc1)(c1ccccc1)[C@H](C)CN(C)C
1756,CCC(=O)O[C@]1(C(=O)CCl)[C@@H](C)C[C@H]2[C@@H]3CCC4=CC(=O)C=C[C@]4(C)[C@@]3(F)[C@@H](O)C[C@@]21C
1757,CCC(=O)O[C@]1(C(=O)CCl)[C@@H](C)C[C@H]2[C@@H]3C[C@H](F)C4=CC(=O)C=C[C@]4(C)[C@@]3(F)[C@@H](O)C[C@@]21C
1758,CCC(=O)O[C@]1(C(=O)COC)[C@@H](C)C[C@H]2[C@@H]3CCC4=CC(=O)C=C[C@]4(C)C3(F)[C@@H](O)C[C@@]21C
1759,CCC(=O)O[C@]1(C(=O)SCF)[C@H](C)C[C@H]2C3C[C@H](F)C4=CC(=O)C=C[C@]4(C)[C@@]3(F)[C@@H](O)C[C@@]21C
1760,CCC(=O)O[C@]1(c2ccccc2)CCN(C)C[C@H]1C
1761,CCC(=O)Oc1ccc(/C(CC)=C(\CC)c2ccc(OC(=O)CC)cc2)cc1
1762,CCC(=O)Oc1ccc2c(c1)CC[C@@H]1[C@@H]2CC[C@@]2(C)[C@H]1C[C@@H](OC(=O)CC)[C@@H]2OC(=O)CC
1763,CCC(=O)Oc1ccc2c(c1)CC[C@@H]1[C@@H]2CC[C@]2(C)[C@@H](OC(=O)CC)CC[C@@H]12
1764,CCC(=O)c1c(O)cc(O)cc1O
1765,CCC(=O)c1ccc(Cl)cc1
1766,CCC(=O)c1ccc(O)cc1
1767,CCC(=O)c1ccc2c(c1)N(CCCN(C)C)c1ccccc1S2
1768,CCC(=O)c1ccc2c(c1)N(CCCN1CCN(CCO)CC1)c1ccccc1S2
1769,CCC(=O)c1cccc(Cl)c1
1770,CCC(=O)c1ccccc1
1771,CCC(Br)(CC)C(=O)NC(N)=O
1772,CCC(C(=O)NC(=O)NC(C)=O)c1ccccc1
1773,CCC(C(=O)NC(N)=O)c1ccccc1
1774,CCC(C(=O)O)c1ccc(N2Cc3ccccc3C2=O)cc1
1775,CCC(C(=O)OCCN(CC)CC)c1ccccc1
1776,CCC(C(=O)OCCN1CCOC(c2ccccc2)C1C)c1ccccc1
1777,CCC(C(=O)OCCOCCN(CC)CC)c1ccccc1
1778,CCC(C(N)=O)N1CCCC1=O
1779,CCC(C)(C#N)/N=N/C(C)(C#N)CC
1780,CCC(C)(C)C
1781,CCC(C)(C)C(=O)O
1782,CCC(C)(C)C(=O)OC1=C(c2cc(Cl)cc(Cl)c2)C(=O)OC12CCCCC2
1783,CCC(C)(C)C(=O)O[C@H]1C[C@@H](C)C=C2C=C[C@H](C)[C@H](CC[C@@H]3C[C@@H](O)CC(=O)O3)[C@H]21
1784,CCC(C)(C)C1CCC(=O)CC1
1785,CCC(C)(C)C1CCC(O)CC1
1786,CCC(C)(C)C1CCC(OC)CC1
1787,CCC(C)(C)C1CCCCC1OC(C)=O
1788,CCC(C)(C)CC
1789,CCC(C)(C)O
1790,CCC(C)(C)OC
1791,CCC(C)(C)OC(=O)N[C@@H](Cc1c[nH]c2ccccc12)C(=O)N[C@@H](CCSC)C(=O)N[C@@H](CC(=O)O)C(=O)N[C@@H](Cc1ccccc1)C(N)=O
1792,CCC(C)(C)c1cc(-n2nc3ccccc3n2)c(O)c(C(C)(C)CC)c1
1793,CCC(C)(C)c1cc(O)c(C(C)(C)CC)cc1O
1794,CCC(C)(C)c1ccc(CC(C)CN2C[C@@H](C)O[C@@H](C)C2)cc1
1795,CCC(C)(C)c1ccc(O)c(C(C)(C)CC)c1
1796,CCC(C)(C)c1ccc(O)cc1
1797,CCC(C)(CC)c1cc(NC(=O)c2c(OC)cccc2OC)on1
1798,CCC(C)(CCC(C)C)C(=O)O
1799,CCC(C)(CCC(C)C)C(=O)[O][Sn]([CH3])([CH3])[O]C(=O)C(C)(CC)CCC(C)C
1800,CCC(C)(CCCC(C)C)OC(C)=O
1801,CCC(C)(CN(C)C)OC(=O)c1ccccc1
1802,CCC(C)(NC(=O)c1cc(Cl)c(C)c(Cl)c1)C(=O)CCl
1803,CCC(C)(O)CCC=C(C)C
1804,CCC(C)(O)CCCC(C)C
1805,CCC(C)(Oc1ccc(C2(c3ccc(OC(C)(CC)C(=O)O)cc3)CCCCC2)cc1)C(=O)O
1806,CCC(C)(S(=O)(=O)CC)S(=O)(=O)CC
1807,CCC(C)(c1ccc(O)cc1)c1ccc(O)cc1
1808,CCC(C)=NO
1809,CCC(C)=O
1810,CCC(C)Br
1811,CCC(C)C(=O)O
1812,CCC(C)C(=O)OCCc1ccccc1
1813,CCC(C)C(C(=O)OCC[N+](C)(CC)CC)c1ccccc1
1814,CCC(C)C(C)(COC(N)=O)COC(N)=O
1815,CCC(C)C(C)=O
1816,CCC(C)C(N)C(=O)O
1817,CCC(C)C1CCCCC1=O
1818,CCC(C)C1N=C(C)C(C)S1
1819,CCC(C)C=O
1820,CCC(C)CCCC(C)(C)O
1821,CCC(C)CO
1822,CCC(C)COC(=O)CC(C)C
1823,CCC(C)COC(C)=O
1824,CCC(C)Cl
1825,CCC(C)N
1826,CCC(C)N(C)C(=O)c1cc2ccccc2c(-c2ccccc2Cl)n1
1827,CCC(C)NC(N)=O
1828,CCC(C)Nc1c([N+](=O)[O-])cc(C(C)(C)C)cc1[N+](=O)[O-]
1829,CCC(C)Nc1ccc(NC(C)CC)cc1
1830,CCC(C)O
1831,CCC(C)OC(=O)N1CCCCC1CCO
1832,CCC(C)OC(=O)c1ccc(O)cc1
1833,CCC(C)OC(C)CC
1834,CCC(C)S
1835,CCC(C)SSC(C)CC
1836,CCC(C)[C@H]1O[C@]2(C=C[C@@H]1C)C[C@@H]1C[C@@H](CC=C(C)[C@@H](O[C@H]3C[C@H](OC)[C@@H](O[C@H]4C[C@H](OC)[C@H](NC(C)=O)[C@H](C)O4)[C@H](C)O3)[C@@H](C)C=CC=C3CO[C@@H]4[C@H](O)C(C)=C[C@@H](C(=O)O1)[C@]34O)O2
1837,CCC(C)c1cc(C(C)(C)C)c(O)c(C(C)(C)C)c1
1838,CCC(C)c1cc([N+](=O)[O-])cc([N+](=O)[O-])c1O
1839,CCC(C)c1cc([N+](=O)[O-])cc([N+](=O)[O-])c1OC(=O)C=C(C)C
1840,CCC(C)c1cc([N+](=O)[O-])cc([N+](=O)[O-])c1OC(=O)OC(C)C
1841,CCC(C)c1ccc(O)cc1
1842,CCC(C)c1cccc(C(C)CC)c1O
1843,CCC(C)c1ccccc1O
1844,CCC(C)c1nccnc1OC
1845,CCC(C)n1c(=O)[nH]c(C)c(Br)c1=O
1846,CCC(C)n1ncn(-c2ccc(N3CCN(c4ccc(OC[C@H]5CO[C@](Cn6cncn6)(c6ccc(Cl)cc6Cl)O5)cc4)CC3)cc2)c1=O
1847,CCC(C=O)CC
1848,CCC(CC)(CC(=O)Nc1cccc(/C=C/c2nc(C3CCC3)cs2)c1)C(=O)O
1849,CCC(CC)(CNC(=O)CCCO)c1cccc(OC)c1
1850,CCC(CC)C(=O)O
1851,CCC(CC)C(C)CCOC(C)=O
1852,CCC(CC)CO
1853,CCC(CC)Nc1c([N+](=O)[O-])cc(C)c(C)c1[N+](=O)[O-]
1854,CCC(CC)Nc1ccc(C)c(C)c1
1855,CCC(CN)=C(c1ccccc1)c1ccccc1
1856,CCC(CN)CC(C)CCNCC(O)CNCC(C)CC(CC)CN
1857,CCC(CO)(CO)CO
1858,CCC(CO)(CO)COCC(CC)(CO)CO
1859,CCC(CO)(CO)[N+](=O)[O-]
1860,CCC(CO)CO
1861,CCC(COC(=O)CCS)(COC(=O)CCS)COC(=O)CCS
1862,CCC(COC(=O)c1cc(OC)c(OC)c(OC)c1)(c1ccccc1)N(C)C
1863,CCC(Cc1c(I)cc(I)c(N)c1I)C(=O)O
1864,CCC(Cc1c(I)cc(I)c(O)c1I)C(=O)O
1865,CCC(Cl)C(Cl)C(Cl)CC(Cl)C(Cl)C(C)Cl
1866,CCC(Cl)CC(Cl)C(Cl)C(Cl)C(Cl)C(C)Cl
1867,CCC(Cl)CCC(Cl)C(Cl)CC(Cl)C(Cl)C(Cl)CCl
1868,CCC(Cl)CCl
1869,CCC(Cl)[N+](=O)[O-]
1870,CCC(N)(CO)CO
1871,CCC(N)Cc1c[nH]c2ccccc12
1872,CCC(NC(C)C)C(O)c1ccc(O)c(O)c1
1873,CCC(O)C(C)(C)C
1874,CCC(O)OC(O)CC
1875,CCC(O)OCC(C)OC(O)CC
1876,CCC(O)OCCCOC
1877,CCC(OCCCOC)OC(C)=O
1878,CCC/C=C/C=C/C(=O)O[C@H]1/C(=C/C(=O)OC)C[C@H]2C[C@H]([C@@H](C)O)OC(=O)C[C@H](O)C[C@@H]3C[C@H](OC(C)=O)C(C)(C)[C@](O)(C[C@@H]4C/C(=C/C(=O)OC)C[C@H](C=CC(C)(C)[C@]1(O)O2)O4)O3
1879,CCC/C=C/C=O
1880,CCC/C=C/CO
1881,CCC1(C)CC(=O)NC(=O)C1
1882,CCC1(C)CC(=O)NC1=O
1883,CCC1(C)NC(=O)NC1=O
1884,CCC1(C2=NCCN2)Cc2ccccc2O1
1885,CCC1(CC)C(=O)C=CNC1=O
1886,CCC1(CC)C(=O)N=C(O)NC1=O
1887,CCC1(CC)C(=O)NC(=O)N(C)C1=O
1888,CCC1(CC)C(=O)NC(=O)NC1=O
1889,CCC1(CCC(C)C)C(=O)NC(=O)NC1=O
1890,CCC1(CO)COCOC1
1891,CCC1(c2ccc(N)cc2)CCC(=O)NC1=O
1892,CCC1(c2cccc(O)c2)CCCCN(C)C1
1893,CCC1(c2ccccc2)C(=O)N(COC)C(=O)N(COC)C1=O
1894,CCC1(c2ccccc2)C(=O)N=C(O)NC1=O
1895,CCC1(c2ccccc2)C(=O)NC(=O)N(C(=O)c2ccccc2)C1=O
1896,CCC1(c2ccccc2)C(=O)NC(=O)N(C)C1=O
1897,CCC1(c2ccccc2)C(=O)NC(=O)NC1=O
1898,CCC1(c2ccccc2)C(=O)NCNC1=O
1899,CCC1(c2ccccc2)CCC(=O)NC1=O
1900,CCC1(c2cnc[nH]2)Cc2ccccc2C1
1901,CCC12COCN1COC2
1902,CCC1=C(C)CN(C(=O)NCCc2ccc(S(=O)(=O)NC(=O)N[C@H]3CC[C@H](C)CC3)cc2)C1=O
1903,CCC1=C[C@@H]2CN(C1)Cc1c([nH]c3ccccc13)[C@@](C(=O)OC)(c1cc3c(cc1OC)N(C)[C@H]1[C@@](O)(C(=O)OC)[C@H](OC(C)=O)[C@]4(CC)C=CCN5CC[C@]31[C@@H]54)C2
1904,CCC1CCC(=O)O1
1905,CCC1CCC(CCC(=O)O)C1
1906,CCC1CO1
1907,CCC1COC(=O)O1
1908,CCC1COC(Cn2cncn2)(c2ccc(Cl)cc2Cl)O1
1909,CCC1NC(=O)c2cc(S(N)(=O)=O)c(Cl)cc2N1
1910,CCC1Nc2cc(Cl)c(S(N)(=O)=O)cc2S(=O)(=O)N1
1911,CCC1OC(=O)C[C@@H](O)[C@H](C)[C@@H](O[C@@H]2O[C@H](C)C[C@H](N(C)C)[C@H]2O)[C@@H](CC=O)C[C@@H](C)C(=O)C=C[C@]2(C)OC2C1C
1912,CCC1OCC(COc2ccc(Oc3ccccc3)cc2)O1
1913,CCC=CC#N
1914,CCC=O
1915,CCCBr
1916,CCCC(=NOCC)C1=C(O)CC(CC(C)SCC)CC1=O
1917,CCCC(=O)C(=O)O
1918,CCCC(=O)C(C)=O
1919,CCCC(=O)C(CC)Sc1ccoc1C
1920,CCCC(=O)CC
1921,CCCC(=O)Cl
1922,CCCC(=O)N1CCCN(c2nc(N)c3cc(OC)c(OC)cc3n2)CC1
1923,CCCC(=O)Nc1c(I)cc(I)c(CC(CC)C(=O)O)c1I
1924,CCCC(=O)Nc1ccc(O)c(C(C)=O)c1
1925,CCCC(=O)Nc1ccc(OCC(O)CNC(C)C)c(C(C)=O)c1
1926,CCCC(=O)Nc1ncnc2c1ncn2[C@@H]1O[C@@H]2COP(=O)(O)O[C@H]2[C@H]1OC(=O)CCC
1927,CCCC(=O)O
1928,CCCC(=O)OC
1929,CCCC(=O)OC(=O)CCC
1930,CCCC(=O)OC(C)(C)Cc1ccccc1
1931,CCCC(=O)OC/C=C(\C)CCC=C(C)C
1932,CCCC(=O)OCC
1933,CCCC(=O)OCCC(C)C
1934,CCCC(=O)OCCC(C)CCC=C(C)C
1935,CCCC(=O)OCCc1ccccc1
1936,CCCC(=O)OCOC(=O)C1=C(C)NC(C)=C(C(=O)OC)C1c1cccc(Cl)c1Cl
1937,CCCC(=O)OC[C@@H](OC(=O)CCC)[C@@H](OC(=O)CCC)[C@H](Cn1c2nc(=O)[nH]c(=O)c-2nc2cc(C)c(C)cc21)OC(=O)CCC
1938,CCCC(=O)OCc1ccccc1
1939,CCCC(=O)O[C@]1(C(=O)CC)CC[C@H]2[C@@H]3CCC4=CC(=O)CC[C@]4(C)[C@H]3[C@@H](O)C[C@@]21C
1940,CCCC(=O)O[C@]1(C(=O)CCl)[C@@H](C)C[C@H]2[C@@H]3CCC4=CC(=O)C=C[C@]4(C)[C@@]3(F)C(=O)C[C@@]21C
1941,CCCC(=O)O[C@]1(C(=O)CO)CC[C@H]2[C@@H]3CCC4=CC(=O)CC[C@]4(C)[C@H]3[C@@H](O)C[C@@]21C
1942,CCCC(=O)O[C@]1(C(=O)COC(=O)CC)CC[C@H]2[C@@H]3CCC4=CC(=O)CC[C@]4(C)[C@H]3[C@@H](O)C[C@@]21C
1943,CCCC(=O)O[C@]1(C(=O)COC(=O)CC)[C@@H](C)C[C@H]2[C@@H]3CCC4=CC(=O)C=C[C@]4(C)[C@@]3(F)[C@@H](O)C[C@@]21C
1944,CCCC(=O)O[C@]1(C(=O)COC(C)=O)CC[C@H]2[C@@H]3C[C@H](F)C4=CC(=O)C=C[C@]4(C)[C@@]3(F)[C@@H](O)C[C@@]21C
1945,CCCC(=O)c1cc(O)c(O)cc1O
1946,CCCC(=O)c1ccccc1
1947,CCCC(C(=O)OCCN(CC)CC)(c1ccccc1)c1ccccc1
1948,CCCC(C)(COC(N)=O)COC(=O)NC(C)C
1949,CCCC(C)(COC(N)=O)COC(=O)NC1CC1
1950,CCCC(C)(COC(N)=O)COC(N)=O
1951,CCCC(C)=O
1952,CCCC(C)C
1953,CCCC(C)C(=O)O
1954,CCCC(C)C(=O)OCC
1955,CCCC(C)C(O)CC
1956,CCCC(C)C1(CC)C(=O)N=C(O)NC1=O
1957,CCCC(C)C1(CC)C(=O)N=C(S)NC1=O
1958,CCCC(C)CC
1959,CCCC(C)CO
1960,CCCC(C)c1ccccc1O
1961,CCCC(CC)CCCCCCCN
1962,CCCC(CC)c1ccccc1
1963,CCCC(CCC)(C(=O)OCC)C(=O)OCC
1964,CCCC(CCC)C(=O)O
1965,CCCC(CCC)C(=O)O[C@H]1C[C@H]2CC[C@@H](C1)[N+]2(C)C
1966,CCCC(CCC)C(N)=O
1967,CCCC(Cn1cncn1)c1ccc(Cl)cc1Cl
1968,CCCC(O)C(CC)CO
1969,CCCC(c1cc(C(C)(C)C)c(O)cc1C)c1cc(C(C)(C)C)c(O)cc1C
1970,CCCC/C=C/C=C\C=O
1971,CCCC/C=C/CCCCO
1972,CCCC/C=C\CCCCCCCCCC=O
1973,CCCC1([C@H](O)C/C=C/[C@H]2[C@H](O)CC(=O)[C@@H]2CCCCCCC(=O)OC)CCC1
1974,CCCC1CCC(=O)CC1
1975,CCCC1CCC(=O)O1
1976,CCCC1CCCC(=O)O1
1977,CCCC1CCCCN1
1978,CCCC1CCOC(C)S1
1979,CCCC1COC(Cn2cncn2)(c2ccc(Cl)cc2Cl)O1
1980,CCCC=C(C=O)CC
1981,CCCC=NO
1982,CCCC=O
1983,CCCCC
1984,CCCCC#N
1985,CCCCC(=O)Cl
1986,CCCCC(=O)N(C)C
1987,CCCCC(=O)N(Cc1ccc(-c2ccccc2-c2nnn[nH]2)cc1)[C@@H](C(=O)O)C(C)C
1988,CCCCC(=O)OCC(=O)[C@H]1[C@H](C)C[C@H]2[C@@H]3C[C@H](F)C4=CC(=O)C=C[C@]4(C)[C@@]3(F)[C@@H](O)C[C@@]21C
1989,CCCCC(=O)OCC(=O)[C@]1(O)Cc2c(O)c3c(c(O)c2[C@@H](O[C@H]2C[C@H](NC(=O)C(F)(F)F)[C@H](O)[C@H](C)O2)C1)C(=O)c1c(OC)cccc1C3=O
1990,CCCCC(=O)O[C@H]1CC[C@H]2[C@@H]3CCc4cc(O)ccc4[C@H]3CC[C@]12C
1991,CCCCC(=O)O[C@]1(C(=O)CO)CC[C@H]2[C@@H]3CCC4=CC(=O)CC[C@]4(C)[C@H]3[C@@H](O)C[C@@]21C
1992,CCCCC(=O)O[C@]1(C(=O)CO)[C@@H](C)C[C@H]2[C@@H]3CCC4=CC(=O)C=C[C@]4(C)[C@@]3(F)[C@@H](O)C[C@@]21C
1993,CCCCC(=O)O[C@]1(C(=O)CO)[C@H](C)C[C@H]2[C@@H]3CCC4=CC(=O)C=C[C@]4(C)[C@@]3(F)[C@@H](O)C[C@@]21C
1994,CCCCC(C#N)(Cn1cncn1)c1ccc(Cl)cc1
1995,CCCCC(C)C(=O)O
1996,CCCCC(C=O)CC
1997,CCCCC(CC)(CO)CO
1998,CCCCC(CC)C(=O)Cl
1999,CCCCC(CC)C(=O)OC(C)C
2000,CCCCC(CC)C(=O)OCCOCCOCCOC(=O)C(CC)CCCC
2001,CCCCC(CC)C(=O)OCCOCCOCCOCCOC(=O)C(CC)CCCC
2002,CCCCC(CC)CCC(CC(C)C)OS(=O)(=O)O
2003,CCCCC(CC)CN1CN(CC(CC)CCCC)CC(C)(N)C1
2004,CCCCC(CC)CNC(=N)NC(=N)NCCCCCCNC(=N)NC(=N)NCC(CC)CCCC
2005,CCCCC(CC)CNC(=O)CC(C)OC(=O)CCC(=O)O
2006,CCCCC(CC)CNCC(CC)CCCC
2007,CCCCC(CC)CO
2008,CCCCC(CC)COC(=O)/C=C/c1ccc(OC)cc1
2009,CCCCC(CC)COC(=O)/C=C\C(=O)OCC(CC)CCCC
2010,CCCCC(CC)COC(=O)C(C#N)=C(c1ccccc1)c1ccccc1
2011,CCCCC(CC)COC(=O)C=Cc1ccc(OC)cc1
2012,CCCCC(CC)COC(=O)CC#N
2013,CCCCC(CC)COC(=O)CC(C(=O)OCC(CC)CCCC)S(=O)(=O)O
2014,CCCCC(CC)COC(=O)CCCCC(=O)OCC(CC)CCCC
2015,CCCCC(CC)COC(=O)CCCCCCCC(=O)OCC(CC)CCCC
2016,CCCCC(CC)COC(=O)CCCCCCCCC(=O)OCC(CC)CCCC
2017,CCCCC(CC)COC(=O)COc1cc(Cl)c(Cl)cc1Cl
2018,CCCCC(CC)COC(=O)COc1ccc(Cl)cc1C
2019,CCCCC(CC)COC(=O)COc1ccc(Cl)cc1Cl
2020,CCCCC(CC)COC(=O)CS
2021,CCCCC(CC)COC(=O)Cl
2022,CCCCC(CC)COC(=O)OOC(C)(C)C
2023,CCCCC(CC)COC(=O)c1c(Br)c(Br)c(Br)c(Br)c1C(=O)OCC(CC)CCCC
2024,CCCCC(CC)COC(=O)c1ccc(C(=O)OCC(CC)CCCC)c(C(=O)OCC(CC)CCCC)c1
2025,CCCCC(CC)COC(=O)c1ccc(C(=O)OCC(CC)CCCC)cc1
2026,CCCCC(CC)COC(=O)c1ccc(N(C)C)cc1
2027,CCCCC(CC)COC(=O)c1ccc(O)cc1
2028,CCCCC(CC)COC(=O)c1ccccc1
2029,CCCCC(CC)COC(=O)c1ccccc1C(=O)O
2030,CCCCC(CC)COC(=O)c1ccccc1C(=O)OCC(CC)CCCC
2031,CCCCC(CC)COC(=O)c1ccccc1O
2032,CCCCC(CC)COC(C)=O
2033,CCCCC(CC)COCC1CO1
2034,CCCCC(CC)COCCC#N
2035,CCCCC(CC)COCCCN
2036,CCCCC(CC)COCCO
2037,CCCCC(CC)COP(=O)(O)O
2038,CCCCC(CC)COP(=O)(O)OCC(CC)CCCC
2039,CCCCC(CC)COP(=O)(OCC(CC)CCCC)OCC(CC)CCCC
2040,CCCCC(CC)COP(=O)(Oc1ccccc1)Oc1ccccc1
2041,CCCCC(CC)COS(=O)(=O)O
2042,CCCCC(CC)CO[N+](=O)[O-]
2043,CCCCC(CC)CO[PH](=O)OCC(CC)CCCC
2044,CCCCC(F)(F)[C@@]1(O)CC[C@H]2[C@@H](CC(=O)[C@@H]2CCCCCCC(=O)O)O1
2045,CCCCC(O)(Cn1cncn1)c1ccc(Cl)cc1Cl
2046,CCCCC(O)/C=C(C)/C=C/C=C/C(=O)N1CCCC1=O
2047,CCCCC(O)c1ccccc1
2048,CCCCC/C(=C/c1ccccc1)CO
2049,CCCCC/C=C/C=C/C=O
2050,CCCCC/C=C\C/C=C\CCCCCCCC(=O)NC(C)c1ccccc1
2051,CCCCC/C=C\C/C=C\CCCCCCCC(=O)O
2052,CCCCC/C=C\C/C=C\CCCCCCCC(=O)OC
2053,CCCCC/C=C\C/C=C\CCCCCCCC(=O)OCC
2054,CCCCC/C=C\C=C\C(=O)OCC
2055,CCCCC/C=C\CCC(=O)N[C@H]1[C@H](Oc2c3cc4cc2Oc2ccc(cc2Cl)[C@@H](O[C@@H]2O[C@H](CO)[C@@H](O)[C@H](O)[C@H]2NC(C)=O)[C@@H]2NC(=O)[C@H](NC(=O)[C@@H]4NC(=O)[C@H]4NC(=O)[C@@H](Cc5ccc(c(Cl)c5)O3)NC(=O)[C@@H](N)c3ccc(O)c(c3)Oc3cc(O)cc4c3)c3ccc(O)c(c3)-c3c(O[C@H]4O[C@H](CO)[C@@H](O)[C@H](O)[C@@H]4O)cc(O)cc3[C@H](C(=O)O)NC2=O)O[C@H](CO)[C@@H](O)[C@@H]1O
2056,CCCCC/C=C\CCC=O
2057,CCCCC1(COC(=O)CCC(=O)O)C(=O)N(c2ccccc2)N(c2ccccc2)C1=O
2058,CCCCC1=NC2(CCCC2)C(=O)N1Cc1ccc(-c2ccccc2-c2nnn[nH]2)cc1
2059,CCCCC1C(=O)N(c2ccccc2)N(c2ccc(O)cc2)C1=O
2060,CCCCC1C(=O)N(c2ccccc2)N(c2ccccc2)C1=O
2061,CCCCC1C(=O)NC(=O)N(C2CCCCC2)C1=O
2062,CCCCC1CCC(=O)O1
2063,CCCCC1CCC(O)CC1
2064,CCCCC1CCCCC(=O)O1
2065,CCCCC=O
2066,CCCCCBr
2067,CCCCCC
2068,CCCCCC#CC(=O)OC
2069,CCCCCC(=O)CC
2070,CCCCCC(=O)O
2071,CCCCCC(=O)OCC
2072,CCCCCC(=O)OCCc1ccccc1
2073,CCCCCC(=O)O[C@]1(C(C)=O)CC[C@H]2[C@@H]3CCC4=CC(=O)CC[C@]4(C)[C@H]3CC[C@@]21C
2074,CCCCCC(C)=O
2075,CCCCCC(C)N
2076,CCCCCC(C)O
2077,CCCCCC(C)OC(=O)COc1ccc(Cl)c2cccnc12
2078,CCCCCC(C=O)=Cc1ccccc1
2079,CCCCCC(CC)OC(=O)CCCOc1ccc(Cl)cc1Cl
2080,CCCCCC(CO)CCC
2081,CCCCCC(N)=O
2082,CCCCCC(O)/C=C/C=O
2083,CCCCCC/C=C/C(=O)OC
2084,CCCCCC/C=C/C=O
2085,CCCCCC/C=C/CCCCCCCC(=O)O
2086,CCCCCC/C=C\CCCCCCCC(=O)O
2087,CCCCCC1=CCCC1=O
2088,CCCCCC1C(=O)CCC1CC(=O)OC
2089,CCCCCC1CCC(=O)O1
2090,CCCCCC1CCCC(=O)O1
2091,CCCCCC1Nc2cc(C(F)(F)F)c(S(N)(=O)=O)cc2S(=O)(=O)N1
2092,CCCCCC=CCC(=O)OC
2093,CCCCCC=CCC1CC(=O)OC1=O
2094,CCCCCC=O
2095,CCCCCCBr
2096,CCCCCCC
2097,CCCCCCC#CC(=O)OC
2098,CCCCCCC#N
2099,CCCCCCC(=O)CCCCCC/C=C/C[C@@H](O)[C@H](O)[C@@](N)(CO)C(=O)O
2100,CCCCCCC(=O)O
2101,CCCCCCC(=O)OCC
2102,CCCCCCC(=O)O[C@H]1CC[C@H]2[C@@H]3CC[C@H]4CC(=O)C=C(C)[C@]4(C)[C@H]3CC[C@]12C
2103,CCCCCCC(=O)O[C@H]1CC[C@H]2[C@@H]3CCc4cc(O)ccc4[C@H]3CC[C@]12C
2104,CCCCCCC(=O)c1ccccc1
2105,CCCCCCC(C)(C)S
2106,CCCCCCC(C)Nc1ccc(Nc2ccccc2)cc1
2107,CCCCCCC(C)O
2108,CCCCCCC(C)OC(=O)COc1nc(F)c(Cl)c(N)c1Cl
2109,CCCCCCC(C=O)=Cc1ccccc1
2110,CCCCCCC(CCCCCCCCCCC(=O)OCC(COC(C)=O)OC(C)=O)OC(C)=O
2111,CCCCCCC(CO)CCCC
2112,CCCCCCC(O)CCCCCCCCCCC(=O)O
2113,CCCCCCC(O)CCCCCCCCCCC(=O)OC
2114,CCCCCCC(O)CCOC(C)=O
2115,CCCCCCC(O)CO
2116,CCCCCCC/C=C/C=O
2117,CCCCCCC1(C)CCC(=O)O1
2118,CCCCCCC1CCC(=O)O1
2119,CCCCCCC1CCCC(=O)O1
2120,CCCCCCC1CCOC1=O
2121,CCCCCCC=O
2122,CCCCCCCC
2123,CCCCCCCC#N
2124,CCCCCCCC(=O)CC[C@@H]1[C@@H](C/C=C\CCCC(=O)OC(C)C)[C@@H](O)C[C@H]1O
2125,CCCCCCCC(=O)Cl
2126,CCCCCCCC(=O)N(C)C
2127,CCCCCCCC(=O)O
2128,CCCCCCCC(=O)OC
2129,CCCCCCCC(=O)OCC(COC(=O)CCCCCCC)OC(=O)CCCCCCC
2130,CCCCCCCC(=O)OCC(O)CO
2131,CCCCCCCC(=O)OCCCCCC
2132,CCCCCCCC(=O)Oc1c(Br)cc(C#N)cc1Br
2133,CCCCCCCC/C=C/C(=O)O
2134,CCCCCCCC/C=C/CCCCCCCC(=O)OCCOCC(OCCO)C1OC(OCCO)CC1OCCO
2135,CCCCCCCC/C=C/CCCOC(C)=O
2136,CCCCCCCC/C=C\CCCCCCCC(=O)N(C)CC(=O)O
2137,CCCCCCCC/C=C\CCCCCCCC(=O)N(CCO)CCO
2138,CCCCCCCC/C=C\CCCCCCCC(=O)NCc1ccc(O)c(OC)c1
2139,CCCCCCCC/C=C\CCCCCCCC(=O)O
2140,CCCCCCCC/C=C\CCCCCCCC(=O)OC
2141,CCCCCCCC/C=C\CCCCCCCC(=O)OC(CO)CO
2142,CCCCCCCC/C=C\CCCCCCCC(=O)OCC
2143,CCCCCCCC/C=C\CCCCCCCC(=O)OCCCC
2144,CCCCCCCC/C=C\CCCCCCCC(=O)OCCO
2145,CCCCCCCC/C=C\CCCCCCCC(=O)OCCOC(=O)CCCCCCC/C=C\CCCCCCCC
2146,CCCCCCCC/C=C\CCCCCCCC(=O)OC[C@@H](O)[C@H]1OC[C@H](O)[C@H]1O
2147,CCCCCCCC/C=C\CCCCCCCC(N)=O
2148,CCCCCCCC/C=C\CCCCCCCCN
2149,CCCCCCCC/C=C\CCCCCCCCO
2150,CCCCCCCC/C=C\CCCCCCCCOCCO
2151,CCCCCCCC1CCC(=O)O1
2152,CCCCCCCC1CCCC1=O
2153,CCCCCCCC=O
2154,CCCCCCCCBr
2155,CCCCCCCCC
2156,CCCCCCCCC(=O)Cl
2157,CCCCCCCCC(=O)NCc1ccc(O)c(OC)c1
2158,CCCCCCCCC(=O)O
2159,CCCCCCCCC(=O)OCC
2160,CCCCCCCCC(=O)OCC(C)OC(=O)CCCCCCCC
2161,CCCCCCCCC(CCCCCC)C(=O)O
2162,CCCCCCCCC(CO)CCCCCC
2163,CCCCCCCCC/C=C/CC1CC(=O)OC1=O
2164,CCCCCCCCC/C=C\C=C/C=C\C=C/C=C\C(=O)OCC
2165,CCCCCCCCC1CCC(=O)O1
2166,CCCCCCCCC1CO1
2167,CCCCCCCCC=O
2168,CCCCCCCCCBr
2169,CCCCCCCCCC
2170,CCCCCCCCCC#N
2171,CCCCCCCCCC(=O)N(C)C
2172,CCCCCCCCCC(=O)O
2173,CCCCCCCCCC(=O)OC
2174,CCCCCCCCCC(=O)OCC
2175,CCCCCCCCCC(=O)O[C@H]1CC[C@H]2[C@@H]3CCC4=CC(=O)CC[C@@H]4[C@H]3CC[C@]12C
2176,CCCCCCCCCC(=O)O[C@H]1CC[C@H]2[C@@H]3CCC4=CC(=O)CC[C@]4(C)[C@H]3CC[C@]12C
2177,CCCCCCCCCC(C)=O
2178,CCCCCCCCCC(C)C=O
2179,CCCCCCCCCC=O
2180,CCCCCCCCCCC
2181,CCCCCCCCCCC(=O)O
2182,CCCCCCCCCCC(CO)CCCCCCCC
2183,CCCCCCCCCCC1CO1
2184,CCCCCCCCCCC=CC#N
2185,CCCCCCCCCCC=CC1CC(=O)OC1=O
2186,CCCCCCCCCCC=O
2187,CCCCCCCCCCCBr
2188,CCCCCCCCCCCC
2189,CCCCCCCCCCCC#N
2190,CCCCCCCCCCCC(=O)N(CC)CC
2191,CCCCCCCCCCCC(=O)N(CCO)CCO
2192,CCCCCCCCCCCC(=O)NCCCN(C)C
2193,CCCCCCCCCCCC(=O)O
2194,CCCCCCCCCCCC(=O)OC
2195,CCCCCCCCCCCC(=O)OCC
2196,CCCCCCCCCCCC(=O)OCC(C)OC(=O)CCCCC(=O)O
2197,CCCCCCCCCCCC(=O)OCC(O)CO
2198,CCCCCCCCCCCC(=O)OC[C@@H](O)[C@H]1OC[C@H](OCCO)[C@H]1OCCO
2199,CCCCCCCCCCCC(=O)[O][Sn]([CH2]CCC)([CH2]CCC)[O]C(=O)CCCCCCCCCCC
2200,CCCCCCCCCCCC(C)=O
2201,CCCCCCCCCCCCBr
2202,CCCCCCCCCCCCC
2203,CCCCCCCCCCCCC(=O)O
2204,CCCCCCCCCCCCC1CO1
2205,CCCCCCCCCCCCCBr
2206,CCCCCCCCCCCCCC
2207,CCCCCCCCCCCCCC(=O)O
2208,CCCCCCCCCCCCCC(=O)OC
2209,CCCCCCCCCCCCCC(=O)OC(C)C
2210,CCCCCCCCCCCCCC(=O)OCC
2211,CCCCCCCCCCCCCC(=O)OCC(COP(=O)([O-])OCC[N+](C)(C)C)OC(=O)CCCCCCCCCCCCC
2212,CCCCCCCCCCCCCC(=O)OCC(O)CO
2213,CCCCCCCCCCCCCC/C(O)=N\C(CO)CCCCCCCCCCCCCC
2214,CCCCCCCCCCCCCC=O
2215,CCCCCCCCCCCCCCBr
2216,CCCCCCCCCCCCCCC
2217,CCCCCCCCCCCCCCC(=O)O
2218,CCCCCCCCCCCCCCC(Br)C(=O)O
2219,CCCCCCCCCCCCCCC1CO1
2220,CCCCCCCCCCCCCCCBr
2221,CCCCCCCCCCCCCCCC
2222,CCCCCCCCCCCCCCCC(=O)NCCO
2223,CCCCCCCCCCCCCCCC(=O)O
2224,CCCCCCCCCCCCCCCC(=O)OC
2225,CCCCCCCCCCCCCCCC(=O)OC(C)C
2226,CCCCCCCCCCCCCCCC(=O)OC/C=C(C)/C=C/C=C(C)/C=C/C1=C(C)CCCC1(C)C
2227,CCCCCCCCCCCCCCCC(=O)OCC
2228,CCCCCCCCCCCCCCCC(=O)OCC(COC(=O)CCCCCCCCCCCCCCC)OC(=O)CCCCCCCCCCCCCCC
2229,CCCCCCCCCCCCCCCC(=O)OCCC1CCN(CCCN2c3ccccc3Sc3ccc(S(=O)(=O)N(C)C)cc32)CC1
2230,CCCCCCCCCCCCCCCC(=O)OC[C@@H](COP(=O)([O-])OCC[N+](C)(C)C)OC(=O)CCCCCCCCCCCCCCC
2231,CCCCCCCCCCCCCCCC(=O)OC[C@H](COP(=O)([O-])OCC[N+](C)(C)C)OC(=O)CCCCCCCCCCCCCCC
2232,CCCCCCCCCCCCCCCC(=O)OC[C@H](O)[C@H]1OC(=O)C(O)=C1O
2233,CCCCCCCCCCCCCCCC(=O)O[C@@H]1CC(C)=C(/C=C/C(C)=C/C=C/C(C)=C/C=C\C=C(C)\C=C\C=C(C)\C=C\C2=C(C)C[C@@H](OC(=O)CCCCCCCCCCCCCCC)CC2(C)C)C(C)(C)C1
2234,CCCCCCCCCCCCCCCC(=O)O[C@@H]1[C@@H](O)[C@@H](O)[C@@H]([C@H](NC(=O)[C@@H]2C[C@@H](CCC)CN2C)[C@H](C)Cl)O[C@@H]1SC
2235,CCCCCCCCCCCCCCCC/C=C/C1CC(=O)OC1=O
2236,CCCCCCCCCCCCCCCCBr
2237,CCCCCCCCCCCCCCCCC
2238,CCCCCCCCCCCCCCCCC(=O)O
2239,CCCCCCCCCCCCCCCCC(C(=O)O)C(O)(CC(=O)O)C(=O)O
2240,CCCCCCCCCCCCCCCCCBr
2241,CCCCCCCCCCCCCCCCCC#N
2242,CCCCCCCCCCCCCCCCCC(=O)OCC(CC)CCCC
2243,CCCCCCCCCCCCCCCCCC(=O)OCC(O)CO
2244,CCCCCCCCCCCCCCCCCC(=O)OCCCCCCCCCCCCCC(C)C
2245,CCCCCCCCCCCCCCCCCC(=O)OCCO
2246,CCCCCCCCCCCCCCCCCCCCCC(=O)Nc1ccn([C@@H]2O[C@H](CO)[C@@H](O)[C@@H]2O)c(=O)n1
2247,CCCCCCCCCCCCCCCCCCCl
2248,CCCCCCCCCCCCCCCCCCN(C)C
2249,CCCCCCCCCCCCCCCCCCNC(=O)OC1CCN(C(=O)OC[C@H](COC(=O)N(Cc2cccc[n+]2CC)C(=O)c2ccccc2OC)OC)CC1
2250,CCCCCCCCCCCCCCCCCCO
2251,CCCCCCCCCCCCCCCCCCOCC(O)CO
2252,CCCCCCCCCCCCCCCCCCOCCO
2253,CCCCCCCCCCCCCCCCCCOC[C@H](COP(=O)([O-])OCC[N+](C)(C)C)OC
2254,CCCCCCCCCCCCCCCCCCOP(=O)([O-])OC1CC[N+](C)(C)CC1
2255,CCCCCCCCCCCCCCCCCCOS(=O)(=O)O
2256,CCCCCCCCCCCCCCCCCC[N+](C)(C)C
2257,CCCCCCCCCCCCCCCCCC[N+](C)(C)CCC[Si](OC)(OC)OC
2258,CCCCCCCCCCCCCCCCCC[N+](C)(C)Cc1ccccc1
2259,CCCCCCCCCCCCCCCCCl
2260,CCCCCCCCCCCCCCCCI
2261,CCCCCCCCCCCCCCCCN
2262,CCCCCCCCCCCCCCCCN(C)C
2263,CCCCCCCCCCCCCCCCO
2264,CCCCCCCCCCCCCCCCOP(=O)([O-])OCC[N+](C)(C)C
2265,CCCCCCCCCCCCCCCCOS(=O)(=O)O
2266,CCCCCCCCCCCCCCCCSCC(COC)COP(=O)([O-])OCC[N+](C)(C)C
2267,CCCCCCCCCCCCCCCC[N+](C)(C)C
2268,CCCCCCCCCCCCCCCC[N+](C)(C)CC
2269,CCCCCCCCCCCCCCCC[N+](C)(C)CCN(Cc1ccc(OC)cc1)c1ncccn1
2270,CCCCCCCCCCCCCCCC[N+](C)(C)Cc1ccccc1
2271,CCCCCCCCCCCCCCCC[n+]1ccccc1
2272,CCCCCCCCCCCCCCCO
2273,CCCCCCCCCCCCCCCS(=O)(=O)Oc1ccccc1
2274,CCCCCCCCCCCCCCC[C@H](O)[C@@H](N)CO
2275,CCCCCCCCCCCCCCCl
2276,CCCCCCCCCCCCCCN(C)C
2277,CCCCCCCCCCCCCCN(CCO)CCO
2278,CCCCCCCCCCCCCCNCCO
2279,CCCCCCCCCCCCCCO
2280,CCCCCCCCCCCCCCOS(=O)(=O)O
2281,CCCCCCCCCCCCCC[N+](C)(C)C
2282,CCCCCCCCCCCCCC[N+](C)(C)Cc1ccccc1
2283,CCCCCCCCCCCCCC[P+](CCCCCC)(CCCCCC)CCCCCC
2284,CCCCCCCCCCCCCC[n+]1ccc(C)cc1
2285,CCCCCCCCCCCCCC[n+]1ccccc1
2286,CCCCCCCCCCCCCN1CC(C)OC(C)C1
2287,CCCCCCCCCCCCCO
2288,CCCCCCCCCCCCCOC(=O)CCSCCC(=O)OCCCCCCCCCCCCC
2289,CCCCCCCCCCCCCOP(=O)(O)O
2290,CCCCCCCCCCCCCOS(=O)(=O)O
2291,CCCCCCCCCCCCCl
2292,CCCCCCCCCCCCI
2293,CCCCCCCCCCCCN
2294,CCCCCCCCCCCCN(C)C
2295,CCCCCCCCCCCCN(CCCCCCCCCCCC)CCCCCCCCCCCC
2296,CCCCCCCCCCCCN(CCO)CCO
2297,CCCCCCCCCCCCN1CCCC1=O
2298,CCCCCCCCCCCCN1CCCCCC1=O
2299,CCCCCCCCCCCCN1CCOCC1
2300,CCCCCCCCCCCCNC(=N)N
2301,CCCCCCCCCCCCO
2302,CCCCCCCCCCCCOC(=O)c1cc(O)c(O)c(O)c1
2303,CCCCCCCCCCCCOC(=O)c1ccc(O)cc1
2304,CCCCCCCCCCCCOC(C)=O
2305,CCCCCCCCCCCCOCC1CO1
2306,CCCCCCCCCCCCOCCCN
2307,CCCCCCCCCCCCOCCO
2308,CCCCCCCCCCCCOCCOCCOCCOCCOCCOCCOCCOCCOCCO
2309,CCCCCCCCCCCCOCCOS(=O)(=O)O
2310,CCCCCCCCCCCCOS(=O)(=O)O
2311,CCCCCCCCCCCCS
2312,CCCCCCCCCCCCSC
2313,CCCCCCCCCCCCSC#N
2314,CCCCCCCCCCCCSCCOCCO
2315,CCCCCCCCCCCC[N+](C)(C)C
2316,CCCCCCCCCCCC[N+](C)(C)CC(=O)[O-]
2317,CCCCCCCCCCCC[N+](C)(C)CCCCCCCCCCCC
2318,CCCCCCCCCCCC[N+](C)(C)CCCS(=O)(=O)[O-]
2319,CCCCCCCCCCCC[N+](C)(C)CCOc1ccccc1
2320,CCCCCCCCCCCC[N+](C)(C)Cc1ccccc1
2321,CCCCCCCCCCCC[n+]1ccc2ccccc2c1
2322,CCCCCCCCCCCCc1ccc(O)cc1
2323,CCCCCCCCCCCCc1ccccc1
2324,CCCCCCCCCCCCc1ccccc1O
2325,CCCCCCCCCCCO
2326,CCCCCCCCCCCOC(=O)c1ccccc1C(=O)OCCCCCCCCCCC
2327,CCCCCCCCCCCSCC(=O)O
2328,CCCCCCCCCCC[C@@H](C[C@@H]1OC(=O)[C@H]1CCCCCC)OC(=O)C(CC(C)C)NC=O
2329,CCCCCCCCCCCc1ccccc1
2330,CCCCCCCCCCCl
2331,CCCCCCCCCCN
2332,CCCCCCCCCCO
2333,CCCCCCCCCCOC(=O)c1ccccc1C(=O)OCCCCCCCC
2334,CCCCCCCCCCOC(=O)c1ccccc1C(=O)OCCCCCCCCCC
2335,CCCCCCCCCCOC(C)=O
2336,CCCCCCCCCCOCC(O)CN
2337,CCCCCCCCCCOS(=O)(=O)O
2338,CCCCCCCCCCO[C@@H]1O[C@H](CO)[C@@H](O)[C@H](O)[C@H]1O
2339,CCCCCCCCCCOc1cc2c(O)c(C(=O)OCC)cnc2cc1OCC
2340,CCCCCCCCCC[N+](C)(C)CCCCCCCCCC
2341,CCCCCCCCCC[N+](C)(C)[O-]
2342,CCCCCCCCCC[N+](C)(CCCCCCCCCC)CCC[Si](OC)(OC)OC
2343,CCCCCCCCCCl
2344,CCCCCCCCCCn1cc[n+](CCCCCCCCCC)c1C
2345,CCCCCCCCCI
2346,CCCCCCCCCO
2347,CCCCCCCCCOC(=O)CCCCC(=O)OCCCCCCC
2348,CCCCCCCCCOC(=O)c1ccc(O)cc1
2349,CCCCCCCCCOC(=O)c1ccccc1C(=O)OCCCCCCCCC
2350,CCCCCCCCCOC(C)=O
2351,CCCCCCCCCOCC1CO1
2352,CCCCCCCCCOS(=O)(=O)O
2353,CCCCCCCCCc1ccc(O)cc1
2354,CCCCCCCCCl
2355,CCCCCCCCN(C)C
2356,CCCCCCCCN(C)CCCCCCCC
2357,CCCCCCCCN1C=CN(C)C1
2358,CCCCCCCCN1CCCC1=O
2359,CCCCCCCCNC
2360,CCCCCCCCNC(C)C(O)c1ccc(SC(C)C)cc1
2361,CCCCCCCCO
2362,CCCCCCCCOC(=O)CCCCCCCCC(=O)OCCCCCCCC
2363,CCCCCCCCOC(=O)c1cc(O)c(O)c(O)c1
2364,CCCCCCCCOC(=O)c1ccc(C(=O)OCCCCCCCC)c(C(=O)OCCCCCCCC)c1
2365,CCCCCCCCOC(=O)c1ccc(O)cc1
2366,CCCCCCCCOC(=O)c1ccccc1C(=O)OCCCCCCCC
2367,CCCCCCCCOC(C)=O
2368,CCCCCCCCOCCC#N
2369,CCCCCCCCOCCCN
2370,CCCCCCCCOS(=O)(=O)O
2371,CCCCCCCCO[C@@H]1O[C@H](CO)[C@@H](O)[C@H](O)[C@H]1O
2372,CCCCCCCCOc1ccc(C(=O)O)cc1
2373,CCCCCCCCOc1ccc(C(=O)c2ccccc2)c(O)c1
2374,CCCCCCCCOc1ccccc1C(=O)Nc1ccc(C(=O)OCC[N+](C)(CC)CC)cc1
2375,CCCCCCCCP(=O)(O)O
2376,CCCCCCCCS
2377,CCCCCCCCS(=O)(=O)Cl
2378,CCCCCCCCS(=O)(=O)O
2379,CCCCCCCCS(=O)C(C)Cc1ccc2c(c1)OCO2
2380,CCCCCCCCSCC
2381,CCCCCCCCSCCO
2382,CCCCCCCC[N+](C)(C)CCCCCCCC
2383,CCCCCCCC[N+](CCCCCCCC)(CCCCCCCC)CCCCCCCC
2384,CCCCCCCC[P+](CCCCCCCC)(CCCCCCCC)CCCCCCCC
2385,CCCCCCCC[Si](OCC)(OCC)OCC
2386,CCCCCCCCc1ccc(O)cc1
2387,CCCCCCCCc1ccc(S(=O)(=O)O)cc1
2388,CCCCCCCCn1sc(Cl)c(Cl)c1=O
2389,CCCCCCCCn1sccc1=O
2390,CCCCCCCN
2391,CCCCCCCN(CC)CCCC(O)c1ccc(NS(C)(=O)=O)cc1
2392,CCCCCCCO
2393,CCCCCCCOC(=O)CCC
2394,CCCCCCCOC(=O)c1ccc(O)cc1
2395,CCCCCCCOC(C)=O
2396,CCCCCCC[CH2][Sn]([Cl])([Cl])[CH2]CCCCCCC
2397,CCCCCCC[N+](CC)(CC)CCCCc1ccc(Cl)cc1
2398,CCCCCCCc1ccc(O)cc1
2399,CCCCCCI
2400,CCCCCCN
2401,CCCCCCNC(=O)n1cc(F)c(=O)[nH]c1=O
2402,CCCCCCNCCCCCC
2403,CCCCCCO
2404,CCCCCCOC(=O)/N=C(/N)c1ccc(NCc2nc3cc(C(=O)N(CCC(=O)OCC)c4ccccn4)ccc3n2C)cc1
2405,CCCCCCOC(=O)C(C)C
2406,CCCCCCOC(=O)C(C)CC
2407,CCCCCCOC(=O)CC
2408,CCCCCCOC(=O)CC(CC(=O)OCCCCCC)(OC(=O)CCC)C(=O)OCCCCCC
2409,CCCCCCOC(=O)CCC
2410,CCCCCCOC(=O)CCCCC
2411,CCCCCCOC(=O)CCCCC(=O)OCCCCCC
2412,CCCCCCOC(=O)CCCCCCCC(=O)OCCCCCC
2413,CCCCCCOC(=O)c1ccc(O)cc1
2414,CCCCCCOC(=O)c1ccccc1
2415,CCCCCCOC(=O)c1ccccc1C(=O)OCCCCCC
2416,CCCCCCOC(=O)c1cccnc1
2417,CCCCCCOC(C)=O
2418,CCCCCCOCCO
2419,CCCCCCOCCOCCO
2420,CCCCCCOc1cc(C)c(O)c(C)c1C
2421,CCCCCCOc1ccc(C(=N)N(CCCC)CCCC)c2ccccc12
2422,CCCCCCOc1ccc(N)cc1
2423,CCCCCCOc1ccc(O)cc1
2424,CCCCCCOc1ccccc1C(=O)O
2425,CCCCCCOc1ccccc1C(N)=O
2426,CCCCCC[C@@H](O)C/C=C\CCCCCCCC(=O)OC
2427,CCCCCC[C@@H](O)C/C=C\CCCCCCCC(=O)OCC(O)CO
2428,CCCCCC[N+](=O)[O-]
2429,CCCCCCc1ccc(-c2ccc(C#N)cc2)cc1
2430,CCCCCCc1ccc(N)cc1
2431,CCCCCCc1ccc(O)cc1O
2432,CCCCCCn1c(=O)c2c(ncn2C)n(C)c1=O
2433,CCCCCCn1cc[n+](C)c1
2434,CCCCCN(CCCCC)C(=O)C(CCC(=O)O)NC(=O)c1ccc(Cl)c(Cl)c1
2435,CCCCCN(CCCOC)C(=O)C(CCC(=O)O)NC(=O)c1ccc(Cl)c(Cl)c1
2436,CCCCCNC(=N)N/N=C/c1c[nH]c2ccc(OC)cc12
2437,CCCCCNCCCCC
2438,CCCCCO
2439,CCCCCOC(=O)CCC
2440,CCCCCOC(=O)CCCC
2441,CCCCCOC(=O)CCCCC
2442,CCCCCOC(=O)COc1cc(N2C(=O)C3=C(CCCC3)C2=O)c(F)cc1Cl
2443,CCCCCOC(=O)Nc1nc(=O)n([C@@H]2O[C@H](C)[C@@H](O)[C@H]2O)cc1F
2444,CCCCCOC(=O)c1ccc(O)cc1
2445,CCCCCOC(=O)c1ccccc1C(=O)OCCCCC
2446,CCCCCOC(C)=O
2447,CCCCCON=O
2448,CCCCCOc1ccc(C2SC(=O)NC2=O)cc1OCC
2449,CCCCCOc1ccccc1/C(=C\SC)n1ccnc1
2450,CCCCCSCCCCC
2451,CCCCC[C@@H](O)C1C(=O)OC(C)[C@H](O)C=CC=CC=CC=CC=C(C)C(O)C(O)C(O)C[C@H](O)C[C@H](O)C[C@H](O)C[C@H](O)C[C@@H]1O
2452,CCCCC[C@H](O)/C=C/[C@H]1[C@H](O)CC(=O)[C@@H]1C/C=C\CCCC(=O)O
2453,CCCCC[C@H](O)/C=C/[C@H]1[C@H](O)CC(=O)[C@@H]1CCCCCCC(=O)O
2454,CCCCC[Si](OCC)(OCC)OCC
2455,CCCCCc1cc(O)c2c(c1)OC(C)(C)[C@@H]1CCC(C)=C[C@@H]21
2456,CCCCCc1cc(O)c2c(c1)OC(C)(C)c1ccc(C)cc1-2
2457,CCCCCc1cc(O)cc(O)c1
2458,CCCCCc1ccc(C)cc1O
2459,CCCCCc1ccc(Cl)cc1
2460,CCCCCc1ccc(N)cc1
2461,CCCCCc1cccc(=O)o1
2462,CCCCCc1ccco1
2463,CCCCCl
2464,CCCCN
2465,CCCCN(CC)C(=O)SCCC
2466,CCCCN(CC)c1c([N+](=O)[O-])cc(C(F)(F)F)cc1[N+](=O)[O-]
2467,CCCCN(CCC(=O)OCC)C(C)=O
2468,CCCCN(CCCC)C(=O)N(CCCC)CCCC
2469,CCCCN(CCCC)C(=S)SSC(=S)N(CCCC)CCCC
2470,CCCCN(CCCC)C(=S)[S][Ni][S]C(=S)N(CCCC)CCCC
2471,CCCCN(CCCC)C(C(N)=O)c1ccc(OC)cc1
2472,CCCCN(CCCC)CC(O)c1cc(Cl)cc2c1-c1ccc(Cl)cc1/C2=C/c1ccc(Cl)cc1
2473,CCCCN(CCCC)CCC(O)c1cc2c(Cl)cc(Cl)cc2c2cc(C(F)(F)F)ccc12
2474,CCCCN(CCCC)CCCC
2475,CCCCN(CCCC)CCCCCCN(CCCC)CCCC
2476,CCCCN(CCCC)CCCOC(=O)c1ccc(N)cc1
2477,CCCCN(CCCC)N=O
2478,CCCCN(CCCC)SN(C)C(=O)Oc1cccc2c1OC(C)(C)C2
2479,CCCCN(CCCC)c1ccc(C(=O)c2ccccc2C(=O)O)c(O)c1
2480,CCCCN(CCCCO)N=O
2481,CCCCN(CCN(CCCC)C(=O)N1CCOCC1)C(=O)N1CCOCC1
2482,CCCCN(CCO)CCCC
2483,CCCCN(CCO)CCO
2484,CCCCN(N=O)C(=N)N[N+](=O)[O-]
2485,CCCCN1C(=O)[C@@H]([C@H](O)C2CCCCC2)NC(=O)C12CCN(Cc1ccc(Oc3ccc(C(=O)O)cc3)cc1)CC2
2486,CCCCN1C(=O)c2ccccc2C1=O
2487,CCCCN1C=CN(C)C1
2488,CCCCN1CCCC1C(=O)Nc1c(C)cc(C)cc1C
2489,CCCCN1CCCC[C@H]1C(=O)Nc1c(C)cccc1C
2490,CCCCN1C[C@H](O)[C@@H](O)[C@H](O)[C@H]1CO
2491,CCCCN=C=O
2492,CCCCNC(=N)NC(=N)N
2493,CCCCNC(=O)NCCCC
2494,CCCCNC(=O)NS(=O)(=O)c1ccc(C)cc1
2495,CCCCNC(=O)NS(=O)(=O)c1ccc(N)cc1
2496,CCCCNC(=O)OCC#CI
2497,CCCCNC(=O)n1c(NC(=O)OC)nc2ccccc21
2498,CCCCNC(=S)NCCCC
2499,CCCCNC(C)(C)[PH](=O)O
2500,CCCCNC(N)=O
2501,CCCCNC1CC(C)(C)NC(C)(C)C1
2502,CCCCNCC
2503,CCCCNCC(O)c1ccc(O)cc1
2504,CCCCNCCCC
2505,CCCCNP(N)(N)=S
2506,CCCCNS(=O)(=O)c1ccc(C)cc1
2507,CCCCNS(=O)(=O)c1ccccc1
2508,CCCCNc1c(C(=O)OCC)c(C)nc2c1cnn2CC
2509,CCCCNc1cc(C(=O)O)cc(S(N)(=O)=O)c1Oc1ccccc1
2510,CCCCNc1ccc(C(=O)OCCN(C)C)cc1
2511,CCCCNc1ccc(C(=O)OCCN(CC)CC)cc1
2512,CCCCNc1ccc(C(=O)OCCOCCOCCOCCOCCOCCOCCOCCOCCOC)cc1
2513,CCCCNc1ccccc1
2514,CCCCO
2515,CCCCOC(=O)/C=C\C(=O)OCCCC
2516,CCCCOC(=O)C(=O)Nc1cccc(-c2nnn[nH]2)c1
2517,CCCCOC(=O)C(=O)OCCCC
2518,CCCCOC(=O)C(C)CC
2519,CCCCOC(=O)C(C)O
2520,CCCCOC(=O)C(C)OC(=O)CCC
2521,CCCCOC(=O)C(C)Oc1ccc(Oc2ccc(C(F)(F)F)cn2)cc1
2522,CCCCOC(=O)CC
2523,CCCCOC(=O)CC#N
2524,CCCCOC(=O)CC(CC(=O)OCCCC)(OC(C)=O)C(=O)OCCCC
2525,CCCCOC(=O)CCC(=O)OCCCC
2526,CCCCOC(=O)CCC(C)=O
2527,CCCCOC(=O)CCCCC(=O)OCCCC
2528,CCCCOC(=O)CCCCCCCC(=O)OCCCC
2529,CCCCOC(=O)CCCCCCCCC(=O)OCCCC
2530,CCCCOC(=O)CCS
2531,CCCCOC(=O)CO
2532,CCCCOC(=O)COC(=O)c1ccccc1C(=O)OCCCC
2533,CCCCOC(=O)COc1ccc(Cl)cc1Cl
2534,CCCCOC(=O)[C@@H](C)Oc1ccc(Oc2ccc(C#N)cc2F)cc1
2535,CCCCOC(=O)[C@@H](C)Oc1ccc(Oc2ccc(C(F)(F)F)cn2)cc1
2536,CCCCOC(=O)[C@H](C)O
2537,CCCCOC(=O)c1ccc(N)cc1
2538,CCCCOC(=O)c1ccc(O)cc1
2539,CCCCOC(=O)c1ccccc1
2540,CCCCOC(=O)c1ccccc1C(=O)O
2541,CCCCOC(=O)c1ccccc1C(=O)OCC(CC)CCCC
2542,CCCCOC(=O)c1ccccc1C(=O)OCCCC
2543,CCCCOC(=O)c1ccccc1C(=O)OCc1ccccc1
2544,CCCCOC(=O)c1ccccc1N
2545,CCCCOC(C)=O
2546,CCCCOC(CC)OC(C)COC(O)CC
2547,CCCCOC(O)CC
2548,CCCCOCC(C)O
2549,CCCCOCC(C)OCC(C)O
2550,CCCCOCC1CO1
2551,CCCCOCCCC
2552,CCCCOCCO
2553,CCCCOCCOC(=O)CCCCCCCCC(=O)OCCOCCCC
2554,CCCCOCCOC(=O)COc1cc(Cl)c(Cl)cc1Cl
2555,CCCCOCCOC(=O)COc1ccc(Cl)cc1Cl
2556,CCCCOCCOC(=O)COc1nc(Cl)c(Cl)cc1Cl
2557,CCCCOCCOC(=O)c1ccccc1C(=O)OCCOCCCC
2558,CCCCOCCOC(=O)c1cccnc1
2559,CCCCOCCOC(C)=O
2560,CCCCOCCOCCO
2561,CCCCOCCOCCOC(=O)CCCCC(=O)OCCOCCOCCCC
2562,CCCCOCCOCCOC(C)=O
2563,CCCCOCCOCCOCCCC
2564,CCCCOCCOCCOCCO
2565,CCCCOCCOCCOCCOCCO
2566,CCCCOCCOCCOCc1cc2c(cc1CCC)OCO2
2567,CCCCOCCOCCSC#N
2568,CCCCOCCOP(=O)(OCCOCCCC)OCCOCCCC
2569,CCCCOCN(C(=O)CCl)c1c(CC)cccc1CC
2570,CCCCON=O
2571,CCCCOP(=O)(O)OCCCC
2572,CCCCOP(=O)(OCCCC)OCCCC
2573,CCCCO[PH](=O)OCCCC
2574,CCCCOc1cc(C(=O)NCCN(CC)CC)c2ccccc2n1
2575,CCCCOc1cc(C(=O)OCCN(CC)CC)ccc1N
2576,CCCCOc1ccc(C(=O)CCN2CCCCC2)cc1
2577,CCCCOc1ccc(CC(=O)NO)cc1
2578,CCCCOc1ccc(N)cc1
2579,CCCCOc1ccc(OCCCN2CCOCC2)cc1
2580,CCCCP(CCCC)CCCC
2581,CCCCS
2582,CCCCS(=O)(=O)Cl
2583,CCCCS(=O)(=O)N[C@@H](Cc1ccc(OCCCCC2CCNCC2)cc1)C(=O)O
2584,CCCCSCCCC
2585,CCCCSP(=O)(SCCCC)SCCCC
2586,CCCC[C@H]1CN(CC2CCOCC2)C(=O)OC12CCN(C1(C)CCN(C(=O)c3c(C)ncnc3C)CC1)CC2
2587,CCCC[N+](=O)[O-]
2588,CCCC[N+](C)(CCCC)CCCC
2589,CCCC[N+](CCCC)(CCCC)CCCC
2590,CCCC[N+]1(C)CCCC1
2591,CCCC[N+]1(C)[C@@H]2C[C@@H](OC(=O)[C@H](CO)c3ccccc3)C[C@H]1[C@@H]1O[C@@H]12
2592,CCCC[P+](C)(CCCC)CCCC
2593,CCCC[P+](CC)(CCCC)CCCC
2594,CCCC[P+](CCCC)(CCCC)CCCC
2595,CCCC[n+]1ccccc1C
2596,CCCCc1c(C)nc(NCC)nc1O
2597,CCCCc1c(C)nc(NCC)nc1OS(=O)(=O)N(C)C
2598,CCCCc1cc2c(=O)c(C(=O)OC)c[nH]c2cc1OCc1ccccc1
2599,CCCCc1cc2ccccc2c(OCCN(C)C)n1
2600,CCCCc1ccc(C(=O)O)nc1
2601,CCCCc1ccc(Cl)cc1
2602,CCCCc1ccc(N)cc1
2603,CCCCc1ccc(O)cc1
2604,CCCCc1ccc2[nH]c(NC(=O)OC)nc2c1
2605,CCCCc1ccc2c(n1)[C@@H](c1ccc(OC)cc1C[C@H](C)C(=O)O)[C@H](C(=O)O)[C@H]2c1ccc2c(c1)OCO2
2606,CCCCc1ccc2cccc(S(=O)(=O)O)c2c1
2607,CCCCc1ccccc1
2608,CCCCc1nc(Cl)c(CO)n1Cc1ccc(-c2ccccc2-c2nnn[nH]2)cc1
2609,CCCCc1nc2cccnc2n1Cc1ccc(-c2ccccc2-c2nnn[nH]2)cc1
2610,CCCCc1ncc(/C=C(\Cc2cccs2)C(=O)O)n1Cc1ccc(C(=O)O)cc1
2611,CCCCc1oc2ccc(NS(C)(=O)=O)cc2c1C(=O)c1ccc(OCCCN(CCCC)CCCC)cc1
2612,CCCCc1oc2ccccc2c1C(=O)c1cc(I)c(OCCN(CC)CC)c(I)c1
2613,CCCCn1cc[n+](C)c1C
2614,CCCN(C1CCN(C(=O)C2CCNCC2)CC1)[C@@H]1CCc2ccc(OC)cc2C1
2615,CCCN(CC)C(CC)C(=O)Nc1c(C)cccc1C
2616,CCCN(CC)CC1COC2(CCC(C(C)(C)C)CC2)O1
2617,CCCN(CC1CC1)c1c([N+](=O)[O-])cc(C(F)(F)F)cc1[N+](=O)[O-]
2618,CCCN(CCC)C(=O)C(CCC(=O)O)NC(=O)c1ccccc1
2619,CCCN(CCC)C(=O)C(CCC(=O)OCCCN1CCN(CCOC(=O)Cc2c(C)n(C(=O)c3ccc(Cl)cc3)c3ccc(OC)cc23)CC1)NC(=O)c1ccccc1
2620,CCCN(CCC)C(=O)Cc1c(-c2ccc(Cl)cc2)nc2ccc(Cl)cn12
2621,CCCN(CCC)C(=O)SCC
2622,CCCN(CCC)CCc1c[nH]c2ccccc12
2623,CCCN(CCC)CCc1cccc2c1CC(=O)N2
2624,CCCN(CCC)N=O
2625,CCCN(CCC)S(=O)(=O)c1ccc(C(=O)O)cc1
2626,CCCN(CCC)c1c([N+](=O)[O-])cc(C(C)C)cc1[N+](=O)[O-]
2627,CCCN(CCC)c1c([N+](=O)[O-])cc(C(F)(F)F)c(N)c1[N+](=O)[O-]
2628,CCCN(CCC)c1c([N+](=O)[O-])cc(C(F)(F)F)cc1[N+](=O)[O-]
2629,CCCN(CCC)c1c([N+](=O)[O-])cc(S(C)(=O)=O)cc1[N+](=O)[O-]
2630,CCCN(CCC)c1c([N+](=O)[O-])cc(S(N)(=O)=O)cc1[N+](=O)[O-]
2631,CCCN(CCCl)c1c([N+](=O)[O-])cc(C(F)(F)F)cc1[N+](=O)[O-]
2632,CCCN(CCOc1c(Cl)cc(Cl)cc1Cl)C(=O)n1ccnc1
2633,CCCN(CCc1cccs1)[C@H]1CCc2c(O)cccc2C1
2634,CCCN1C=CN(C)C1
2635,CCCN1CCCC[C@H]1C(=O)Nc1c(C)cccc1C
2636,CCCN1CCC[C@@H](c2cccc(O)c2)C1
2637,CCCN1CCC[C@@H]2Cc3n[nH]cc3C[C@H]21
2638,CCCN1CCC[C@@H]2Cc3nc(N)ncc3C[C@H]21
2639,CCCN1C[C@H](CSC)C[C@@H]2c3cccc4[nH]cc(c34)C[C@H]21
2640,CCCNC(=O)NS(=O)(=O)c1ccc(Cl)cc1
2641,CCCNC(C)(C)COC(=O)c1ccccc1
2642,CCCNC(C)C(=O)Nc1c(C)csc1C(=O)OC
2643,CCCNC(C)C(=O)Nc1ccccc1C
2644,CCCNCC(O)COc1ccccc1C(=O)CCc1ccccc1
2645,CCCNCCC
2646,CCCN[C@H]1CCc2nc(N)sc2C1
2647,CCCO
2648,CCCOC(=O)C(C)O
2649,CCCOC(=O)CC
2650,CCCOC(=O)CCCCC(=O)OCCC
2651,CCCOC(=O)Cc1ccc(OCC(=O)N(CC)CC)c(OC)c1
2652,CCCOC(=O)NCCCN(C)C
2653,CCCOC(=O)c1c(Cl)c(Cl)c(Cl)c(Cl)c1C(=O)OCCC
2654,CCCOC(=O)c1cc(O)c(O)c(O)c1
2655,CCCOC(=O)c1ccc(C(=O)OCCC)nc1
2656,CCCOC(=O)c1ccc(N)cc1
2657,CCCOC(=O)c1ccc(O)cc1
2658,CCCOC(=O)c1ccccc1
2659,CCCOC(=O)c1ccccc1C(=O)OCCC
2660,CCCOC(=O)c1ccccc1O
2661,CCCOC(=O)c1cncn1C(C)c1ccccc1
2662,CCCOC(C(=O)OC1CCN(C)CC1)(c1ccccc1)c1ccccc1
2663,CCCOC(C)=O
2664,CCCOC(OCCC)OCCC
2665,CCCOC/C(=N\c1ccc(Cl)cc1C(F)(F)F)n1ccnc1
2666,CCCOCC(C)O
2667,CCCOCC(C)OCC(C)O
2668,CCCOCCC
2669,CCCOCCO
2670,CCCOCCOCCO
2671,CCCOCCOCCOCCO
2672,CCCO[Si](OCCC)(OCCC)OCCC
2673,CCCOc1cc(N)ccc1C(=O)OCCN(CC)CC
2674,CCCOc1ccc(C(=O)OCCN(CC)CC)cc1N
2675,CCCOc1ccc(S(=O)(=O)N2CCN(CC)CC2)cc1-c1nc2c(CC)n(Cc3ccccn3)nc2c(=O)[nH]1
2676,CCCOc1ccc2[nH]c(NC(=O)OC)nc2c1
2677,CCCOc1ccc2c(c1)CC[C@@H]1[C@@H]2CC[C@]2(C)C(OC)CC[C@@H]12
2678,CCCOc1ccc2nc(NC(=O)OC)sc2c1
2679,CCCOc1ccccc1-c1nc2[nH]nnc2c(=O)[nH]1
2680,CCCOc1nn(C(=O)NS(=O)(=O)c2ccccc2C(=O)OC)c(=O)n1C
2681,CCCOc1sc(C(=O)N2CCC(c3cc(CN)ccc3F)CC2)c(C)c1Br
2682,CCCS(=O)c1ccc2[nH]c(NC(=O)OC)nc2c1
2683,CCCSC(=O)Cl
2684,CCCSC(=O)N(CCC)CCC
2685,CCCSP(=O)(OCC)Oc1ccc(Br)cc1Cl
2686,CCCSP(=O)(OCC)SCCC
2687,CCCSP(=S)(OCC)Oc1ccc(Cl)cc1Cl
2688,CCCSP(=S)(OCC)Oc1ccc(SC)cc1
2689,CCCSSC(CCO)=C(C)N(C=O)Cc1cnc(C)nc1N
2690,CCCSSCCC
2691,CCCSc1cc(OC)c(CCN)cc1OC
2692,CCCSc1ccc2[nH]c(NC(=O)OC)nc2c1
2693,CCC[C@@H]1C[C@@H](C(=O)N[C@@H]([C@H]2O[C@H](SC)[C@H](O)[C@@H](O)[C@H]2O)[C@@H](C)O)N(C)C1
2694,CCC[C@@H]1C[C@@H](C(=O)N[C@@H]([C@H]2O[C@H](SC)[C@H](O)[C@@H](O)[C@H]2O)[C@H](C)Cl)N(C)C1
2695,CCC[C@@H]1C[C@@H](C(=O)N[C@@H]([C@H]2O[C@H](SC)[C@H](OP(=O)(O)O)[C@@H](O)[C@H]2O)[C@H](C)Cl)N(C)C1
2696,CCC[C@@H]1O[C@@H]2C[C@H]3[C@@H]4CCC5=CC(=O)C=C[C@]5(C)[C@H]4[C@@H](O)C[C@]3(C)[C@]2(C(=O)CO)O1
2697,CCC[C@@]1(CCc2ccccc2)CC(O)=C([C@H](CC)c2cccc(NS(=O)(=O)c3ccc(C(F)(F)F)cn3)c2)C(=O)O1
2698,CCC[C@H](N[C@@H](C)C(=O)N1[C@H](C(=O)O)C[C@@H]2CCCC[C@@H]21)C(=O)OCC
2699,CCC[CH2][Sn]([CH2]CCC)([CH2]CCC)[CH2]CCC
2700,CCC[CH2][Sn]([CH2]CCC)([CH2]CCC)[O]C(=O)c1ccccc1
2701,CCC[CH2][Sn]([CH2]CCC)([CH2]CCC)[O][Sn]([CH2]CCC)([CH2]CCC)[CH2]CCC
2702,CCC[CH2][Sn]([CH2]CCC)([O]C(C)=O)[O]C(C)=O
2703,CCC[CH2][Sn]([Cl])([CH2]CCC)[CH2]CCC
2704,CCC[CH2][Sn]([Cl])([Cl])[CH2]CCC
2705,CCC[CH2][Sn]([Cl])([Cl])[Cl]
2706,CCC[N+](=O)[O-]
2707,CCC[N+](CCC)(CCC)CCC
2708,CCC[N+]1(C)CCCC1
2709,CCC[N+]1(C)CCCCC1
2710,CCC[Si](OC)(OC)OC
2711,CCC[n+]1ccn(C)c1C
2712,CCCc1c(OCCCCc2nnn[nH]2)ccc(C(C)=O)c1O
2713,CCCc1c(OCCCOc2ccc(OCC(=O)O)cc2)ccc(C(C)=O)c1O
2714,CCCc1c2oc(C(=O)O)cc(=O)c2cc2c(=O)cc(C(=O)O)n(CC)c12
2715,CCCc1cc(=O)[nH]c(=S)[nH]1
2716,CCCc1cc(C(N)=S)ccn1
2717,CCCc1ccc(C(=O)O)cc1
2718,CCCc1ccc(N)cc1
2719,CCCc1ccc(O)c(OC)c1
2720,CCCc1ccc(O)cc1
2721,CCCc1ccc(OC)cc1
2722,CCCc1ccc(OCC(=O)N2CCN(C(=O)COc3ccc(CCC)cc3OC)CC2)c(OC)c1
2723,CCCc1ccccc1
2724,CCCc1ccccc1O
2725,CCCc1nc(C(C)(C)O)c(C(=O)OCc2oc(=O)oc2C)n1Cc1ccc(-c2ccccc2-c2nn[nH]n2)cc1
2726,CCCc1nc(C)c2c(=O)nc(-c3cc(S(=O)(=O)N4CCN(CC)CC4)ccc3OCC)[nH]n12
2727,CCCc1nc2c(C)cc(-c3nc4ccccc4n3C)cc2n1Cc1ccc(-c2ccccc2C(=O)O)cc1
2728,CCCc1ncc(C(=O)O)s1
2729,CCCc1ncc(C[n+]2ccccc2C)c(N)n1
2730,CCCc1nn(C)c2c(=O)[nH]c(-c3cc(S(=O)(=O)N4CCN(C)CC4)ccc3OCC)nc12
2731,CCCn1c(=O)[nH]c(=O)c2[nH]cnc21
2732,CCCn1cc[n+](C)c1
2733,CCCn1cc[n+](C)c1C
2734,CCCn1cnc2c1c(=O)n(CCCCC(C)=O)c(=O)n2C
2735,CCN(C(=O)N(CC)c1ccccc1)c1ccccc1
2736,CCN(C(=O)c1cc(C)cc(OC[C@H](C)Nc2ccncc2)c1)C(C)C
2737,CCN(C(C)=O)c1cccc(-c2ccnc3c(C#N)cnn23)c1
2738,CCN(C)C(=O)Oc1cccc([C@H](C)N(C)C)c1
2739,CCN(C)N=O
2740,CCN(C=O)CC
2741,CCN(CC#N)c1cccc(C)c1
2742,CCN(CC)C(=O)/C(C#N)=C/c1cc(O)c(O)c([N+](=O)[O-])c1
2743,CCN(CC)C(=O)C(C)Oc1cccc2ccccc12
2744,CCN(CC)C(=O)C(Cl)=C(C)OP(=O)(OC)OC
2745,CCN(CC)C(=O)C1CN2CCc3cc(OC)c(OC)cc3C2CC1OC(C)=O
2746,CCN(CC)C(=O)N(CC)CC
2747,CCN(CC)C(=O)N1CCN(C)CC1
2748,CCN(CC)C(=O)N[C@@H]1C=C2c3cccc4[nH]cc(c34)C[C@@H]2N(C)C1
2749,CCN(CC)C(=O)N[C@H]1C[C@@H]2c3cccc4[nH]cc(c34)C[C@H]2N(C)C1
2750,CCN(CC)C(=O)Nc1ccc(OCC(O)CNC(C)(C)C)c(C(C)=O)c1
2751,CCN(CC)C(=O)SCc1ccc(Cl)cc1
2752,CCN(CC)C(=O)[C@@H]1C=C2c3cccc4[nH]cc(c34)C[C@H]2N(C)C1
2753,CCN(CC)C(=O)[C@]1(c2ccccc2)C[C@@H]1CN
2754,CCN(CC)C(=O)c1cc(S(=O)(=O)Cc2ccccc2)c(N2CCC(c3ccccc3)CC2)cc1N(CC)CCN(C)C
2755,CCN(CC)C(=O)c1ccc(O)c(OC)c1
2756,CCN(CC)C(=O)c1cccc(C)c1
2757,CCN(CC)C(=O)c1cccnc1
2758,CCN(CC)C(=S)S
2759,CCN(CC)C(=S)SSC(=S)N(CC)CC
2760,CCN(CC)C(C)=O
2761,CCN(CC)C(C)C(=O)c1ccccc1
2762,CCN(CC)C(C)CN1c2ccccc2Sc2ccccc21
2763,CCN(CC)C1CCCCC1
2764,CCN(CC)CC
2765,CCN(CC)CC#CCOC(=O)C(O)(c1ccccc1)C1CCCCC1
2766,CCN(CC)CC(=O)Nc1c(C)cc(C)cc1C
2767,CCN(CC)CC(=O)Nc1c(C)cccc1C
2768,CCN(CC)CC(=O)Nc1c(C)cccc1C(=O)OC
2769,CCN(CC)CC(=O)OCC(=O)[C@@]1(O)CC[C@H]2[C@@H]3CCC4=CC(=O)CC[C@]4(C)[C@H]3[C@@H](O)C[C@@]21C
2770,CCN(CC)CC(=O)Oc1ccc(NC(C)=O)cc1
2771,CCN(CC)CC1CCCCN1CC(=O)N1c2ccccc2C(=O)Nc2cccnc21
2772,CCN(CC)CCC(=O)N1c2ccccc2Sc2ccc(C(F)(F)F)cc21
2773,CCN(CC)CCC(=O)N1c2ccccc2Sc2ccc(Cl)cc21
2774,CCN(CC)CCCC(C)Nc1ccnc2cc(Cl)ccc12
2775,CCN(CC)CCCN(c1ccccc1)C1Cc2ccccc2C1
2776,CCN(CC)CCCl
2777,CCN(CC)CCN
2778,CCN(CC)CCN1C(=O)CN=C(c2ccccc2F)c2cc(Cl)ccc21
2779,CCN(CC)CCNC(=O)C1C(C)=NC(/C=C2\C(=O)Nc3ccc(F)cc32)=C1C
2780,CCN(CC)CCNC(=O)COc1ccc(Cl)cc1
2781,CCN(CC)CCNC(=O)COc1ccc(OC)cc1
2782,CCN(CC)CCNC(=O)c1cc(Br)c(N)cc1OC
2783,CCN(CC)CCNC(=O)c1cc(Cl)c(N)cc1OC
2784,CCN(CC)CCNC(=O)c1cc(S(C)(=O)=O)ccc1OC
2785,CCN(CC)CCNC(=O)c1ccc(N)cc1
2786,CCN(CC)CCNC(=O)c1ccc(NC(C)=O)cc1
2787,CCN(CC)CCNC(=O)c1ccc(NS(C)(=O)=O)cc1
2788,CCN(CC)CCNC(C(=O)OCCC(C)C)c1ccccc1
2789,CCN(CC)CCNc1ccc(CNC=O)c2sc3ccc(OC)cc3c(=O)c12
2790,CCN(CC)CCNc1ccc(CO)c2sc3ccccc3c(=O)c12
2791,CCN(CC)CCO
2792,CCN(CC)CCOC(=O)C(C)(c1ccccc1)c1ccccc1
2793,CCN(CC)CCOC(=O)C(Cc1cccc2ccccc12)CC1CCCO1
2794,CCN(CC)CCOC(=O)C(O)(c1ccccc1)c1ccccc1
2795,CCN(CC)CCOC(=O)C(c1ccccc1)C1CCCCC1
2796,CCN(CC)CCOC(=O)C(c1ccccc1)c1ccccc1
2797,CCN(CC)CCOC(=O)C1(C2CCCCC2)CCCCC1
2798,CCN(CC)CCOC(=O)C1(c2ccccc2)CCCC1
2799,CCN(CC)CCOC(=O)c1ccc(N)cc1
2800,CCN(CC)CCOC(=O)c1ccc(N)cc1Cl
2801,CCN(CC)CCOC(=O)c1cccnc1
2802,CCN(CC)CCOCCOC(=O)C(CC)(CC)c1ccccc1
2803,CCN(CC)CCOCCOC(=O)C1(c2ccccc2)CCCC1
2804,CCN(CC)CCOC[C@H]1O[C@@H](O)[C@H](OCCN(CC)CC)[C@@H](O)[C@@H]1O
2805,CCN(CC)CCO[C@H]1CC[C@@]2(C)C(=CC[C@@H]3[C@@H]2CC[C@]2(C)C(=O)CC[C@@H]32)C1
2806,CCN(CC)CCOc1ccc(-c2nc3cc(Cl)ccc3s2)cc1
2807,CCN(CC)CCOc1ccc(C(=C(Cl)c2ccccc2)c2ccccc2)cc1
2808,CCN(CC)CCOc1ccc(C(O)(Cc2ccc(Cl)cc2)c2ccc(C)cc2)cc1
2809,CCN(CC)CCOc1ccc(Cc2ccccc2)cc1
2810,CCN(CC)CCOc1ccc2c(c1)C(=O)c1cc(OCCN(CC)CC)ccc1-2
2811,CCN(CC)CCOc1ccc2nc(N(C)C)sc2c1
2812,CCN(CC)CCOc1ccccc1C(=O)CCc1ccccc1
2813,CCN(CC)CCOc1ccccc1OC
2814,CCN(CC)CCSC(=O)C(c1ccccc1)c1ccccc1
2815,CCN(CC)CCc1c[nH]c2ccccc12
2816,CCN(CC)CCc1nc(-c2ccccc2)no1
2817,CCN(CC)CCn1c(=O)c(Cc2ccc(OC)cc2)nc2ccccc21
2818,CCN(CC)Cc1cc(Nc2ccnc3cc(Cl)ccc23)ccc1O
2819,CCN(CC)Cc1nccn1-c1ccc([N+](=O)[O-])cc1C(=O)c1ccccc1Cl
2820,CCN(CC)N(O)N=O
2821,CCN(CC)N=O
2822,CCN(CC)S(=O)(=O)c1ccc(C(=O)O)cc1
2823,CCN(CC)c1c([N+](=O)[O-])cc(C(F)(F)F)c(N)c1[N+](=O)[O-]
2824,CCN(CC)c1cc(C)nc2ncnn12
2825,CCN(CC)c1cc2[o+]c3cc(N(CC)CC)c(C)cc3c(-c3ccc(S(=O)(=O)O)cc3S(=O)(=O)[O-])c2cc1C
2826,CCN(CC)c1ccc(C(=C2C=CC(=[N+](CC)CC)C=C2)c2cc(S(=O)(=O)O)ccc2S(=O)(=O)[O-])cc1
2827,CCN(CC)c1ccc(C(=C2C=CC(=[N+](CC)CC)C=C2)c2ccc(S(=O)(=O)O)cc2S(=O)(=O)[O-])cc1
2828,CCN(CC)c1ccc(C(=C2C=CC(=[N+](CC)CC)C=C2)c2ccccc2)cc1
2829,CCN(CC)c1ccc(C(=O)c2ccccc2C(=O)O)c(O)c1
2830,CCN(CC)c1ccc(N)cc1
2831,CCN(CC)c1ccc(N=Nc2ccc(S(=O)(=O)N(C)C)cc2)c(S(=O)(=O)NCC[n+]2ccccc2)c1
2832,CCN(CC)c1ccc2c(-c3ccccc3C(=O)O)c3ccc(N(CC)CC)cc3[o+]c2c1
2833,CCN(CC)c1ccc2c(C)cc(=O)oc2c1
2834,CCN(CC)c1cccc(O)c1
2835,CCN(CC)c1ccccc1
2836,CCN(CC)c1nc(C)cc(OP(=S)(OC)OC)n1
2837,CCN(CCC#N)c1ccc(N=Nc2c(Cl)cc([N+](=O)[O-])cc2Cl)cc1
2838,CCN(CCC#N)c1ccccc1
2839,CCN(CCCCOC(=O)c1ccc(OC)c(OC)c1)C(C)Cc1ccc(OC)cc1
2840,CCN(CCCc1ccccc1)CCCc1ccccc1
2841,CCN(CCN)c1cccc(C)c1
2842,CCN(CCO)CCCC(C)Nc1ccnc2cc(Cl)ccc12
2843,CCN(CCO)CCO
2844,CCN(CCO)CCn1c(Cc2ccccc2)nc2c1c(=O)n(C)c(=O)n2C
2845,CCN(CCO)c1cccc(C)c1
2846,CCN(Cc1c(F)cccc1Cl)c1c([N+](=O)[O-])cc(C(F)(F)F)cc1[N+](=O)[O-]
2847,CCN(Cc1ccc(Cl)nc1)/C(=C/[N+](=O)[O-])NC
2848,CCN(Cc1cccc(S(=O)(=O)O)c1)c1ccc(C(=C2C=CC(=[N+](CC)Cc3cccc(S(=O)(=O)O)c3)C=C2)c2ccc(O)cc2S(=O)(=O)[O-])cc1
2849,CCN(Cc1cccc(S(=O)(=O)O)c1)c1ccc(C(=C2C=CC(=[N+](CC)Cc3cccc(S(=O)(=O)[O-])c3)C=C2)c2ccccc2)cc1
2850,CCN(Cc1cccc(S(=O)(=O)O)c1)c1ccccc1
2851,CCN(Cc1ccccc1)c1ccccc1
2852,CCN(Cc1cccnc1)C(=O)c1cccc(Cl)c1[C@]1(C)C(=O)N(Cc2ccc(OC)cc2OC)c2ccc(Cl)cc21
2853,CCN(Cc1ccncc1)C(=O)C(CO)c1ccccc1
2854,CCN(N=O)C(N)=O
2855,CCN(O)CC
2856,CCN1C(=CC=CC=Cc2sc3ccccc3[n+]2CC)Sc2ccccc21
2857,CCN1C(=CC=Cc2ccc3ccccc3[n+]2CC)C=Cc2ccccc21
2858,CCN1C(=CC=Cc2sc3ccccc3[n+]2CC)Sc2ccccc21
2859,CCN1C(=O)NC(c2ccccc2)C1=O
2860,CCN1C(=O)c2ccccc2C1Nc1ccc(OCCN2CCCCC2)cc1
2861,CCN1C=CN(C)C1C
2862,CCN1CC(CCN2CCOCC2)C(c2ccccc2)(c2ccccc2)C1=O
2863,CCN1CCC2(CC1)COc1cc3c(cc12)N(C(=O)c1ccc(-c2ccc(-c4nnc(C)o4)cc2C)cc1)CC3
2864,CCN1CCCC(OC(=O)C(c2ccccc2)c2ccccc2)C1
2865,CCN1CCCC1=O
2866,CCN1CCCC1CN
2867,CCN1CCCC1CNC(=O)C(O)(c1ccccc1)c1ccccc1
2868,CCN1CCCC1CNC(=O)c1cc(S(=O)(=O)CC)c(N)cc1OC
2869,CCN1CCCC1CNC(=O)c1cc(S(=O)(=O)CC)ccc1OC
2870,CCN1CCCC1CNC(=O)c1cc(S(N)(=O)=O)ccc1OC
2871,CCN1CCC[C@H]1CNC(=O)c1c(O)c(Cl)cc(Cl)c1OC
2872,CCN1CCC[C@H]1CNC(=O)c1c(OC)ccc(Br)c1OC
2873,CCN1CCC[C@H]1CNC(=O)c1cc(S(N)(=O)=O)ccc1OC
2874,CCN1CCN(C(=O)N[C@@H](C(=O)N[C@@H]2C(=O)N3C(C(=O)O)=C(CSc4nnnn4C)CS[C@H]23)c2ccc(O)cc2)C(=O)C1=O
2875,CCN1CCN(C(=O)N[C@@H](C(=O)N[C@@H]2C(=O)N3[C@@H]2SC(C)(C)[C@H]3C(=O)O)c2ccccc2)C(=O)C1=O
2876,CCN1CCN(c2cc(-c3ccc(F)cc3)c3c(n2)CCCCCC3)CC1
2877,CCN1CCN(c2cc3c(cc2F)c(=O)c(C(=O)O)cn3C2CC2)CC1
2878,CCN1CCOCC1
2879,CCN1CCc2nc(N)oc2CC1
2880,CCN1CN(CC)CN(CC)C1
2881,CCN1C[C@]2(COC)[C@H](O)C[C@H](OC)[C@]34C1[C@H]([C@H](OC)[C@H]23)[C@]1(OC(C)=O)[C@H]2[C@@H](OC(=O)c3ccccc3)[C@](O)(C[C@H]24)[C@@H](OC)[C@@H]1O
2882,CCNC(=O)/C=C/c1cccc(Br)c1
2883,CCNC(=O)C(C)OC(=O)Nc1ccccc1
2884,CCNC(=O)C1CC(C)CCC1C(C)C
2885,CCNC(=O)N1CCN(CCCC(c2ccc(F)cc2)c2ccc(F)cc2)CC1
2886,CCNC(=O)NC(=O)/C(C#N)=N/OC
2887,CCNC(=O)NCCCOc1cccc(CN2CCCCC2)c1
2888,CCNC(=O)NCc1cccc(Cl)c1
2889,CCNC(=O)[C@@H]1CCCN1C(=O)[C@H](CCCNC(=N)N)NC(=O)[C@H](CC(C)C)NC(=O)CNC(=O)[C@H](Cc1ccc(O)cc1)NC(=O)[C@H](CO)NC(=O)[C@H](Cc1c[nH]c2ccccc12)NC(=O)[C@H](Cc1cnc[nH]1)NC(=O)[C@@H]1CCC(=O)N1
2890,CCNC(=O)[C@@H]1CCCN1C(=O)[C@H](CCCNC(=N)N)NC(=O)[C@H](CC(C)C)NC(=O)[C@@H](CC(C)C)NC(=O)[C@H](Cc1ccc(O)cc1)NC(=O)[C@H](CO)NC(=O)[C@H](Cc1c[nH]c2ccccc12)NC(=O)[C@H](Cc1cnc[nH]1)NC(=O)[C@@H]1CCC(=O)N1
2891,CCNC(=O)[C@@H]1CCCN1C(=O)[C@H](CCCNC(=N)N)NC(=O)[C@H](CC(C)C)NC(=O)[C@@H](Cc1c[nH]c2ccccc12)NC(=O)[C@H](Cc1ccc(O)cc1)NC(=O)[C@H](CO)NC(=O)[C@H](Cc1c[nH]c2ccccc12)NC(=O)[C@H](Cc1c[nH]cn1)NC(=O)[C@@H]1CCC(=O)N1
2892,CCNC(=S)NCC
2893,CCNC(C)Cc1ccc2c(c1)OCO2
2894,CCNC(C)Cc1cccc(C(F)(F)F)c1
2895,CCNC1(c2cccs2)CCCCC1=O
2896,CCNCC
2897,CCNCC(O)c1cccc(O)c1
2898,CCNCCO
2899,CCNP(=S)(OC)O/C(C)=C/C(=O)OC(C)C
2900,CCNS(=O)(=O)C(F)(F)C(F)(F)C(F)(F)C(F)(F)C(F)(F)C(F)(F)C(F)(F)C(F)(F)F
2901,CCNS(=O)(=O)c1ccc(C)cc1
2902,CCN[C@@H](C)Cc1cccc(C(F)(F)F)c1
2903,CCN[C@@H](C)Cc1ccccc1
2904,CCN[C@@H]1C[C@H](N)[C@@H](OC2OC(CN)=CCC2N)[C@H](O)[C@H]1O[C@H]1OC[C@](C)(O)[C@H](NC)[C@H]1O
2905,CCN[C@H](C)Cc1cccc(C(F)(F)F)c1
2906,CCN[C@H]1CN(CCCOC)S(=O)(=O)c2sc(S(N)(=O)=O)cc21
2907,CCN[C@H]1C[C@H](C)S(=O)(=O)c2sc(S(N)(=O)=O)cc21
2908,CCNc1cc(O)ccc1C
2909,CCNc1ccc(C(=C2C=CC(=[N+](CC)CC)C=C2)c2ccc(N(CC)CC)cc2)c2ccccc12
2910,CCNc1cccc(C)c1
2911,CCNc1ccccc1
2912,CCNc1nc(Cl)nc(NC(C)(C)C#N)n1
2913,CCNc1nc(Cl)nc(NC(C)(C)C)n1
2914,CCNc1nc(Cl)nc(NC(C)C)n1
2915,CCNc1nc(Cl)nc(NCC)n1
2916,CCNc1nc(N)nc(Cl)n1
2917,CCNc1nc(NC(C)(C)C)nc(SC)n1
2918,CCNc1nc(NC(C)C(C)C)nc(SC)n1
2919,CCNc1nc(NC(C)C)nc(OC)n1
2920,CCNc1nc(NC(C)C)nc(SC)n1
2921,CCNc1nc(NC(C)CC)nc(OC)n1
2922,CCNc1nc(NCC)nc(SC)n1
2923,CCO
2924,CCO/C=C1\N=C(c2ccccc2)OC1=O
2925,CCOC(=N)CC(=O)OCC
2926,CCOC(=O)/C=C(C)/C=C/C=C(C)/C=C/c1c(C)cc(OC)c(C)c1C
2927,CCOC(=O)/C=C(C)/C=C/C[C@@H](C)CCCC(C)C
2928,CCOC(=O)/C=C(\C)[O][Ti]([O]/C(C)=C/C(=O)OCC)([O]C(C)C)[O]C(C)C
2929,CCOC(=O)/C=C/C(=O)OCC
2930,CCOC(=O)/C=C\C(=O)OCC
2931,CCOC(=O)C(=O)CCCCCCl
2932,CCOC(=O)C(=O)CCc1ccccc1
2933,CCOC(=O)C(=O)OCC
2934,CCOC(=O)C(=O)c1csc(NC=O)n1
2935,CCOC(=O)C(Br)c1ccccc1
2936,CCOC(=O)C(C#N)=C(c1ccccc1)c1ccccc1
2937,CCOC(=O)C(C)(C)C
2938,CCOC(=O)C(C)(C)Oc1ccc(Cl)cc1
2939,CCOC(=O)C(C)C(C)=O
2940,CCOC(=O)C(C)O
2941,CCOC(=O)C(C)OC(=O)c1cc(Oc2ccc(C(F)(F)F)cc2Cl)ccc1[N+](=O)[O-]
2942,CCOC(=O)C(C)Oc1ccc(Oc2cnc3cc(Cl)ccc3n2)cc1
2943,CCOC(=O)C(C)Oc1ccc(Oc2nc3ccc(Cl)cc3o2)cc1
2944,CCOC(=O)C(Cl)C(C)=O
2945,CCOC(=O)C(Cl)Cc1cc(-n2nc(C)n(C(F)F)c2=O)c(F)cc1Cl
2946,CCOC(=O)C(F)(F)F
2947,CCOC(=O)C(O)(c1ccc(Cl)cc1)c1ccc(Cl)cc1
2948,CCOC(=O)C(O)c1ccccc1
2949,CCOC(=O)C(SP(=S)(OC)OC)c1ccccc1
2950,CCOC(=O)C(c1c(O)c2ccccc2oc1=O)c1c(O)c2ccccc2oc1=O
2951,CCOC(=O)C1(c2ccccc2)CCN(CCC(C#N)(c2ccccc2)c2ccccc2)CC1
2952,CCOC(=O)C1(c2ccccc2)CCN(CCc2ccc(N)cc2)CC1
2953,CCOC(=O)C1=C(C)NC(C)=C(C(=O)OC)C1c1cccc(Cl)c1Cl
2954,CCOC(=O)C1=C(C)NC(C)=C(C(=O)OC)C1c1cccc([N+](=O)[O-])c1
2955,CCOC(=O)C1=C(C)NC(C)=C(C(=O)OCC)C1c1ccccc1/C=C/C(=O)OC(C)(C)C
2956,CCOC(=O)C1=C(COCCN)NC(C)=C(C(=O)OC)C1c1ccccc1Cl
2957,CCOC(=O)C1=C[C@@H](OC(CC)CC)[C@H](NC(C)=O)[C@@H](N)C1
2958,CCOC(=O)C1=C[C@]2(CC)CCCN3CCc4c(n1c1ccccc41)[C@@H]32
2959,CCOC(=O)C1=NN(c2ccccc2)C(=O)C1
2960,CCOC(=O)C1=NOC(c2ccccc2)(c2ccccc2)C1
2961,CCOC(=O)C1CC(=O)C(=C(O)C2CC2)C(=O)C1
2962,CCOC(=O)C1OC1(C)c1ccccc1
2963,CCOC(=O)C1OC1c1ccccc1
2964,CCOC(=O)C=CC(=O)O
2965,CCOC(=O)C=Cc1ccccc1
2966,CCOC(=O)CBr
2967,CCOC(=O)CC
2968,CCOC(=O)CC#N
2969,CCOC(=O)CC(=O)CCl
2970,CCOC(=O)CC(=O)OCC
2971,CCOC(=O)CC(=O)c1cc(F)c(Cl)nc1Cl
2972,CCOC(=O)CC(=O)c1ccccc1
2973,CCOC(=O)CC(C(C)=O)C(C)=O
2974,CCOC(=O)CC(C)=O
2975,CCOC(=O)CC(C)C
2976,CCOC(=O)CC(CC(=O)OCC)(OC(C)=O)C(=O)OCC
2977,CCOC(=O)CC(O)(CC(=O)OCC)C(=O)OCC
2978,CCOC(=O)CC(O)C(=O)OCC
2979,CCOC(=O)CC(SP(=O)(OC)OC)C(=O)OCC
2980,CCOC(=O)CC(SP(=S)(OC)OC)C(=O)OCC
2981,CCOC(=O)CC1(C)OCC(C)O1
2982,CCOC(=O)CCC(=O)OCC
2983,CCOC(=O)CCC(=O)O[C@H]1[C@H](O[C@@H]2[C@@H](C)[C@H](O[C@H]3C[C@@](C)(OC)[C@@H](O)[C@H](C)O3)[C@@H](C)C(=O)O[C@H](CC)[C@@](C)(O)[C@H](O)[C@@H](C)C(=O)[C@H](C)C[C@@]2(C)O)O[C@H](C)C[C@@H]1N(C)C
2984,CCOC(=O)CCC(C)=O
2985,CCOC(=O)CCCCCCCCC(=O)OCC
2986,CCOC(=O)CCN(SN(C)C(=O)Oc1cccc2c1OC(C)(C)C2)C(C)C
2987,CCOC(=O)CCc1ccccc1
2988,CCOC(=O)CCl
2989,CCOC(=O)CN1CCCC1=O
2990,CCOC(=O)CN[C@@H](C(=O)N1CC[C@H]1C(=O)NCc1ccc(/C(N)=N/O)cc1)C1CCCCC1
2991,CCOC(=O)COC(=O)c1cc(Oc2ccc(C(F)(F)F)cc2Cl)ccc1[N+](=O)[O-]
2992,CCOC(=O)COC(=O)c1ccccc1C(=O)OCC
2993,CCOC(=O)COc1cc(-c2nn(C)c(OC(F)F)c2Cl)c(F)cc1Cl
2994,CCOC(=O)COc1cc(-n2ncc(C(F)(F)F)c(C)c2=O)c(F)cc1Cl
2995,CCOC(=O)COc1ccc(C)cc1
2996,CCOC(=O)COc1ccc(Cl)cc1Cl
2997,CCOC(=O)COc1ccc2c(=O)cc(-c3ccccc3)oc2c1
2998,CCOC(=O)COc1ccc2c(C)c(CCN(CC)CC)c(=O)oc2c1Cl
2999,CCOC(=O)COc1ccc2c(c1)CC(NCC(O)c1cccc(Cl)c1)CC2
3000,CCOC(=O)CP(=O)(OCC)OCC
3001,CCOC(=O)CS
3002,CCOC(=O)Cc1ccc(-c2ccccc2)cc1
3003,CCOC(=O)Cc1cccc(-c2cc(CCCCCCc3ccc(O[C@H]4O[C@H](COC(C)=O)[C@@H](OC(C)=O)[C@H](OC(C)=O)[C@@H]4OC(C)=O)c(-c4cccc(CC(=O)OCC)c4)c3)ccc2O[C@H]2O[C@H](COC(C)=O)[C@@H](OC(C)=O)[C@H](OC(C)=O)[C@@H]2OC(C)=O)c1
3004,CCOC(=O)Cc1cccc2ccccc12
3005,CCOC(=O)Cc1ccccc1
3006,CCOC(=O)Cl
3007,CCOC(=O)Cn1c(=O)sc2cccc(Cl)c21
3008,CCOC(=O)Cn1cccc1-c1nc(-c2ccc(OC)cc2)c(-c2ccc(OC)cc2)s1
3009,CCOC(=O)N(C)C(=O)CSP(=S)(OCC)OCC
3010,CCOC(=O)N(C)N=O
3011,CCOC(=O)N1CCC(=C2c3ccc(Cl)cc3CCc3cccnc32)CC1
3012,CCOC(=O)N1CCC(=O)CC1
3013,CCOC(=O)N1CCC(Nc2ccc(Cl)cc2N)CC1
3014,CCOC(=O)N1CCC(n2c(=O)[nH]c3cc(Cl)ccc32)CC1
3015,CCOC(=O)NC(=S)Nc1ccccc1NC(=S)NC(=O)OCC
3016,CCOC(=O)NC(C)(C)Cc1ccc(Cl)cc1
3017,CCOC(=O)NC(O)C(Cl)(Cl)Cl
3018,CCOC(=O)NCCC[Si](OCC)(OCC)OCC
3019,CCOC(=O)NCCOc1ccc(Oc2ccccc2)cc1
3020,CCOC(=O)NNc1ccc(N(CC)CC(C)O)nn1
3021,CCOC(=O)NNc1nncc2ccccc12
3022,CCOC(=O)Nc1ccc(NCc2ccc(F)cc2)nc1N
3023,CCOC(=O)Nc1ccc2c(c1)N(C(=O)CCN1CCOCC1)c1ccccc1S2
3024,CCOC(=O)Nc1ccc2c(c1)N(C(=O)CN(C)C)c1ccccc1CC2
3025,CCOC(=O)Nc1cccc(OC(=O)Nc2ccccc2)c1
3026,CCOC(=O)OC(C)OC(=O)[C@@H]1N2C(=O)[C@@H](NC(=O)[C@H](N)c3ccccc3)[C@H]2SC1(C)C
3027,CCOC(=O)OC(C)OC1=C(C(=O)Nc2ccccn2)N(C)S(=O)(=O)c2ccccc21
3028,CCOC(=O)OC1=C(c2cc(C)ccc2C)C(=O)NC12CCC(OC)CC2
3029,CCOC(=O)OCC
3030,CCOC(=O)OCC/C(SC(=O)OCC)=C(\C)N(C=O)Cc1cnc(C)nc1N
3031,CCOC(=O)O[C@H](C)OC(=O)c1ccc2c(c1)cc(C(=O)NC1CCN(C(C)C)CC1)n2Cc1cc(-c2ccc(Cl)s2)on1
3032,CCOC(=O)O[C@]1(C(=O)COC(=O)CC)CC[C@H]2[C@@H]3CCC4=CC(=O)C=C[C@]4(C)[C@H]3[C@@H](O)C[C@@]21C
3033,CCOC(=O)O[C@]1(C(=O)OCCl)CC[C@H]2[C@@H]3CCC4=CC(=O)C=C[C@]4(C)[C@H]3[C@@H](O)C[C@@]21C
3034,CCOC(=O)Oc1c(OC)cc(C(=O)O[C@@H]2C[C@@H]3CN4CCc5c([nH]c6cc(OC)ccc56)[C@H]4C[C@@H]3[C@H](C(=O)OC)[C@H]2OC)cc1OC
3035,CCOC(=O)Oc1ccc(CCNC(=O)[C@H](CCSC)NC(C)=O)cc1OC(=O)OCC
3036,CCOC(=O)[C@@H](C)Oc1ccc(Oc2nc3ccc(Cl)cc3o2)cc1
3037,CCOC(=O)[C@@](C)(N)Cc1ccc(O)c(O)c1
3038,CCOC(=O)[C@H](CCc1ccccc1)N[C@@H](C)C(=O)N1C(=O)N(C)C[C@H]1C(=O)O
3039,CCOC(=O)[C@H](CCc1ccccc1)N[C@@H](C)C(=O)N1CC2(C[C@H]1C(=O)O)SCCS2
3040,CCOC(=O)[C@H](CCc1ccccc1)N[C@@H](C)C(=O)N1CCC[C@H]1C(=O)O
3041,CCOC(=O)[C@H](CCc1ccccc1)N[C@@H](C)C(=O)N1Cc2cc(OC)c(OC)cc2C[C@H]1C(=O)O
3042,CCOC(=O)[C@H](CCc1ccccc1)N[C@@H](C)C(=O)N1Cc2ccccc2C[C@H]1C(=O)O
3043,CCOC(=O)[C@H](CCc1ccccc1)N[C@@H](C)C(=O)N1[C@H](C(=O)O)C[C@@H]2CCC[C@@H]21
3044,CCOC(=O)[C@H](CCc1ccccc1)N[C@@H](C)C(=O)N1[C@H](C(=O)O)C[C@H]2CCCC[C@@H]21
3045,CCOC(=O)[C@H](CCc1ccccc1)N[C@H]1CCCN2CCC[C@@H](C(=O)O)N2C1=O
3046,CCOC(=O)[C@H](CCc1ccccc1)N[C@H]1CCc2ccccc2N(CC(=O)O)C1=O
3047,CCOC(=O)[C@H](CCc1ccccc1)N[C@H]1CS[C@H](c2cccs2)CN(CC(=O)O)C1=O
3048,CCOC(=O)[C@]1(c2ccccc2)Oc2ccccc2[C@@H]1N
3049,CCOC(=O)[N-]c1c[n+](N2CCOCC2)no1
3050,CCOC(=O)c1c(C)n(C)c2ccc(O)cc12
3051,CCOC(=O)c1c(N)sc2c1CCN(Cc1ccccc1)C2
3052,CCOC(=O)c1cc(-c2ccccc2)nc2ccc(C)cc12
3053,CCOC(=O)c1cc(=O)c2c(OCC(COc3cccc4oc(C(=O)OCC)cc(=O)c34)OC(=O)[C@@H](N)CCCCN)cccc2o1
3054,CCOC(=O)c1ccc(C#Cc2ccc3c(c2)C(C)(C)CCS3)nc1
3055,CCOC(=O)c1ccc(C)cc1
3056,CCOC(=O)c1ccc(I)cc1
3057,CCOC(=O)c1ccc(N(C)C)cc1
3058,CCOC(=O)c1ccc(N)cc1
3059,CCOC(=O)c1ccc(NC(=O)CN2CCCCC2)cc1
3060,CCOC(=O)c1ccc(O)c(O)c1
3061,CCOC(=O)c1ccc(O)cc1
3062,CCOC(=O)c1ccc(OC(=O)CCCCCNC(=N)N)cc1
3063,CCOC(=O)c1ccc(OCCN2C[C@H](O)[C@@H](O)[C@H](O)[C@H]2CO)cc1
3064,CCOC(=O)c1ccc([C@H]2CC[C@H](NC[C@H](O)COc3ccc(O)c(NS(C)(=O)=O)c3)CC2)cc1
3065,CCOC(=O)c1cccc(N)c1
3066,CCOC(=O)c1ccccc1
3067,CCOC(=O)c1ccccc1C
3068,CCOC(=O)c1ccccc1C(=C1C=C(Br)C(=O)C(Br)=C1)c1cc(Br)c(O)c(Br)c1
3069,CCOC(=O)c1ccccc1C(=O)OCC
3070,CCOC(=O)c1ccccc1N
3071,CCOC(=O)c1ccccc1O
3072,CCOC(=O)c1ccccc1OC
3073,CCOC(=O)c1cccnc1
3074,CCOC(=O)c1cn2nc(OP(=S)(OCC)OCC)cc2nc1C
3075,CCOC(=O)c1cnc2c(cnn2CC)c1NN=C(C)C
3076,CCOC(=O)c1cnc2cc(OCC(C)C)c(OCC(C)C)cc2c1O
3077,CCOC(=O)c1cncn1C(C)c1ccccc1
3078,CCOC(=O)c1nc(C(Cl)(Cl)Cl)n(-c2ccc(Cl)cc2Cl)n1
3079,CCOC(=O)c1ncn2c1CN(C)C(=O)c1c(I)cccc1-2
3080,CCOC(=O)c1ncn2c1CN(C)C(=O)c1cc(F)ccc1-2
3081,CCOC(=O)n1ccn(C)c1=S
3082,CCOC(=S)S
3083,CCOC(=S)SSC(=S)OCC
3084,CCOC(C(=O)OCCN(C)C)(c1ccccc1)c1ccccc1
3085,CCOC(C)(C)C
3086,CCOC(C)=O
3087,CCOC(C)OCC
3088,CCOC(CN1CCN(CC(C)C(=O)c2ccccc2)CC1)c1ccccc1
3089,CCOC(N)=O
3090,CCOC(OCC)OCC
3091,CCOC1Oc2ccc(OS(C)(=O)=O)cc2C1(C)C
3092,CCOCC(=O)O
3093,CCOCC(C)O
3094,CCOCC(O)COc1ccc(NC(=O)CC[S+](C)C)cc1
3095,CCOCCC(=O)OCC
3096,CCOCCO
3097,CCOCCOC(=O)C=Cc1ccc(OC)cc1
3098,CCOCCOC(C)=O
3099,CCOCCOCC
3100,CCOCCOCCO
3101,CCOCCOCCOC(C)=O
3102,CCOCCOCCOCC
3103,CCOCCOCCOCCO
3104,CCOCCn1c(C2CCN(CCc3ccc(C(C)(C)C(=O)O)cc3)CC2)nc2ccccc21
3105,CCOCCn1c(N2CCCN(C)CC2)nc2ccccc21
3106,CCOCN(C(=O)CCl)c1c(C)cccc1CC
3107,CCOCn1c(-c2ccc(Cl)cc2)c(C#N)c(Br)c1C(F)(F)F
3108,CCOP(=O)(CC)OCC
3109,CCOP(=O)(CC)Oc1ccc([N+](=O)[O-])cc1
3110,CCOP(=O)(Cl)Cl
3111,CCOP(=O)(N=C1SCCS1)OCC
3112,CCOP(=O)(NC(C)C)Oc1ccc(SC)c(C)c1
3113,CCOP(=O)(O)C(N)=O
3114,CCOP(=O)(OCC)OC(=CCl)c1ccc(Cl)cc1Cl
3115,CCOP(=O)(OCC)OCC
3116,CCOP(=O)(OCC)OP(=O)(OCC)OCC
3117,CCOP(=O)(OCC)Oc1cc(C)nc(C(C)C)n1
3118,CCOP(=O)(OCC)Oc1ccc([N+](=O)[O-])cc1
3119,CCOP(=O)(OCC)Oc1nc(Cl)c(Cl)cc1Cl
3120,CCOP(=O)(OCC)SCCSCC
3121,CCOP(=O)(SC(C)CC)N1CCSC1=O
3122,CCOP(=O)(Sc1ccccc1)Sc1ccccc1
3123,CCOP(=S)(CC)Sc1ccccc1
3124,CCOP(=S)(Cl)OCC
3125,CCOP(=S)(NC(C)C)Oc1ccccc1C(=O)OC(C)C
3126,CCOP(=S)(OCC)O/N=C(\C#N)c1ccccc1
3127,CCOP(=S)(OCC)OC(Cl)C(Cl)(Cl)Cl
3128,CCOP(=S)(OCC)OP(=S)(OCC)OCC
3129,CCOP(=S)(OCC)Oc1cc(-c2ccccc2)on1
3130,CCOP(=S)(OCC)Oc1cc(C)nc(C(C)C)n1
3131,CCOP(=S)(OCC)Oc1cc(C)nc(N(CC)CC)n1
3132,CCOP(=S)(OCC)Oc1cc(Cl)c(Br)cc1Cl
3133,CCOP(=S)(OCC)Oc1ccc(Cl)cc1Cl
3134,CCOP(=S)(OCC)Oc1ccc(S(C)=O)cc1
3135,CCOP(=S)(OCC)Oc1ccc([N+](=O)[O-])cc1
3136,CCOP(=S)(OCC)Oc1ccc2c(C)c(Cl)c(=O)oc2c1
3137,CCOP(=S)(OCC)Oc1cnc2ccccc2n1
3138,CCOP(=S)(OCC)Oc1nc(Cl)c(Cl)cc1Cl
3139,CCOP(=S)(OCC)Oc1nc(Cl)n(C(C)C)n1
3140,CCOP(=S)(OCC)Oc1ncn(-c2ccccc2)n1
3141,CCOP(=S)(OCC)SC(CCl)N1C(=O)c2ccccc2C1=O
3142,CCOP(=S)(OCC)SCCSCC
3143,CCOP(=S)(OCC)SCCl
3144,CCOP(=S)(OCC)SCSC(C)(C)C
3145,CCOP(=S)(OCC)SCSCC
3146,CCOP(=S)(OCC)SCSP(=S)(OCC)OCC
3147,CCOP(=S)(OCC)SCSc1cc(Cl)ccc1Cl
3148,CCOP(=S)(OCC)SCSc1ccc(Cl)cc1
3149,CCOP(=S)(OCC)SCn1c(=O)oc2cc(Cl)ccc21
3150,CCOP(=S)(OCC)SCn1nnc2ccccc2c1=O
3151,CCOP(=S)(Oc1ccc([N+](=O)[O-])cc1)c1ccccc1
3152,CCOP(=S)(Oc1cnc(C(C)(C)C)nc1)OC(C)C
3153,CCOP(=S)(S)OCC
3154,CCOP(O)OCC
3155,CCOP(OCC)OCC
3156,CCOS(=O)(=O)OCC
3157,CCOS(C)(=O)=O
3158,CCO[C@@H]1O[C@H](C(COCc2ccccc2)OCc2ccccc2)[C@H](OCc2ccccc2)[C@H]1O
3159,CCO[C@H](Cc1ccc(OCCc2ccc(OS(C)(=O)=O)cc2)cc1)C(=O)O
3160,CCO[C@H]1O[C@@H]2OC3(C)CC[C@H]4[C@H](C)CC[C@@H]([C@H]1C)[C@@]24OO3
3161,CCO[Si](C)(CCCOCC1CO1)OCC
3162,CCO[Si](C)(OCC)OCC
3163,CCO[Si](CC(C)C)(OCC)OCC
3164,CCO[Si](CC)(OCC)OCC
3165,CCO[Si](CCC#N)(OCC)OCC
3166,CCO[Si](CCC1CCC2OC2C1)(OCC)OCC
3167,CCO[Si](CCCCl)(OCC)OCC
3168,CCO[Si](CCCN)(OCC)OCC
3169,CCO[Si](CCCNC(N)=O)(OCC)OCC
3170,CCO[Si](CCCS)(OCC)OCC
3171,CCO[Si](CCCSSSSCCC[Si](OCC)(OCC)OCC)(OCC)OCC
3172,CCO[Si](OCC)(OCC)OCC
3173,CCO[Si](OCC)(OCC)c1ccccc1
3174,CCOc1c(N2CCOCC2)cnn(C)c1=O
3175,CCOc1cc(-c2nccc3cc(OC)c(OC)cc23)cc(OCC)c1OCC
3176,CCOc1cc(C(C)(C)C)ccc1C1COC(c2c(F)cccc2F)=N1
3177,CCOc1cc(C=O)ccc1O
3178,CCOc1cc(CC(=O)N[C@@H](CC(C)C)c2ccccc2N2CCCCC2)ccc1C(=O)O
3179,CCOc1cc(N)c(Cl)cc1C(=O)NCC1CN(Cc2ccc(F)cc2)CCO1
3180,CCOc1cc(NC(C)=O)ccc1C(=O)OC
3181,CCOc1cc(OCC)c(C(=O)CCC(=O)O)cc1OCC
3182,CCOc1cc(OCC)c(C(C)=O)cc1OCC
3183,CCOc1cc(OP(=S)(OC)OC)nc(CC)n1
3184,CCOc1cc(Oc2ccc(C(F)(F)F)cc2Cl)ccc1[N+](=O)[O-]
3185,CCOc1cc([N+](=O)[O-])c(OCC)cc1N1CCOCC1
3186,CCOc1ccc(/N=C(\C)Nc2ccc(OCC)cc2)cc1
3187,CCOc1ccc(C(=O)OCCN(CC)CC)cc1
3188,CCOc1ccc(C(C)(C)COCc2cccc(Oc3ccccc3)c2)cc1
3189,CCOc1ccc(C[C@H]2NC(=O)CCSSC[C@@H](C(=O)N3CCC[C@H]3C(=O)N[C@@H](CCCN)C(=O)NCC(N)=O)NC(=O)[C@H](CC(N)=O)NC(=O)[C@H]([C@@H](C)O)NC(=O)[C@H]([C@@H](C)CC)NC2=O)cc1
3190,CCOc1ccc(Cc2nccc3cc(OCC)c(OCC)cc23)cc1OCC
3191,CCOc1ccc(N)c([N+](=O)[O-])c1
3192,CCOc1ccc(N)cc1
3193,CCOc1ccc(N=Nc2ccc(C=Cc3ccc(N=Nc4ccc(OCC)cc4)cc3S(=O)(=O)O)c(S(=O)(=O)O)c2)cc1
3194,CCOc1ccc(N=Nc2ccc(N)cc2N)cc1
3195,CCOc1ccc(NC(=O)CC(C)=O)cc1
3196,CCOc1ccc(NC(=O)CC(C)O)cc1
3197,CCOc1ccc(NC(=O)OC(C)C)cc1OCC
3198,CCOc1ccc(NC(=S)Nc2ccc(OCC)cc2)cc1
3199,CCOc1ccc(NC(C)=O)cc1
3200,CCOc1ccc(NC(C)=O)cc1N
3201,CCOc1ccc(NC(N)=O)cc1
3202,CCOc1ccc(NS(=O)(=O)c2ccc(N)cc2)nn1
3203,CCOc1ccc(O)cc1
3204,CCOc1ccc(OCC)c(Cl)c1
3205,CCOc1ccc(S(=O)(=O)O)c2cccnc12
3206,CCOc1ccc([N+](=O)[O-])cc1
3207,CCOc1ccc2[nH]cc(C(=O)NCc3ccccc3)c(=O)c2n1
3208,CCOc1ccc2c(c1)C(C)=CC(C)(C)N2
3209,CCOc1ccc2c(c1)C(C)CC(C)(C)N2
3210,CCOc1ccc2c3c1O[C@H]1[C@@H](O)C=C[C@H]4[C@@H](C2)N(C)CC[C@@]341
3211,CCOc1ccc2ccccc2c1C(=O)N[C@@H]1C(=O)N2[C@@H]1SC(C)(C)[C@@H]2C(=O)O
3212,CCOc1ccc2nc(N)sc2c1
3213,CCOc1ccc2nc(S(N)(=O)=O)sc2c1
3214,CCOc1ccc2nc3cc(N)ccc3c(N)c2c1
3215,CCOc1cccc(-n2cc(C(=O)N3CCN(c4cc(C(=O)O)c5ccccc5c4)CC3)nc2-c2ccc(C)cc2)c1
3216,CCOc1cccc(N)c1
3217,CCOc1cccc([C@]2(N3CCN(c4ccccc4)CC3)CC[C@@H](C)CC2)c1
3218,CCOc1ccccc1C(N)=O
3219,CCOc1ccccc1N
3220,CCOc1ccccc1O
3221,CCOc1ccccc1OCC
3222,CCOc1ccccc1OCC1CNCCO1
3223,CCOc1ccccc1OCCN[C@H](C)Cc1ccc(OC)c(S(N)(=O)=O)c1
3224,CCOc1ccccc1O[C@H](c1ccccc1)[C@H]1CNCCO1
3225,CCOc1nc(=O)c(F)c[nH]1
3226,CCOc1nc(C(Cl)(Cl)Cl)ns1
3227,CCOc1nc(F)cc2nc(S(=O)(=O)Nc3c(Cl)cccc3Cl)nn12
3228,CCOc1nc2cccc(C(=O)O)c2n1Cc1ccc(-c2ccccc2-c2nnn[nH]2)cc1
3229,CCOc1nc2cccc(C(=O)OC(C)OC(=O)OC3CCCCC3)c2n1Cc1ccc(-c2ccccc2-c2nnn[nH]2)cc1
3230,CCS(=O)(=O)C(C)(C)S(=O)(=O)CC
3231,CCS(=O)(=O)CCSP(=O)(OC)OC
3232,CCS(=O)(=O)CCn1c([N+](=O)[O-])cnc1C
3233,CCS(=O)(=O)c1ccc(OC)c(C(=O)OC)c1
3234,CCSC(=O)Cl
3235,CCSC(=O)N(CC(C)C)CC(C)C
3236,CCSC(=O)N(CC)C1CCCCC1
3237,CCSC(=O)N(CC)CC
3238,CCSC(=O)N1CCCCCC1
3239,CCSCC
3240,CCSCCCl
3241,CCSCc1ccccc1OC(=O)NC
3242,CCSc1ccc2c(c1)N(CCCN1CCN(C)CC1)c1ccccc1S2
3243,CC[C@@H](C(=O)O)[C@@H]1O[C@@H]([C@@H](C)[C@H](O)[C@H](C)C(=O)[C@H](CC)[C@H]2O[C@]3(C=C[C@@H](O)[C@]4(CC[C@@](C)([C@H]5CC[C@](O)(CC)[C@H](C)O5)O4)O3)[C@H](C)C[C@@H]2C)[C@@H](C)C[C@@H]1C
3244,CC[C@@H](C(=O)[C@@H](C)[C@@H](O)[C@H](C)CCc1ccc(C)c(O)c1C(=O)O)[C@H]1O[C@](CC)([C@H]2CC[C@](O)(CC)[C@H](C)O2)C[C@@H]1C
3245,CC[C@@H](C(=O)[C@@H](C)[C@@H](O)[C@H](C)[C@@H]1O[C@@H]([C@@H](CC)C(=O)O)CC[C@@H]1C)[C@H]1O[C@]2(C=C[C@@H](O)[C@]3(CC[C@@](C)([C@H]4CC[C@](O)(CC)[C@H](C)O4)O3)O2)[C@H](C)C[C@@H]1C
3246,CC[C@@H](C)CCCCC(=O)N[C@@H](CCNCS(=O)(=O)O)C(=O)N[C@H](C(=O)N[C@@H](CCNCS(=O)(=O)O)C(=O)N[C@H]1CCNC(=O)[C@H]([C@@H](C)O)NC(=O)[C@H](CCNCS(=O)(=O)O)NC(=O)[C@H](CCNCS(=O)(=O)O)NC(=O)[C@H](CC(C)C)NC(=O)[C@@H](CC(C)C)NC(=O)[C@H](CCNCS(=O)(=O)O)NC1=O)[C@@H](C)O
3247,CC[C@@H](C)CCCCC(=O)N[C@H](CCN)C(=O)N[C@@H](C(=O)N[C@H](CCN)C(=O)N[C@@H]1CCNC(=O)C([C@@H](C)O)NC(=O)[C@@H](CCN)NC(=O)[C@@H](CCN)NC(=O)[C@@H](CC(C)C)NC(=O)[C@@H](Cc2ccccc2)NC(=O)[C@@H](CCN)NC1=O)[C@@H](C)O
3248,CC[C@@H](C)[C@@H](N)C1=N[C@H](C(=O)N[C@@H](CC(C)C)C(=O)N[C@@H](CCC(=O)O)C(=O)N[C@@H](C(=O)N[C@@H]2CCCCNC(=O)[C@@H](CC(N)=O)NC(=O)[C@@H](CC(=O)O)NC(=O)[C@@H](Cc3cnc[nH]3)NC(=O)[C@@H](Cc3ccccc3)NC(=O)[C@@H]([C@H](C)CC)NC(=O)[C@@H](CCCN)NC2=O)[C@@H](C)CC)CS1
3249,CC[C@@H](CO)NC(=O)[C@@H]1C=C2c3cccc4[nH]cc(c34)C[C@H]2N(C)C1
3250,CC[C@@H](CO)NC(=O)[C@@H]1C=C2c3cccc4c3c(cn4C)C[C@H]2N(C)C1
3251,CC[C@@H](CO)NCCN[C@@H](CC)CO
3252,CC[C@@H](N)CO
3253,CC[C@@H](O)C(C[C@@H](C)N(C)C)(c1ccccc1)c1ccccc1
3254,CC[C@@H]([C@H](C)O)n1ncn(-c2ccc(N3CCN(c4ccc(OCC5CO[C@@](Cn6cncn6)(c6ccc(F)cc6F)C5)cc4)CC3)cc2)c1=O
3255,CC[C@@H]1C(=O)OC[C@@H]1Cc1cncn1C
3256,CC[C@@H]1C=C(C)C[C@H](C)C[C@H](OC)[C@H]2O[C@@](O)(C(=O)C(=O)N3CCCC[C@H]3C(=O)O[C@H](/C(C)=C/[C@@H]3CC[C@@H](Cl)[C@H](OC)C3)[C@H](C)[C@@H](O)CC1=O)[C@H](C)C[C@@H]2OC
3257,CC[C@@H]1C[C@H](N(Cc2cc(C(F)(F)F)cc(C(F)(F)F)c2)C(C)=O)c2cc(C(F)(F)F)ccc2N1C(=O)OC(C)C
3258,CC[C@@]1(O)C(=O)OCc2c1cc1n(c2=O)Cc2c-1nc1ccccc1c2/C=N/OC(C)(C)C
3259,CC[C@@]1(O)C(=O)OCc2c1cc1n(c2=O)Cc2cc3c(CN(C)C)c(O)ccc3nc2-1
3260,CC[C@@]1(O)C(=O)OCc2c1cc1n(c2=O)Cc2cc3c([N+](=O)[O-])cccc3nc2-1
3261,CC[C@@]1(O)C[C@H](O[C@H]2C[C@H](N(C)C)[C@H](O[C@H]3C[C@H](O)[C@H](O[C@H]4CCC(=O)[C@H](C)O4)[C@H](C)O3)[C@H](C)O2)c2c(cc3c(c2O)C(=O)c2c(O)cccc2C3=O)[C@H]1C(=O)OC
3262,CC[C@@]1([C@@H]2O[C@@H]([C@H]3O[C@@](O)(CO)[C@H](C)C[C@@H]3C)C[C@@H]2C)CC[C@H]([C@]2(C)CC[C@]3(C[C@H](O)[C@@H](C)[C@@H]([C@@H](C)[C@@H](OC)[C@H](C)C(=O)O)O3)O2)O1
3263,CC[C@@]1(c2ccccc2)NC(=O)N(C)C1=O
3264,CC[C@H](C)C(=O)O[C@H]1CCC=C2C=C[C@H](C)[C@H](CC[C@@H]3C[C@@H](O)CC(=O)O3)[C@H]21
3265,CC[C@H](C)C(=O)O[C@H]1C[C@@H](C)C=C2C=C[C@H](C)[C@H](CC[C@@H]3C[C@@H](O)CC(=O)O3)[C@H]21
3266,CC[C@H](C)C(=O)O[C@H]1C[C@H](O)C=C2C=C[C@H](C)[C@H](CC[C@@H](O)C[C@@H](O)CC(=O)O)[C@H]21
3267,CC[C@H](C)COC(=O)/C=C/c1ccc(/N=C/c2ccc(OC)cc2)cc1
3268,CC[C@H](C)[C@@H](C(=O)O)n1sc2ccccc2c1=O
3269,CC[C@H](C)[C@@H]1NC(=O)[C@H](Cc2ccc(O)cc2)NC(=O)[C@@H](N)CSSC[C@@H](C(=O)N2CCC[C@H]2C(=O)N[C@@H](CC(C)C)C(=O)NCC(N)=O)NC(=O)[C@H](CC(N)=O)NC(=O)[C@H](CCC(N)=O)NC1=O
3270,CC[C@H](C)[C@H](NC(=O)[C@H](Cc1ccccc1)NC(=O)[C@H](C)NC(=O)[C@H](CC(=O)O)NC(=O)[C@H](CCCCN)NC(=O)[C@H](CO)NC(=O)[C@@H]1CCCN1C(=O)[C@@H]1CCC(=O)N1)C(=O)NCC(=O)N[C@@H](CC(C)C)C(=O)N[C@@H](CCSC)C(N)=O
3271,CC[C@H](C)[C@H]1O[C@]2(C=C[C@@H]1C)C[C@@H]1C[C@@H](CC=C(C)[C@@H](O[C@H]3C[C@H](OC)[C@@H](O[C@H]4C[C@H](OC)[C@@H](NC)[C@H](C)O4)[C@H](C)O3)[C@@H](C)C=CC=C3CO[C@@H]4[C@H](O)C(C)=C[C@@H](C(=O)O1)[C@]34O)O2
3272,CC[C@H](C)[C@H]1O[C@]2(C=C[C@@H]1C)C[C@@H]1C[C@@H](CC=C(C)[C@@H](O[C@H]3C[C@H](OC)[C@@H](O[C@H]4C[C@H](OC)[C@@H](O)[C@H](C)O4)[C@H](C)O3)[C@@H](C)C=CC=C3CO[C@@H]4[C@H](O)C(C)=C[C@@H](C(=O)O1)[C@]34O)O2
3273,CC[C@H](C)[C@H]1O[C@]2(CC[C@@H]1C)C[C@@H]1C[C@@H](CC=C(C)[C@@H](O[C@H]3C[C@H](OC)[C@@H](O[C@H]4C[C@H](OC)[C@@H](O)[C@H](C)O4)[C@H](C)O3)[C@@H](C)C=CC=C3CO[C@@H]4[C@H](O)C(C)=C[C@@H](C(=O)O1)[C@]34O)O2
3274,CC[C@H](N)c1ccccc1
3275,CC[C@H](NC(=O)c1cc(F)ccc1NS(=O)(=O)c1cccc2cccnc12)c1ccccc1
3276,CC[C@H](NC(C)C)[C@H](O)c1ccc(O)c2[nH]c(=O)ccc12
3277,CC[C@H](O)C(C[C@H](C)N(C)C)(c1ccccc1)c1ccccc1
3278,CC[C@H](OC(C)=O)C(C[C@@H](C)NC)(c1ccccc1)c1ccccc1
3279,CC[C@H](c1ccc(O)cc1)[C@@H](CC)c1ccc(O)cc1
3280,CC[C@H]1CC[C@H](NCc2cc3c(cc2OC)[C@H]2C[C@H]2C(=O)N3C)[C@H](c2ccccc2)N1
3281,CC[C@H]1CN2CCc3cc(OC)c(OC)cc3[C@@H]2C[C@@H]1C[C@H]1NCCc2cc(OC)c(OC)cc21
3282,CC[C@H]1C[C@@H]2C[C@H]3c4[nH]c5ccc(OC)cc5c4CCN(C2)[C@@H]13
3283,CC[C@H]1C[C@H]2[C@@H]3CCC4=CC(=O)CC[C@@H]4[C@H]3CC[C@]2(C)[C@H]1O
3284,CC[C@H]1NC(=O)[C@@H](NC(=O)c2ncccc2O)C(C)OC(=O)[C@H](c2ccccc2)NC(=O)C2CC(=O)CCN2C(=O)[C@H](Cc2ccccc2)N(C)C(=O)[C@@H]2CCCN2C1=O
3285,CC[C@H]1OC(=O)C[C@@H](O)[C@H](C)[C@@H](O[C@@H]2O[C@H](C)[C@@H](O)[C@H](N(C)C)[C@H]2O)[C@@H](CCN2C[C@H](C)C[C@H](C)C2)C[C@@H](C)C(=O)C=CC(C)=C[C@@H]1CO[C@@H]1O[C@H](C)[C@@H](O)[C@@H](OC)[C@H]1OC
3286,CC[C@H]1OC(=O)C[C@@H](O)[C@H](C)[C@@H](O[C@@H]2O[C@H](C)[C@@H](O[C@H]3C[C@@](C)(O)[C@@H](O)[C@H](C)O3)[C@H](N(C)C)[C@H]2O)[C@@H](CC=O)C[C@@H](C)C(=O)C=CC(C)=C[C@@H]1CO[C@@H]1O[C@H](C)[C@@H](O)[C@@H](OC)[C@H]1OC
3287,CC[C@H]1OC(=O)[C@H](C)C(=O)[C@H](C)[C@@H](O[C@@H]2O[C@H](C)C[C@H](N(C)C)[C@H]2O)[C@](C)(OC)C[C@@H](C)C(=O)[C@H](C)[C@H]2N(CCCCn3cnc(-c4cccnc4)c3)C(=O)O[C@]12C
3288,CC[C@H]1OC(=O)[C@H](C)[C@@H](O[C@H]2C[C@@](C)(OC)[C@@H](O)[C@H](C)O2)C(C)[C@@H](O[C@@H]2O[C@H](C)C[C@H](N(C)C)[C@H]2O)[C@](C)(OC)C[C@@H](C)C(=O)[C@H](C)[C@@H](O)[C@]1(C)O
3289,CC[C@H]1OC(=O)[C@H](C)[C@@H](O[C@H]2C[C@@](C)(OC)[C@@H](O)[C@H](C)O2)[C@H](C)[C@@H](O[C@@H]2O[C@H](C)C[C@H](N(C)C)[C@H]2O)[C@](C)(O)C[C@@H](C)C(=NOCOCCOC)[C@H](C)[C@@H](O)[C@]1(C)O
3290,CC[C@H]1OC(=O)[C@H](C)[C@@H](O[C@H]2C[C@@](C)(OC)[C@@H](O)[C@H](C)O2)[C@H](C)[C@@H](O[C@@H]2O[C@H](C)C[C@H](N(C)C)[C@H]2O)[C@](C)(O)C[C@@H](C)C(=O)[C@H](C)[C@@H](O)[C@]1(C)O
3291,CC[C@H]1OC(=O)[C@H](C)[C@@H](O[C@H]2C[C@@](C)(OC)[C@@H](O)[C@H](C)O2)[C@H](C)[C@@H](O[C@@H]2O[C@H](C)C[C@H](N(C)C)[C@H]2O)[C@](C)(O)C[C@@H](C)CN(C)[C@H](C)[C@@H](O)[C@]1(C)O
3292,CC[C@H]1O[C@]2(CC[C@@H]1C)C[C@@H]1C[C@@H](CC=C(C)C[C@@H](C)C=CC=C3CO[C@@H]4[C@H](O)C(C)=C[C@@H](C(=O)O1)[C@]34O)O2
3293,CC[C@H]1[C@@H]2C[C@H]3[C@@H]4N(C)c5ccccc5[C@]45C[C@@H](C2[C@H]5O)N3[C@@H]1O
3294,CC[C@]1(O)CC[C@H]2[C@@H]3CCC4=CCCC[C@@H]4[C@H]3CC[C@@]21C
3295,CC[C@]1(O)C[C@@H]2CN(CCc3c([nH]c4ccccc34)[C@@](C(=O)OC)(c3cc4c(cc3OC)N(C)[C@H]3[C@@](O)(C(=O)OC)[C@H](OC(C)=O)[C@]5(CC)C=CCN6CC[C@]43[C@@H]65)C2)C1
3296,CC[C@]1(O)C[C@H]2CN(CCc3c([nH]c4ccccc34)[C@@](C(=O)OC)(c3cc4c(cc3OC)N(C)[C@H]3[C@@](O)(C(N)=O)[C@H](O)[C@]5(CC)C=CCN6CC[C@]43[C@@H]65)C2)C1
3297,CC[C@]1(O)C[C@H]2CN(CCc3c([nH]c4ccccc34)[C@@](C(=O)OC)(c3cc4c(cc3OC)N(C=O)[C@H]3[C@@](O)(C(=O)OC)[C@H](OC(C)=O)[C@]5(CC)C=CCN6CC[C@]43[C@@H]65)C2)C1
3298,CC[C@]12CCCN3CCc4c(n(c5ccccc45)C(=O)C1)[C@@H]32
3299,CC[C@]12CCCN3CCc4c(n(c5ccccc45)[C@@](O)(C(=O)OC)C1)[C@@H]32
3300,CC[N+](=O)[O-]
3301,CC[N+](C)(C)Cc1ccccc1Br
3302,CC[N+](C)(C)c1cccc(O)c1
3303,CC[N+](C)(CC)CC
3304,CC[N+](C)(CC)CCOC(=O)C(O)(c1ccccc1)C1CCCCC1
3305,CC[N+](C)(CC)CCOC(=O)C1c2ccccc2Oc2ccccc21
3306,CC[N+](CC)(CC(=O)Nc1c(C)cccc1C)Cc1ccccc1
3307,CC[N+](CC)(CC)CC
3308,CC[N+](CC)(CC)CCC(O)(c1ccccc1)C1CCCCC1
3309,CC[N+](CC)(CC)CCOC(=O)C(C1CCCC1)C1CCCC1
3310,CC[N+](CC)(CC)CCOc1ccc(/C=C/c2ccccc2)cc1
3311,CC[N+](CC)(CC)CCOc1cccc(OCC[N+](CC)(CC)CC)c1OCC[N+](CC)(CC)CC
3312,CC[N+](CC)(CCNC(=O)C(=O)NCC[N+](CC)(CC)Cc1ccccc1Cl)Cc1ccccc1Cl
3313,CC[N+]1(C)CCCC(OC(=O)C(O)(c2ccccc2)c2ccccc2)C1
3314,CC[N+]1(C)CCCC1
3315,CC[N+]1(CC)CCC(=C(c2ccccc2)c2ccccc2)C1C
3316,CC[N+]1(CC)CCC(OC(=O)C(O)(c2ccccc2)c2ccccc2)C1
3317,CC[N+]1(CCOC(=O)C(O)(c2ccccc2)c2ccccc2)CCCCC1
3318,CC[P](CC)(CC)=[Au][S][C@H]1O[C@@H](COC(C)=O)[C@H](OC(C)=O)[C@@H](OC(C)=O)[C@@H]1OC(C)=O
3319,CC[S+](C)CC
3320,CC[Si](OC(C)=O)(OC(C)=O)OC(C)=O
3321,CC[n+]1c(-c2ccccc2)c2cc(N)ccc2c2ccc(N)cc21
3322,CCc1c(C(=O)NN2CCCCC2)nn(-c2ccc(Cl)cc2Cl)c1-c1ccc(Br)cc1
3323,CCc1c(C)[nH]c2c1C(=O)C(CN1CCOCC1)CC2
3324,CCc1c2c(nc3ccc(OC(=O)N4CCC(N5CCCCC5)CC4)cc13)-c1cc3c(c(=O)n1C2)COC(=O)[C@]3(O)CC
3325,CCc1cc(C(C)(C)C)c(O)c(C(C)(C)C)c1
3326,CCc1cc(C(N)=S)ccn1
3327,CCc1cc(C2=C(C(=O)O)N(c3ccccc3C(F)(F)F)S(=O)(=O)c3ccccc32)cc2c1OCO2
3328,CCc1cc(Cc2cc(CC)c(N)c(CC)c2)cc(CC)c1N
3329,CCc1cc(Cc2cc(CC)cc(C(C)(C)C)c2O)c(O)c(C(C)(C)C)c1
3330,CCc1cc(Cl)c(OC)c(C(=O)NC[C@@H]2CCCN2CC)c1O
3331,CCc1cc(OC)c(C[C@@H](C)N)cc1OC
3332,CCc1cc(OC)c(C[C@H](C)N)cc1OC
3333,CCc1cc(S(=O)(=O)O)c2cc(C(C)C)cccc1-2
3334,CCc1cc(SCc2sc(-c3ccc(C(F)(F)F)cc3)nc2CN2CCN(c3ccc(OC)cc3)CC2)ccc1OCC(=O)O
3335,CCc1cc2c(s1)-n1c(C)nnc1CN=C2c1ccccc1Cl
3336,CCc1cc2cc(OC)c(OC)cc2c(Cc2ccccc2)n1
3337,CCc1ccc(Br)cc1
3338,CCc1ccc(C(=O)C(C)CN2CCCCC2)cc1
3339,CCc1ccc(C(=O)NN(C(=O)c2cc(C)cc(C)c2)C(C)(C)C)cc1
3340,CCc1ccc(C(c2ccc(CC)cc2)C(Cl)Cl)cc1
3341,CCc1ccc(C)cc1
3342,CCc1ccc(C2CCNCC2)cc1
3343,CCc1ccc(C=O)cc1
3344,CCc1ccc(CC)cc1
3345,CCc1ccc(CCOc2ccc(CC3SC(=O)NC3=O)cc2)nc1
3346,CCc1ccc(O)c(C(C)(C)C)c1
3347,CCc1ccc(O)c(OC)c1
3348,CCc1ccc(O)cc1
3349,CCc1ccc2c(c1)C(=O)c1ccccc1C2=O
3350,CCc1ccc2c(c1)N(CC(C)CN(C)C)c1ccccc1S2
3351,CCc1cccc(C)c1
3352,CCc1cccc(C)c1N
3353,CCc1cccc(C)c1N(C(=O)CCl)C(C)COC
3354,CCc1cccc(C)c1N(C(=O)CCl)[C@@H](C)COC
3355,CCc1cccc(CC)c1N
3356,CCc1cccc(CC)c1N(COC)C(=O)CCl
3357,CCc1cccc(CC)c1NC(=O)CN(CC(=O)O)CC(=O)O
3358,CCc1cccc(N(C)C(=N)Nc2cccc3ccccc23)c1
3359,CCc1cccc(O)c1
3360,CCc1cccc2c(CCO)c[nH]c12
3361,CCc1cccc2c3c([nH]c12)C(CC)(CC(=O)O)OCC3
3362,CCc1ccccc1
3363,CCc1ccccc1CC
3364,CCc1ccccc1N
3365,CCc1ccccc1O
3366,CCc1cn([C@H]2C[C@H](O)[C@@H](CO)O2)c(=O)[nH]c1=O
3367,CCc1cnc(C(=O)O)c(C(=O)O)c1
3368,CCc1cnc(C2=NC(C)(C(C)C)C(=O)N2)c(C(=O)O)c1
3369,CCc1nc(C)c[nH]1
3370,CCc1nc(N)nc(N)c1-c1ccc(Cl)cc1
3371,CCc1nccnc1C
3372,CCc1nccnc1CC
3373,CCc1ncnc2cc(OC)c(OC)cc12
3374,CCc1nn(C)c(C(=O)NCc2ccc(C(C)(C)C)cc2)c1Cl
3375,CCc1nn(C2CCCCC2)c2cc([C@]3(C#N)CC[C@@H](C(=O)O)CC3)ccc12
3376,CCc1nn(CCCN2CCN(c3cccc(Cl)c3)CC2)c(=O)n1CCOc1ccccc1
3377,CCc1nnc(NS(=O)(=O)c2ccc(N)cc2)s1
3378,CCc1oc2ccccc2c1C(=O)c1cc(Br)c(O)c(Br)c1
3379,CCc1oc2ccccc2c1C(=O)c1cc(I)c(O)c(I)c1
3380,CCc1occc(=O)c1O
3381,CCn1c(=O)c2c(nc(/C=C/c3ccc(OC)c(OC)c3)n2C)n(CC)c1=O
3382,CCn1c2ccccc2c2cc(N)ccc21
3383,CCn1c2ccccc2c2cc([N+](=O)[O-])ccc21
3384,CCn1cc(C(=O)O)c(=O)c2cc(F)c(N3CCN(C)CC3)cc21
3385,CCn1cc(C(=O)O)c(=O)c2cc(F)c(N3CCNC(C)C3)c(F)c21
3386,CCn1cc(C(=O)O)c(=O)c2cc(F)c(N3CCNCC3)cc21
3387,CCn1cc(C(=O)O)c(=O)c2cc(F)c(N3CCNCC3)nc21
3388,CCn1cc(C(=O)O)c(=O)c2cc3c(cc21)OCO3
3389,CCn1cc(C(=O)O)c(=O)c2ccc(C)nc21
3390,CCn1cc(C(=O)O)c(=O)c2cnc(N3CCCC3)nc21
3391,CCn1cc(C(=O)O)c(=O)c2cnc(N3CCNCC3)nc21
3392,CCn1cc[n+](C)c1
3393,CCn1ccc(NS(=O)(=O)c2ccc(N)cc2)nc1=O
3394,CCn1ccnc1CC1COc2ccccc2O1
3395,CCn1nc(C(=O)O)c(=O)c2cc3c(cc21)OCO3
3396,CCn1nc(C)c2c1C(=O)NCC(c1ccc(O)cc1)=N2
3397,CCn1nc(Cc2ccccc2)cc1C1CCN(C[C@H]2C[C@H](N(C)[C@@H](C(=O)O)C(C)C)C[C@@H]2c2cccc(F)c2)CC1
3398,CN(C(=O)C(Cl)Cl)c1ccc(OC(=O)c2ccco2)cc1
3399,CN(C(=O)CCCOc1ccc2[nH]c(=O)ccc2c1)C1CCCCC1
3400,CN(C(=O)CN(CCO)CC(=O)N(C)C(C)(C)Cc1ccccc1)C(C)(C)Cc1ccccc1
3401,CN(C(=O)CO)c1c(I)c(C(=O)NCC(O)CO)c(I)c(C(=O)NCC(O)CO)c1I
3402,CN(C(=O)Cc1ccc(Cl)c(Cl)c1)[C@H]1CC[C@@]2(CCCO2)C[C@@H]1N1CCCC1
3403,CN(C(=O)Cc1cccc2occc12)[C@H]1CC[C@@]2(CCCO2)C[C@@H]1N1CCCC1
3404,CN(C(=O)Cc1ccccc1)[C@H]1CC[C@@]2(CCCO2)C[C@@H]1N1CCCC1
3405,CN(C(=O)c1c(O)c2ccccc2n(C)c1=O)c1ccccc1
3406,CN(C)C
3407,CN(C)C(=N)NC(=N)N
3408,CN(C)C(=O)C(CCN1CCC(O)(c2ccc(Cl)cc2)CC1)(c1ccccc1)c1ccccc1
3409,CN(C)C(=O)C(c1ccccc1)c1ccccc1
3410,CN(C)C(=O)C1(N2CCCCC2)CCN(CCC2(c3ccc(Cl)c(Cl)c3)CN(C(=O)c3ccccc3)CCO2)CC1
3411,CN(C)C(=O)CCSC(SCCC(=O)O)c1cccc(/C=C/c2ccc3ccc(Cl)cc3n2)c1
3412,CN(C)C(=O)CNC(=O)Cc1ccccc1
3413,CN(C)C(=O)COC(=O)Cc1ccc(OC(=O)c2ccc(NC(=N)N)cc2)cc1
3414,CN(C)C(=O)Cl
3415,CN(C)C(=O)NC1(c2ccccc2)CCN(CCC[C@@]2(c3ccc(Cl)c(Cl)c3)CCCN(C(=O)c3ccccc3)C2)CC1
3416,CN(C)C(=O)NC1(c2ccccc2)CCN(CC[C@@]2(c3ccc(F)c(F)c3)CN(C(=O)c3ccccc3)CCO2)CC1
3417,CN(C)C(=O)Nc1ccc(Cl)c(Cl)c1
3418,CN(C)C(=O)Nc1ccc(Cl)cc1
3419,CN(C)C(=O)Nc1ccc(Oc2ccc(Cl)cc2)cc1
3420,CN(C)C(=O)Nc1cccc(C(F)(F)F)c1
3421,CN(C)C(=O)Nc1cccc(OC(=O)NC(C)(C)C)c1
3422,CN(C)C(=O)Nc1ccccc1
3423,CN(C)C(=O)Oc1cc(OC(=O)N(C)C)cc(C(O)CNC(C)(C)C)c1
3424,CN(C)C(=O)Oc1ccc[n+](C)c1
3425,CN(C)C(=O)Oc1cccc([N+](C)(C)C)c1
3426,CN(C)C(=S)SC(=S)N(C)C
3427,CN(C)C(=S)SSC(=S)N(C)C
3428,CN(C)C(C)(C)CO
3429,CN(C)C/C=C(/c1ccc(Br)cc1)c1cccnc1
3430,CN(C)C1CCCCC1
3431,CN(C)C1CSSSC1
3432,CN(C)C=Nc1c(I)cc(I)c(CCC(=O)O)c1I
3433,CN(C)C=O
3434,CN(C)CC/C=C1/c2ccccc2COc2ccc(CC(=O)O)cc21
3435,CN(C)CC/C=C1/c2ccccc2CSc2ccccc21
3436,CN(C)CC/C=C1\c2ccccc2COc2ccccc21
3437,CN(C)CC/C=C1\c2ccccc2Sc2ccc(Cl)cc21
3438,CN(C)CCC#N
3439,CN(C)CCC(O)(c1ccccc1)c1ccccc1Cl
3440,CN(C)CCC(c1ccc(Cl)cc1)c1ccccn1
3441,CN(C)CCC(c1ccccc1)c1ccccn1
3442,CN(C)CCC=C1c2ccccc2C(C)(C)c2ccccc21
3443,CN(C)CCC=C1c2ccccc2C=Cc2ccccc21
3444,CN(C)CCC=C1c2ccccc2CCc2ccccc21
3445,CN(C)CCCCCCN(C)C
3446,CN(C)CCCCl
3447,CN(C)CCCN
3448,CN(C)CCCN(C)C
3449,CN(C)CCCN(C)CCCN(C)C
3450,CN(C)CCCN1c2ccccc2C(C)(C)c2ccccc21
3451,CN(C)CCCN1c2ccccc2CCc2ccc(Cl)cc21
3452,CN(C)CCCN1c2ccccc2CCc2ccccc21
3453,CN(C)CCCN1c2ccccc2Sc2ccc(C(F)(F)F)cc21
3454,CN(C)CCCN1c2ccccc2Sc2ccc(Cl)cc21
3455,CN(C)CCCN1c2ccccc2Sc2ccccc21
3456,CN(C)CCCNCCC#N
3457,CN(C)CCCNCCCN
3458,CN(C)CCCNCCCN(C)C
3459,CN(C)CCCOC1(Cc2ccccc2)CCCCCC1
3460,CN(C)CCCO[C@@H]1[C@H]2OC(C)(C)O[C@H]2O[C@@H]1C(O)CO
3461,CN(C)CCCOc1nn(Cc2ccccc2)c2ccccc12
3462,CN(C)CCCSc1ccccc1NC(=O)/C=C/c1ccccc1
3463,CN(C)CCC[C@@]1(c2ccc(F)cc2)OCc2cc(C#N)ccc21
3464,CN(C)CCN(C)C
3465,CN(C)CCN(C)CCN(C)C
3466,CN(C)CCN(C)CCO
3467,CN(C)CCN(Cc1ccc(Cl)cc1)c1ccccn1
3468,CN(C)CCN(Cc1ccccc1)c1ccccn1
3469,CN(C)CCN(Cc1cccs1)c1ccccn1
3470,CN(C)CCN(Cc1ccsc1)c1ccccn1
3471,CN(C)CCN1C(=O)c2ccccc2N(C)c2ccccc21
3472,CN(C)CCN1CCN(c2cccc(Cl)c2)C1=O
3473,CN(C)CCO
3474,CN(C)CCOC(=O)C(c1ccccc1)C1(O)CCCC1
3475,CN(C)CCOC(=O)COc1ccc(Cl)cc1
3476,CN(C)CCOC(C)(c1ccccc1)c1ccccn1
3477,CN(C)CCOC(c1ccc(Cl)cc1)c1ccccn1
3478,CN(C)CCOC(c1ccccc1)c1ccc(Br)cc1
3479,CN(C)CCOC(c1ccccc1)c1ccccc1
3480,CN(C)CCOC1=Cc2ccccc2Sc2ccc(Cl)cc21
3481,CN(C)CCOCCN(C)C
3482,CN(C)CCOCCN(C)CCO
3483,CN(C)CCOCCO
3484,CN(C)CCOc1ccc(/C(=C(/CCCl)c2ccccc2)c2ccccc2)cc1
3485,CN(C)CCOc1ccccc1Cc1ccccc1
3486,CN(C)CC[C@@H](c1ccc(Br)cc1)c1ccccn1
3487,CN(C)CC[C@@H](c1ccc(Cl)cc1)c1ccccn1
3488,CN(C)CCc1c[nH]c2ccc(CS(=O)(=O)N3CCCC3)cc12
3489,CN(C)CCc1c[nH]c2ccc(C[C@H]3COC(=O)N3)cc12
3490,CN(C)CCc1c[nH]c2ccc(Cn3cncn3)cc12
3491,CN(C)CCc1c[nH]c2cccc(OP(=O)(O)O)c12
3492,CN(C)CCc1c[nH]c2ccccc12
3493,CN(C)CCc1ccc(O)cc1
3494,CN(C)CCn1nnnc1SCC1=C(C(=O)O)N2C(=O)[C@@H](NC(=O)Cc3csc(N)n3)[C@H]2SC1
3495,CN(C)Cc1cc(C(C)(C)C)c(O)c(C(C)(C)C)c1
3496,CN(C)Cc1cc(CN(C)C)c(O)c(CN(C)C)c1
3497,CN(C)Cc1ccccc1
3498,CN(C)Cc1ccccc1O
3499,CN(C)N
3500,CN(C)N=Nc1ccccc1
3501,CN(C)N=Nc1nc[nH]c1C(N)=O
3502,CN(C)N=O
3503,CN(C)NC(=O)CCC(=O)O
3504,CN(C)P(=O)(N(C)C)N(C)C
3505,CN(C)S(=O)(=O)N(SC(F)(Cl)Cl)c1ccccc1
3506,CN(C)[C@@H](CCOc1cccc2ccccc12)c1ccccc1
3507,CN(C)[C@@H]1C(O)=C(C(=O)NCN2CCCC2)C(=O)[C@@]2(O)C(O)=C3C(=O)c4c(O)cccc4[C@@](C)(O)C3C[C@@H]12
3508,CN(C)[C@@H]1C(O)=C(C(=O)NCN[C@@H](CCCCN)C(=O)O)C(=O)[C@@]2(O)C(O)=C3C(=O)c4c(O)cccc4[C@@](C)(O)C3C[C@@H]12
3509,CN(C)[C@@H]1C(O)=C(C(N)=O)C(=O)[C@@]2(O)C(O)=C3C(=O)c4c(O)ccc(Cl)c4[C@@H](O)[C@H]3C[C@@H]12
3510,CN(C)[C@@H]1C(O)=C(C(N)=O)C(=O)[C@@]2(O)C(O)=C3C(=O)c4c(O)cccc4C[C@H]3C[C@@H]12
3511,CN(C)[C@@H]1C(O)=C(C(N)=O)C(=O)[C@@]2(O)C(O)=C3C(=O)c4c(O)cccc4[C@@](C)(O)[C@H]3C[C@@H]12
3512,CN(C)[C@@H]1C(O)=C(C(N)=O)C(=O)[C@@]2(O)C(O)=C3C(=O)c4c(O)cccc4[C@@](C)(O)[C@H]3[C@H](O)[C@@H]12
3513,CN(C)c1ccc(/C=C/c2ccc([N+](=O)[O-])cc2)cc1
3514,CN(C)c1ccc(/N=N/c2ccccc2C(=O)O)cc1
3515,CN(C)c1ccc(C(=C2C=CC(=[N+](C)C)C=C2)c2c(O)c(S(=O)(=O)[O-])cc3cc(S(=O)(=O)O)ccc23)cc1
3516,CN(C)c1ccc(C(=C2C=CC(=[N+](C)C)C=C2)c2ccc(N(C)C)cc2)cc1
3517,CN(C)c1ccc(C(=C2C=CC(=[N+](C)C)C=C2)c2ccccc2)cc1
3518,CN(C)c1ccc(C(=N)c2ccc(N(C)C)cc2)cc1
3519,CN(C)c1ccc(C(=O)c2ccc(N(C)C)cc2)cc1
3520,CN(C)c1ccc(C(c2ccccc2)c2ccc(N(C)C)cc2)cc1
3521,CN(C)c1ccc(C2(c3ccc(N(C)C)cc3)OC(=O)c3cc(N(C)C)ccc32)cc1
3522,CN(C)c1ccc(C=O)cc1
3523,CN(C)c1ccc(CCO)cc1
3524,CN(C)c1ccc(Cc2ccc(N(C)C)cc2)cc1
3525,CN(C)c1ccc(N(C)C)cc1
3526,CN(C)c1ccc(N)cc1
3527,CN(C)c1ccc(N=NS(=O)(=O)O)cc1
3528,CN(C)c1ccc(N=Nc2ccccc2)cc1
3529,CN(C)c1ccc(N=O)cc1
3530,CN(C)c1ccc(O)c2c1C[C@H]1C[C@H]3[C@H](N(C)C)C(O)=C(C(N)=O)C(=O)[C@@]3(O)C(O)=C1C2=O
3531,CN(C)c1ccc(SC#N)cc1
3532,CN(C)c1ccc2nc3ccc(N(C)C)cc3[s+]c2c1
3533,CN(C)c1cccc(O)c1
3534,CN(C)c1ccccc1
3535,CN(C)c1ccncc1
3536,CN(C)c1nc(=O)n(C2CCCCC2)c(=O)n1C
3537,CN(C)c1nc(N(C)C)nc(N(C)C)n1
3538,CN(C/C=C/C#CC(C)(C)C)Cc1cccc2ccccc12
3539,CN(C/C=C/c1ccccc1)Cc1cccc2ccccc12
3540,CN(C1CCCCC1)C1CCCCC1
3541,CN(C1CCCCC1)S(=O)(=O)c1ccccc1N
3542,CN(CC(=O)N1CCOCC1)Cc1c(Cl)cccc1NC(=O)c1ccccc1
3543,CN(CC1(C)CCCO1)S(=O)(=O)c1ccc(Cl)c(S(N)(=O)=O)c1
3544,CN(CCCCCCCCCCN(C)C(=O)Oc1ccccc1[N+](C)(C)C)C(=O)Oc1ccccc1[N+](C)(C)C
3545,CN(CCCN1c2ccccc2CCc2ccccc21)CC(=O)c1ccc(Cl)cc1
3546,CN(CCCl)CCCl
3547,CN(CCO)CC(O)Cn1cnc2c1c(=O)n(C)c(=O)n2C
3548,CN(CCO)CCO
3549,CN(CCOc1ccc(CC2SC(=O)NC2=O)cc1)c1ccccn1
3550,CN(CCOc1ccc(NS(C)(=O)=O)cc1)CCc1ccc(NS(C)(=O)=O)cc1
3551,CN(C[C@@H](CC[N+]12CCC(C3CCCCC3)(CC1)CC2)c1ccc(Cl)c(Cl)c1)C(=O)c1cc(C(F)(F)F)cc(C(F)(F)F)c1
3552,CN(Cc1cc(Br)cc(Br)c1N)C1CCCCC1
3553,CN(Cc1ccc(C(C)(C)C)cc1)Cc1cccc2ccccc12
3554,CN(Cc1ccccc1)Cc1ccccc1
3555,CN(Cc1cnc2nc(N)nc(N)c2n1)c1ccc(C(=O)N[C@@H](CCC(=O)O)C(=O)O)cc1
3556,CN(N=O)C(=N)N[N+](=O)[O-]
3557,CN(N=O)C(=O)N[C@@H]1[C@@H](O)[C@H](O)[C@@H](CO)O[C@@H]1O
3558,CN(N=O)C(N)=O
3559,CN(N=O)c1ccc([N+](=O)[O-])cc1
3560,CN(N=O)c1ccccc1
3561,CN(c1nccc(=O)[nH]1)C1CCN(c2nc3ccccc3n2Cc2ccc(F)cc2)CC1
3562,CN/C(=C\[N+](=O)[O-])NCCSCc1ccc(CN(C)C)o1
3563,CN/C(=N/[N+](=O)[O-])NCC1CCOC1
3564,CN/C(=N\C#N)NCCSCc1csc(N=C(N)N)n1
3565,CN/C(=N\C#N)NCCSCc1nc[nH]c1C
3566,CN/C(=N\[N+](=O)[O-])NCc1cnc(Cl)s1
3567,CN/C(=N\c1ccc(C2=NNC(=O)CC2C)cc1)NC#N
3568,CN/C=N/c1ccc(C)cc1C
3569,CN1C(=O)/C(=N/NC(N)=S)c2ccccc21
3570,CN1C(=O)C(C)(C2=CCCCC2)C(=O)N=C1O
3571,CN1C(=O)C(O)N=C(c2ccccc2)c2cc(Cl)ccc21
3572,CN1C(=O)CC(=O)N(c2ccccc2)c2cc(Cl)ccc21
3573,CN1C(=O)CC(C)(c2ccccc2)C1=O
3574,CN1C(=O)CC(c2ccccc2)C1=O
3575,CN1C(=O)CCS(=O)(=O)C1c1ccc(Cl)cc1
3576,CN1C(=O)CC[C@H]1c1cccnc1
3577,CN1C(=O)CN2CCc3ccccc3C2c2cc(Cl)ccc21
3578,CN1C(=O)CN=C(c2ccccc2)c2cc(Cl)ccc21
3579,CN1C(=O)CN=C(c2ccccc2)c2cc([N+](=O)[O-])ccc21
3580,CN1C(=O)COc2c(C(=O)NC3CN4CCC3CC4)cc(Cl)cc21
3581,CN1C(=O)C[C@@H](C(=O)N[C@@H](Cc2c[nH]cn2)C(=O)N2CCC[C@H]2C(N)=O)NC1=O
3582,CN1C(=O)N(C)C(O)C1O
3583,CN1C(=O)N(c2ccccc2Br)Cc2cnc(Nc3ccc4c(c3)OCC(CO)O4)nc21
3584,CN1C(=O)OC(C)(C)C1=O
3585,CN1C(=O)[C@@H](NC(=O)c2cc3ccccc3[nH]2)N=C(c2ccccc2)c2ccccc21
3586,CN1C(=O)c2ccc([N+](=O)[O-])cc2C1=O
3587,CN1C(=O)c2ccccc2C1=O
3588,CN1C(=S)CN=C(c2ccccc2)c2cc(Cl)ccc21
3589,CN1C(C(=O)Nc2ccccn2)=C(O)c2ccccc2S1(=O)=O
3590,CN1C(C(=O)Nc2ccccn2)=C(O)c2sccc2S1(=O)=O
3591,CN1C(C(=O)Nc2ccccn2)C(=O)c2sc(Cl)cc2S1(=O)=O
3592,CN1C(C)(C)CC(O)CC1(C)C
3593,CN1C(C)(C)CCCC1(C)C
3594,CN1C(CCl)Nc2cc(Cl)c(S(N)(=O)=O)cc2S1(=O)=O
3595,CN1C(CSCC(F)(F)F)Nc2cc(Cl)c(S(N)(=O)=O)cc2S1(=O)=O
3596,CN1C2=CC(=O)C(=NNC(N)=O)C=C2CC1S(=O)(=O)O
3597,CN1C2CCC(C)(C)C1CC(OC(=O)C(O)(c1cccs1)c1cccs1)C2
3598,CN1C2CCC1CC(OC(c1ccccc1)c1ccc(Cl)cc1)C2
3599,CN1CC(=O)N2[C@H](c3ccc4c(c3)OCO4)c3[nH]c4ccccc4c3C[C@@H]2C1=O
3600,CN1CC(=O)N=C1NC(=O)Nc1cccc(Cl)c1
3601,CN1CC(=O)NC1=N
3602,CN1CC(O)C2=C/C(=N/NC(N)=O)C(=O)C=C21
3603,CN1CCC(=C2c3ccccc3C=Cc3ccccc32)CC1
3604,CN1CCC(=C2c3ccccc3CC(=O)c3sccc32)CC1
3605,CN1CCC(=C2c3ccccc3CCc3cccnc32)CC1
3606,CN1CCC(=C2c3ccccc3CCc3sccc32)CC1
3607,CN1CCC(=C2c3ccccc3Sc3ccccc32)CC1
3608,CN1CCC(CN2c3ccccc3Sc3ccccc32)C1
3609,CN1CCC(N(Cc2ccccc2)c2ccccc2)CC1
3610,CN1CCC(N(Cc2cccs2)c2ccccc2)CC1
3611,CN1CCC(Nc2ncc3ncnc(Nc4ccc(F)c(Cl)c4)c3n2)CC1
3612,CN1CCC(O)(c2ccc(F)cc2)C(C(=O)c2ccc(F)cc2)C1
3613,CN1CCC(OC(=O)C(Oc2ccc(Cl)cc2)Oc2ccc(Cl)cc2)CC1
3614,CN1CCC(OC(c2ccccc2)c2ccccc2)CC1
3615,CN1CCCC(CC2c3ccccc3Sc3ccccc32)C1
3616,CN1CCCC(CN2c3ccccc3Sc3ccccc32)C1
3617,CN1CCCC(OC(=O)C(O)(c2ccccc2)c2ccccc2)C1
3618,CN1CCCC(n2nc(Cc3ccc(Cl)cc3)c3ccccc3c2=O)CC1
3619,CN1CCCC1
3620,CN1CCCC1=O
3621,CN1CCCCC1CCN1c2ccccc2Sc2ccc(S(C)=O)cc21
3622,CN1CCCN(C(c2ccccc2)c2ccc(Cl)cc2)CC1
3623,CN1CCCN=C1/C=C/c1cccs1
3624,CN1CCCN=C1COC(=O)C(O)(c1ccccc1)C1CCCCC1
3625,CN1CCC[C@@H]1CCO[C@](C)(c1ccccc1)c1ccc(Cl)cc1
3626,CN1CCC[C@@H]1Cc1c[nH]c2ccc(CCS(=O)(=O)c3ccccc3)cc12
3627,CN1CCC[C@@H]1c1cccnc1
3628,CN1CCC[C@H]1c1cccnc1
3629,CN1CCN(C(=O)C2CCCCC2)CC1
3630,CN1CCN(C(=O)O[C@H]2c3nccnc3C(=O)N2c2ccc(Cl)cn2)CC1
3631,CN1CCN(C(c2ccccc2)c2ccc(Cl)cc2)CC1
3632,CN1CCN(C(c2ccccc2)c2ccccc2)CC1
3633,CN1CCN(C2=Nc3cc(Cl)ccc3Nc3ccccc32)CC1
3634,CN1CCN(C2=Nc3cc(F)ccc3Cc3ccccc32)CC1
3635,CN1CCN(C2=Nc3ccccc3Cc3ccccc32)CC1
3636,CN1CCN(C2=Nc3ccccc3Oc3ccc(Cl)cc32)CC1
3637,CN1CCN(C2=Nc3ccccc3Sc3ccc(Cl)cc32)CC1
3638,CN1CCN(C2Cc3ccccc3Sc3ccc(Cl)cc32)CC1
3639,CN1CCN(CC(=O)N2c3ccccc3C(=O)Nc3cccnc32)CC1
3640,CN1CCN(CCC(=O)N2c3ccccc3Sc3ccc(C(F)(F)F)cc32)CC1
3641,CN1CCN(CCC=C2c3ccccc3Sc3ccc(S(=O)(=O)N(C)C)cc32)CC1
3642,CN1CCN(CCCN2c3ccccc3Sc3ccc(C(F)(F)F)cc32)CC1
3643,CN1CCN(CCCN2c3ccccc3Sc3ccc(Cl)cc32)CC1
3644,CN1CCN(CCCN2c3ccccc3Sc3ccc(S(=O)(=O)N(C)C)cc32)CC1
3645,CN1CCN(CCCN2c3ccccc3Sc3ccccc32)CC1
3646,CN1CCN(N)CC1
3647,CN1CCN(c2c(F)cc3c(=O)c(C(=O)O)cn(CCF)c3c2F)CC1
3648,CN1CCN(c2c(F)cc3c(=O)c(C(=O)O)cn4c3c2OCN4C)CC1
3649,CN1CCN(c2c(F)cc3c(=O)c(C(=O)O)cn4c3c2SCC4)CC1
3650,CN1CCN(c2cc3c(cc2F)c(=O)c(C(=O)O)cn3-c2ccc(F)cc2)CC1
3651,CN1CCN(c2cc3c(nn2)Oc2ccccc2N3C)CC1
3652,CN1CCN2c3ccccc3Cc3ccccc3C2C1
3653,CN1CCN2c3ncccc3Cc3ccccc3C2C1
3654,CN1CCN=C(c2ccccc2)c2cc(Cl)ccc21
3655,CN1CCOC(c2ccccc2)c2ccccc2C1
3656,CN1CCOCC1
3657,CN1CC[C@@]23CCCC[C@@H]2[C@@H]1Cc1ccc(O)cc13
3658,CN1CC[C@H](c2c(O)cc(O)c3c(=O)cc(-c4ccccc4Cl)oc23)[C@H](O)C1
3659,CN1CCc2c(c3ccccc3n2Cc2ccccc2)C1
3660,CN1CCc2cc(Cl)c(O)cc2[C@H]2c3ccccc3CC[C@@H]21
3661,CN1CCc2cc3c(cc2C1O)OCO3
3662,CN1CCc2cccc3c2[C@H]1Cc1ccc(O)c(O)c1-3
3663,CN1COCN(Cc2cnc(Cl)s2)C1=N[N+](=O)[O-]
3664,CN1CSC(=S)N(C)C1
3665,CN1C[C@@H](NS(=O)(=O)N(C)C)C[C@@H]2c3cccc4c3c(cn4C)C[C@H]21
3666,CN1C[C@@H]2C[C@H]1CN2c1cc2c(cc1F)c(=O)c(C(=O)O)cn2C1CC1
3667,CN1C[C@H](C(=O)N[C@]2(C)O[C@@]3(O)[C@@H]4CCCN4C(=O)[C@H](Cc4ccccc4)N3C2=O)C[C@@H]2c3cccc4[nH]cc(c34)C[C@H]21
3668,CN1C[C@H](CNC(=O)OCc2ccccc2)C[C@@H]2c3cccc4c3c(cn4C)C[C@H]21
3669,CN1C[C@H]2c3ccccc3Oc3ccc(Cl)cc3[C@@H]2C1
3670,CN1Cc2c(N)cccc2C(c2ccccc2)C1
3671,CN1Cc2cc(C(=O)N3CCC(C4CCNCC4)CC3)ccc2N[C@@H](CC(=O)O)C1=O
3672,CN1N=C(C(N)=O)CCC1=O
3673,CN1N=C(N)c2cn([C@@H]3O[C@H](CO)[C@@H](O)[C@H]3O)c3ncnc1c23
3674,CN1[C@@H]2CCC[C@H]1C[C@@H](NC(=O)c1nn(C)c3ccccc13)C2
3675,CN1[C@@H]2CC[C@H]1CC(OC(=O)c1c[nH]c3ccccc13)C2
3676,CN1[C@@H]2CC[C@H]1C[C@@H](NC(=O)n1c(=O)[nH]c3ccccc31)C2
3677,CN1[C@@H]2CC[C@H]1C[C@@H](O)C2
3678,CN1[C@@H]2CC[C@H]1C[C@@H](OC(=O)C(O)c1ccccc1)C2
3679,CN1[C@@H]2CC[C@H]1C[C@@H](OC(=O)c1cc(Cl)cc(Cl)c1)C2
3680,CN1[C@@H]2CC[C@H]1C[C@@H](OC(c1ccccc1)c1ccccc1)C2
3681,CN1[C@@H]2CC[C@H]1C[C@@H](OC1c3ccccc3CCc3ccccc31)C2
3682,CN1[C@@H]2C[C@@H](OC(=O)[C@H](CO)c3ccccc3)C[C@H]1[C@@H]1O[C@@H]12
3683,CN1[C@H]2CC[C@@H]1[C@@H](C(=O)O)[C@@H](OC(=O)c1ccccc1)C2
3684,CN1c2c(O)nc(N)nc2NCC1CNc1ccc(C(=O)NC(CCC(=O)O)C(=O)O)cc1
3685,CN=C=O
3686,CN=C=S
3687,CNC
3688,CNC(=C[N+](=O)[O-])NCCSCc1csc(CN(C)C)n1
3689,CNC(=N)NC(=O)Nc1c(C)cccc1C
3690,CNC(=O)/C=C(\C)OP(=O)(OC)OC
3691,CNC(=O)C(c1ccccc1)c1ccccc1
3692,CNC(=O)CN(CCN(CCN(CC(=O)O)CC(=O)NC)CC(=O)O)CC(=O)O
3693,CNC(=O)CSP(=O)(OC)OC
3694,CNC(=O)CSP(=S)(OC)OC
3695,CNC(=O)C[C@@H](N)C(=O)N[C@@H](C(=O)N[C@@H]1C(=O)N2[C@@H]1SC(C)(C)[C@@H]2C(=O)O)c1ccc(O)cc1
3696,CNC(=O)N(C)c1nc2ccccc2s1
3697,CNC(=O)N(C)c1nnc(C(C)(C)C)s1
3698,CNC(=O)N(c1ccccc1)c1ccccc1
3699,CNC(=O)NC
3700,CNC(=O)NC(O)C(Cl)(Cl)Cl
3701,CNC(=O)Nc1ccc(Cl)c(Cl)c1
3702,CNC(=O)O/N=C(\C)C(C)S(C)(=O)=O
3703,CNC(=O)O/N=C/C(C)(C)S(C)(=O)=O
3704,CNC(=O)O/N=C/C(C)(C)S(C)=O
3705,CNC(=O)OCC[N+](C)(C)C
3706,CNC(=O)OCc1cccc(COC(=O)NC)n1
3707,CNC(=O)ON=C(C)SC
3708,CNC(=O)ON=C(CSC)C(C)(C)C
3709,CNC(=O)ON=C(SC)C(=O)N(C)C
3710,CNC(=O)ON=CC(C)(C)SC
3711,CNC(=O)Oc1c(C(C)(C)C)cc(C)cc1C(C)(C)C
3712,CNC(=O)Oc1cc(C)c(N(C)C)c(C)c1
3713,CNC(=O)Oc1cc(C)cc(C(C)C)c1
3714,CNC(=O)Oc1ccc(N(C)C)c(C)c1
3715,CNC(=O)Oc1ccc2c(c1)[C@]1(C)CCN(C)[C@@H]1N2C
3716,CNC(=O)Oc1cccc(C(C)C)c1
3717,CNC(=O)Oc1cccc(N=CN(C)C)c1
3718,CNC(=O)Oc1cccc2c1OC(C)(C)C2
3719,CNC(=O)Oc1cccc2c1OC(C)(C)O2
3720,CNC(=O)Oc1cccc2ccccc12
3721,CNC(=O)Oc1ccccc1C(=O)Nc1ccccc1
3722,CNC(=O)Oc1ccccc1C(C)C
3723,CNC(=O)Oc1ccccc1C1OCCO1
3724,CNC(=O)Oc1ccccc1OC(C)C
3725,CNC(=O)[C@H](Cc1c[nH]c2ccccc12)NC(=O)[C@@H](CC(=O)NO)CC(C)C
3726,CNC(=O)[C@H]1O[C@@H](n2cnc3c(NCc4cc(Cl)ccc4OCc4cc(C)no4)ncnc32)[C@H](O)[C@@H]1N
3727,CNC(=O)c1c(I)c(C(=O)NCC(=O)Nc2c(I)c(C(=O)O)c(I)c(C(=O)NCCO)c2I)c(I)c(N(C)C(C)=O)c1I
3728,CNC(=O)c1c(I)c(NC(=O)CCCCC(=O)Nc2c(I)c(C(=O)O)c(I)c(C(=O)NC)c2I)c(I)c(C(=O)O)c1I
3729,CNC(=O)c1c(I)c(NC(C)=O)c(I)c(C(=O)O)c1I
3730,CNC(=O)c1cc(Oc2ccc(NC(=O)Nc3ccc(Cl)c(C(F)(F)F)c3)cc2)ccn1
3731,CNC(=O)c1ccccc1
3732,CNC(=O)c1ccccc1Sc1ccc2c(/C=C/c3ccccn3)n[nH]c2c1
3733,CNC(=O)c1cnn(-c2nc(N)c3ncn([C@@H]4O[C@H](CO)[C@@H](O)[C@H]4O)c3n2)c1
3734,CNC(=S)N(C)C
3735,CNC(=S)NC
3736,CNC(=S)NN
3737,CNC(=S)S
3738,CNC(C)(C)Cc1ccccc1
3739,CNC(C)=O
3740,CNC(C)C(O)c1ccc(O)cc1
3741,CNC(C)CC1CCCCC1
3742,CNC(C)CCC=C(C)C
3743,CNC(C)Cc1ccc2c(c1)OCO2
3744,CNC(C)Cc1ccccc1OC
3745,CNC1(C)C2CCC(C2)C1(C)C
3746,CNC1(c2ccccc2Cl)CCCCC1=O
3747,CNC1=Nc2ccc(Cl)cc2C(c2ccccc2)=[N+]([O-])C1
3748,CNC1CCCN(c2c(F)cc3c(=O)c(C(=O)O)cn(C4CC4)c3c2OC)C1
3749,CNCC(=O)c1ccc(O)c(O)c1
3750,CNCC(O)c1ccc(O)cc1
3751,CNCC(O)c1ccc(OC(=O)C(C)(C)C)c(OC(=O)C(C)(C)C)c1
3752,CNCCC(Oc1ccc(C(F)(F)F)cc1)c1ccccc1
3753,CNCCC(Oc1ccccc1OC)c1ccccc1
3754,CNCCC=C1c2ccccc2CCc2ccccc21
3755,CNCCCC12CCC(c3ccccc31)c1ccccc12
3756,CNCCCC1c2ccccc2C=Cc2ccccc21
3757,CNCCCCOc1ccccc1Cc1ccccc1
3758,CNCCCN1c2ccccc2CCc2ccccc21
3759,CNCCO
3760,CNCCS(=O)(=O)O
3761,CNCC[C@@H](Oc1ccccc1C)c1ccccc1
3762,CNCC[C@H](Oc1cccc2ccccc12)c1cccs1
3763,CNCCc1ccccn1
3764,CNC[C@H](O)[C@@H](O)[C@H](O)[C@H](O)CO
3765,CNC[C@H](O)c1ccc(O)c(O)c1
3766,CNC[C@H](O)c1cccc(O)c1
3767,CNCc1cc(F)ccc1Oc1ccc(Cl)c(Cl)c1
3768,CNCc1ccc(NC(=O)c2c[nH]c3c2C(=O)CCC3)cc1
3769,CNCc1ccccc1
3770,CNNCc1ccc(C(=O)NC(C)C)cc1
3771,CNP(=O)(OC)Oc1ccc(C(C)(C)C)cc1Cl
3772,CNS(=O)(=O)CCc1ccc2[nH]cc(C3CCN(C)CC3)c2c1
3773,CNS(=O)(=O)Cc1ccc2[nH]cc(CCN(C)C)c2c1
3774,CNS(=O)(=O)c1cc(C(=O)N2CCC(CCN3C4CCC3CC(n3c(C)nc5ccccc53)C4)(c3cccc(F)c3)CC2)c(Cl)cc1F
3775,CN[C@@H](C)Cc1ccccc1
3776,CN[C@@H](C)[C@H](O)c1ccccc1
3777,CN[C@@H]1C[C@@H](c2ccc(Cl)c(Cl)c2)c2ccccc21
3778,CN[C@@H]1[C@@H](O)[C@@H](O[C@@H]2[C@@H](O)[C@H](OC3OC(CN)=CCC3N)[C@@H](N)C[C@H]2N)OC[C@]1(C)O
3779,CN[C@@H]1[C@@H](O)[C@@H](O[C@@H]2[C@@H](O)[C@H](O[C@H]3O[C@H](CN)[C@@H](O)[C@H](O)[C@H]3O)[C@@H](N)C[C@H]2NC(=O)C(O)CN)OC[C@]1(C)O
3780,CN[C@@H]1[C@@H](O)[C@@H](O[C@@H]2[C@H](O)[C@H](O[C@H]3OC(CN)=CC[C@H]3N)[C@@H](N)C[C@H]2N)OC[C@@]1(C)O
3781,CN[C@@H]1[C@@H](O[C@H]2O[C@H](CO)[C@@H](N)[C@H](O)[C@H]2O)O[C@H]2C[C@@H](N)[C@@H](O[C@H]3[C@H](O)[C@@H](O)[C@H](N)C[C@@H]3N)O[C@@H]2[C@@H]1O
3782,CN[C@@H]1[C@H](O)[C@H](NC)[C@H]2O[C@@]3(O)C(=O)C[C@@H](C)O[C@H]3O[C@@H]2[C@H]1O
3783,CN[C@@H]1[C@H](O[C@H]2[C@H](O[C@H]3[C@H](O)[C@@H](O)[C@H](NC(=N)N)[C@@H](O)[C@@H]3NC(=N)N)O[C@@H](C)[C@]2(O)C=O)O[C@@H](CO)[C@H](O)[C@H]1O
3784,CN[C@@H]1[C@H](O[C@H]2[C@H](O[C@H]3[C@H](O)[C@@H](O)[C@H](NC(=N)N)[C@@H](O)[C@@H]3NC(=N)N)O[C@@H](C)[C@]2(O)CO)O[C@@H](CO)[C@H](O)[C@H]1O
3785,CN[C@@]1(c2ccccc2Cl)CCCCC1=O
3786,CN[C@H](C)Cc1ccccc1
3787,CN[C@H](CC(C)C)C(=O)N[C@H]1C(=O)N[C@@H](CC(N)=O)C(=O)N[C@H]2C(=O)N[C@H]3C(=O)N[C@H](C(=O)N[C@@H](C(=O)O)c4cc(O)cc(O)c4-c4cc3ccc4O)[C@H](O)c3ccc(c(Cl)c3)Oc3cc2cc(c3O[C@@H]2O[C@H](CO)[C@@H](O)[C@H](O)[C@H]2O[C@H]2C[C@](C)(N)C(O)[C@H](C)O2)Oc2ccc(cc2Cl)[C@H]1O
3788,CN[C@H]1CC[C@@H](c2ccc(Cl)c(Cl)c2)c2ccc(S(N)(=O)=O)cc21
3789,CN[C@H]1CC[C@@H](c2ccc(Cl)c(Cl)c2)c2ccccc21
3790,CN[C@H]1CCc2cc(OC)c(OC)c(OC)c2-c2ccc(OC)c(=O)cc21
3791,CN[C@H]1C[C@@H](N)[C@H](O)[C@@H](O[C@@H]2O[C@H](CO)[C@H](O)[C@@H]3OC4(O[C@H]23)O[C@H](C(N)CO)[C@H](O)[C@H](O)[C@H]4O)[C@@H]1O
3792,CN[C@]1(c2ccccc2Cl)CCCCC1=O
3793,CNc1c2c(nn1C)CCCC2
3794,CNc1cc(OC)c(C(=O)N[C@H]2CCN(Cc3ccccc3)[C@H]2C)cc1Cl
3795,CNc1ccc(C(=O)CC(O)CCC(C)C2OC(=O)CC(O)CC(=O)CC(O)CC(O)CC(O)CC(O)CC3(O)CC(O)C(C(=O)OC)C(CC(O[C@@H]4O[C@H](C)[C@@H](O)[C@H](N)[C@@H]4O)C=CC=CC=CC=CC=CC=CC=CC2C)O3)cc1
3796,CNc1ccc(O)cc1
3797,CNc1ccc([N+](=O)[O-])cc1
3798,CNc1ccccc1
3799,CNc1cnn(-c2cccc(C(F)(F)F)c2)c(=O)c1Cl
3800,CNc1ncnc2[nH]cnc12
3801,CO
3802,CO/C=C(/C(=O)OC)c1ccccc1COc1cccc(C(F)(F)F)n1
3803,CO/C=C(/C(=O)OC)c1ccccc1Oc1cc(Oc2ccccc2C#N)ncn1
3804,CO/N=C(/C(=O)N[C@@H]1C(=O)N2C(C(=O)O)=C(COC(C)=O)CS[C@H]12)c1csc(N)n1
3805,CO/N=C(/C(=O)N[C@@H]1C(=O)N2C(C(=O)O)=C(Cn3nnc(C)n3)CS[C@H]12)c1csc(N)n1
3806,CO/N=C(/C(=O)N[C@@H]1C(=O)N2C(C(=O)OCOC(=O)C(C)(C)C)=C(C)CS[C@H]12)c1csc(N)n1
3807,CO/N=C(/C(=O)N[C@@H]1C(=O)N2C(C(=O)[O-])=C(C[n+]3ccn4ncccc43)CS[C@H]12)c1nsc(N)n1
3808,CO/N=C(/C(=O)OC)c1ccccc1CON=C(C)c1cccc(C(F)(F)F)c1
3809,CO/N=C(/C(=O)OC)c1ccccc1COc1ccccc1C
3810,CO/N=C(/C1=NOCCO1)c1ccccc1Oc1ncnc(Oc2ccccc2Cl)c1F
3811,CO/N=C(\C(=O)N[C@@H]1C(=O)N2C(C(=O)O)=C(CSC(=O)c3ccco3)CS[C@H]12)c1csc(N)n1
3812,CO/N=C(\C(=O)N[C@@H]1C(=O)N2C(C(=O)O)=C(CSc3nc(=O)c(O)nn3C)CS[C@H]12)c1csc(N)n1
3813,CO/N=C(\C(=O)N[C@@H]1C(=O)N2C(C(=O)O)=C(CSc3nc(C)c(CC(=O)O)s3)CS[C@H]12)c1csc(N)n1
3814,CO/N=C(\C(=O)N[C@@H]1C(=O)N2C(C(=O)O)=C(CSc3nnnn3C)CS[C@H]12)c1csc(N)n1
3815,CO/N=C(\C(=O)N[C@@H]1C(=O)N2C(C(=O)O)=C(C[N+]3(C)CCCC3)CS[C@H]12)c1csc(N)n1
3816,CO/N=C(\C(=O)N[C@@H]1C(=O)N2C(C(=O)O)=CCS[C@H]12)c1csc(N)n1
3817,CO/N=C(\C(=O)N[C@@H]1C(=O)N2C(C(=O)[O-])=C(C[n+]3ccc(N)n3CCO)CS[C@H]12)c1csc(N)n1
3818,CO/N=C(\C(=O)N[C@@H]1C(=O)N2C(C(=O)[O-])=C(C[n+]3cccc4c3CCC4)CS[C@H]12)c1csc(N)n1
3819,CO/N=C(\C(=O)O)c1csc(NC(=O)CCl)n1
3820,CO/N=C1/C[C@]2(C[C@@H]3C[C@@H](CC=C(C)C[C@@H](C)C=CC=C4CO[C@@H]5[C@H](O)C(C)=C[C@@H](C(=O)O3)[C@]45O)O2)O[C@H](/C(C)=C/C(C)C)[C@H]1C
3821,CO/N=C1\CN(c2nc3c(cc2F)c(=O)c(C(=O)O)cn3C2CC2)CC1CN
3822,COC(=O)/C=C(\C)OP(=O)(OC)OC
3823,COC(=O)/C=C/C=C(C)/C=C/C=C(C)/C=C/C=C(C)/C=C/C=C(C)\C=C/C(=O)O
3824,COC(=O)/C=C/c1ccccc1
3825,COC(=O)/C=C\C(=O)O
3826,COC(=O)/C=C\C(=O)OC
3827,COC(=O)C(Br)CBr
3828,COC(=O)C(C)(C)C
3829,COC(=O)C(C)=O
3830,COC(=O)C(C)N(C(=O)Cc1ccccc1)c1c(C)cccc1C
3831,COC(=O)C(C)N(C(=O)c1ccco1)c1c(C)cccc1C
3832,COC(=O)C(C)O
3833,COC(=O)C(C)Oc1ccc(Oc2ccc(Cl)cc2Cl)cc1
3834,COC(=O)C(C)Oc1ccc(Oc2ncc(C(F)(F)F)cc2Cl)cc1
3835,COC(=O)C(CN)c1c[nH]c2ccc(OC)cc12
3836,COC(=O)C(Cl)C(=O)OC
3837,COC(=O)C(c1ccccc1)C1CCCCN1
3838,COC(=O)C1(O)c2ccccc2-c2ccccc21
3839,COC(=O)C1=C(C#N)NC(C)=C(C(=O)OC(C)C)C1c1cccc([N+](=O)[O-])c1
3840,COC(=O)C1=C(C)NC(C)=C(C(=O)OC(C)(C)CN(C)CCC(c2ccccc2)c2ccccc2)C1c1cccc([N+](=O)[O-])c1
3841,COC(=O)C1=C(C)NC(C)=C(C(=O)OC(C)C)C1c1cccc2nonc12
3842,COC(=O)C1=C(C)NC(C)=C(C(=O)OC)C1c1ccccc1OC(F)F
3843,COC(=O)C1=C(C)NC(C)=C(C(=O)OC)C1c1ccccc1[N+](=O)[O-]
3844,COC(=O)C1=C(C)NC(C)=C(C(=O)OCC(C)=O)C1c1ccccc1[N+](=O)[O-]
3845,COC(=O)C1=C(C)NC(C)=C(C(=O)OCC(C)C)C1c1ccccc1[N+](=O)[O-]
3846,COC(=O)C1=C(C)NC(C)=C(C(=O)OCCCN2CCC(c3ccccc3)(c3ccccc3)CC2)C1c1cccc([N+](=O)[O-])c1
3847,COC(=O)C1=C(C)NC(C)=C(C(=O)OCCN(C)Cc2ccccc2)C1c1cccc([N+](=O)[O-])c1
3848,COC(=O)C1=C(C)NC(C)=C(C(=O)OCCN2CCN(C(c3ccccc3)c3ccccc3)CC2)C1c1cccc([N+](=O)[O-])c1
3849,COC(=O)C1=C(C)NC(C)=C(C(=O)OCCc2ccc(N3CCN(C(c4ccccc4)c4ccccc4)CC3)cc2)C1c1cccc([N+](=O)[O-])c1
3850,COC(=O)C1=C(C)NC(C)=C(C(=O)O[C@@H]2CCCN(Cc3ccccc3)C2)[C@@H]1c1cccc([N+](=O)[O-])c1
3851,COC(=O)C1=C(C)NC(C)=C(C(=O)O[C@H]2CCN(Cc3ccccc3)C2)[C@H]1c1cccc([N+](=O)[O-])c1
3852,COC(=O)C1=C(C)NC(COC(N)=O)=C(C(=O)OC(C)C)C1c1cccc(Cl)c1Cl
3853,COC(=O)C1=CCCN(C)C1
3854,COC(=O)C1CC(=O)C(C(=O)OC)CC1=O
3855,COC(=O)C1CCC(C(=O)OC)CC1
3856,COC(=O)C=C(C)CCC=C(C)C
3857,COC(=O)C=C(C)N
3858,COC(=O)CC#N
3859,COC(=O)CC(=O)C(C)(C)C
3860,COC(=O)CC(=O)OC
3861,COC(=O)CC(C(C)=O)C(=O)OC
3862,COC(=O)CC(C)=O
3863,COC(=O)CC(C)CCC=C(C)C
3864,COC(=O)CCC(=O)O
3865,COC(=O)CCC(=O)OC
3866,COC(=O)CCCC(=O)O
3867,COC(=O)CCCC(=O)OC
3868,COC(=O)CCCCC(=O)O
3869,COC(=O)CCCCC(=O)OC
3870,COC(=O)CCCCC(CCSS/C(CCO)=C(\C)N(C=O)Cc1cnc(C)nc1N)SC(C)=O
3871,COC(=O)CCCCCCCC(=O)OC
3872,COC(=O)CCCCCCCCC(=O)OC
3873,COC(=O)CCC[N+](C)(C)C
3874,COC(=O)CCS
3875,COC(=O)CCSCCC(=O)OC
3876,COC(=O)CCc1ccc(OCC(O)CNC(C)C)cc1
3877,COC(=O)COc1ccc(Cl)cc1Cl
3878,COC(=O)CS
3879,COC(=O)CSc1cc(/N=c2\sc(=O)n3n2CCCC3)c(F)cc1Cl
3880,COC(=O)C[C@](O)(CCCC(C)(C)O)C(=O)O[C@@H]1C(OC)=CC23CCCN2CCc2cc4c(cc2[C@H]13)OCO4
3881,COC(=O)Cc1cccc2ccccc12
3882,COC(=O)Cc1ccccc1
3883,COC(=O)Cl
3884,COC(=O)N(C(=O)N1CO[C@@]2(C(=O)OC)Cc3cc(Cl)ccc3C2=N1)c1ccc(OC(F)(F)F)cc1
3885,COC(=O)N(OC)c1ccccc1COc1ccn(-c2ccc(Cl)cc2)n1
3886,COC(=O)N/N=C/c1c[n+]([O-])c2ccccc2[n+]1[O-]
3887,COC(=O)NC(=S)Nc1ccccc1NC(=S)NC(=O)OC
3888,COC(=O)NCCC[Si](OC)(OC)OC
3889,COC(=O)NN
3890,COC(=O)N[C@H](C(=O)N[C@@H](Cc1ccccc1)[C@@H](O)CN(Cc1ccc(-c2ccccn2)cc1)NC(=O)[C@@H](NC(=O)OC)C(C)(C)C)C(C)(C)C
3891,COC(=O)Nc1ccc(Cl)c(Cl)c1
3892,COC(=O)Nc1nc2cc(C(=O)C3CC3)ccc2[nH]1
3893,COC(=O)Nc1nc2cc(C(=O)c3ccccc3)ccc2[nH]1
3894,COC(=O)Nc1nc2cc(C(=O)c3cccs3)ccc2[nH]1
3895,COC(=O)Nc1nc2cc(S(=O)c3ccccc3)ccc2[nH]1
3896,COC(=O)Nc1nc2cc(Sc3ccccc3)ccc2[nH]1
3897,COC(=O)Nc1nc2ccccc2[nH]1
3898,COC(=O)OC
3899,COC(=O)[C@@H](N)CCCN/C(N)=N/[N+](=O)[O-]
3900,COC(=O)[C@@H](N)Cc1ccc(O)c(O)c1
3901,COC(=O)[C@@H]1CC2=CC(=O)CC[C@]2(C)[C@@]23O[C@@H]2C[C@@]2(C)[C@@H](CC[C@@]24CCC(=O)O4)[C@H]13
3902,COC(=O)[C@@H]1[C@H]2CC[C@@H](C[C@H]1OC(=O)c1ccccc1)N2C
3903,COC(=O)[C@@H]1[C@H]2C[C@H]3c4[nH]c5ccccc5c4CCN3C[C@@H]2CC[C@@H]1O
3904,COC(=O)[C@@]1(C)[C@H](C)C[C@H]2[C@@H]3CCC4=CC(=O)C=C[C@]4(C)[C@H]3[C@@H](O)C[C@@]21C
3905,COC(=O)[C@H](Cc1ccccc1)NC(=O)[C@@H](N)CC(=O)O
3906,COC(=O)[C@H](c1ccccc1Cl)N1CCc2sccc2C1
3907,COC(=O)[C@H]1CC[C@H](C(=O)OC)CC1
3908,COC(=O)[C@H]1[C@@H](OC(=O)c2ccccc2)C[C@@H]2CC[C@H]1N2C
3909,COC(=O)[C@H]1[C@H]2C[C@@H]3c4[nH]c5cc(OC)ccc5c4CCN3C[C@H]2C[C@@H](OC(=O)/C=C/c2ccc(O)c(OC)c2)[C@@H]1OC
3910,COC(=O)[C@H]1[C@H]2C[C@@H]3c4[nH]c5cc(OC)ccc5c4CCN3C[C@H]2C[C@@H](OC(=O)C=Cc2cc(OC)c(OC)c(OC)c2)[C@@H]1OC
3911,COC(=O)[C@H]1[C@H]2C[C@@H]3c4[nH]c5cc(OC)ccc5c4CCN3C[C@H]2C[C@@H](OC(=O)COc2ccc(OC)cc2)[C@@H]1OC
3912,COC(=O)[C@H]1[C@H]2C[C@@H]3c4[nH]c5cc(OC)ccc5c4CCN3C[C@H]2C[C@@H](OC(=O)c2cc(OC)c(OC)c(OC)c2)[C@@H]1OC
3913,COC(=O)[C@H]1[C@H]2C[C@@H]3c4[nH]c5cc(OC)ccc5c4CCN3C[C@H]2C[C@H](OC)[C@@H]1OC
3914,COC(=O)[C@H]1[C@H]2C[C@@H]3c4[nH]c5ccccc5c4CCN3C[C@H]2C[C@@H](OC(=O)c2cc(OC)c(OC)c(OC)c2)[C@@H]1OC
3915,COC(=O)[C@H]1[C@H]2C[C@H]3c4[nH]c5ccccc5c4CCN3C[C@H]2CC[C@@H]1O
3916,COC(=O)[C@]1(C)CCC[C@@]2(C)[C@H]1CC=C1C=C(C(C)C)CC[C@@H]12
3917,COC(=O)[C@]12CCC(C)(C)C[C@H]1[C@H]1C(=O)C=C3[C@@]4(C)C=C(C#N)C(=O)C(C)(C)[C@@H]4CC[C@@]3(C)[C@]1(C)CC2
3918,COC(=O)c1c(C(F)F)nc(C(F)(F)F)c(C2=NCCS2)c1CC(C)C
3919,COC(=O)c1c(C)cc(O)c(C)c1O
3920,COC(=O)c1c(Cl)c(Cl)c(C(=O)OC)c(Cl)c1Cl
3921,COC(=O)c1cc(C(=O)OC)cc(S(=O)(=O)O)c1
3922,COC(=O)c1cc(Cl)c(NC(C)=O)cc1OC
3923,COC(=O)c1cc(Cl)cc(Cl)c1
3924,COC(=O)c1cc(Cl)ccc1NS(=O)(=O)C(F)(F)F
3925,COC(=O)c1cc(Cl)ccc1OC
3926,COC(=O)c1cc(Cl)ccc1[N+](=O)[O-]
3927,COC(=O)c1cc(Oc2ccc(Cl)cc2Cl)ccc1[N+](=O)[O-]
3928,COC(=O)c1cc(S(N)(=O)=O)ccc1OC
3929,COC(=O)c1ccc(C(=O)O)cc1
3930,COC(=O)c1ccc(C(=O)OC)c(C(=O)OC)c1
3931,COC(=O)c1ccc(C(=O)OC)cc1
3932,COC(=O)c1ccc(C)cc1
3933,COC(=O)c1ccc(C)cc1C1=NC(=O)C(C)(C(C)C)N1
3934,COC(=O)c1ccc(C=O)cc1
3935,COC(=O)c1ccc(CBr)cc1
3936,COC(=O)c1ccc(I)cc1S(=O)(=O)NC(=O)Nc1nc(C)nc(OC)n1
3937,COC(=O)c1ccc(NC(C)=O)cc1OC
3938,COC(=O)c1ccc(O)cc1
3939,COC(=O)c1ccc(OC)cc1
3940,COC(=O)c1ccc2cc(C(=O)OC)ccc2c1
3941,COC(=O)c1cccc(C(=O)OC)c1
3942,COC(=O)c1cccc(Cl)c1
3943,COC(=O)c1ccccc1
3944,COC(=O)c1ccccc1C
3945,COC(=O)c1ccccc1C(=O)O
3946,COC(=O)c1ccccc1C(=O)OC
3947,COC(=O)c1ccccc1C(=O)c1ccc(OCCN2CCCCC2)cc1
3948,COC(=O)c1ccccc1CS(=O)(=O)NC(=O)Nc1nc(OC)cc(OC)n1
3949,COC(=O)c1ccccc1Cl
3950,COC(=O)c1ccccc1N
3951,COC(=O)c1ccccc1O
3952,COC(=O)c1ccccc1OC
3953,COC(=O)c1ccccc1S(=O)(=O)NC(=O)N(C)c1nc(C)nc(OC)n1
3954,COC(=O)c1ccccc1S(=O)(=O)NC(=O)Nc1nc(C)cc(C)n1
3955,COC(=O)c1ccccc1S(=O)(=O)NC(=O)Nc1nc(C)nc(OC)n1
3956,COC(=O)c1cccnc1
3957,COC(=O)c1cncn1C(C)c1ccccc1
3958,COC(=O)c1nc(Cl)c(Cl)nc1N
3959,COC(=O)c1sccc1S(=O)(=O)NC(=O)Nc1nc(C)nc(OC)n1
3960,COC(=O)c1sccc1S(N)(=O)=O
3961,COC(C(=O)O)c1ccccc1
3962,COC(C)(C)C
3963,COC(C)(C)CC(C)=O
3964,COC(C)(C)CCCC(C)C/C=C/C(C)=C/C(=O)OC(C)C
3965,COC(C)(C)CCCC(C)CC=O
3966,COC(C)(C)CCC[C@H](C)C/C=C/C(C)=C/C(=O)OC(C)C
3967,COC(C)(C)CCO
3968,COC(C)(C)OC
3969,COC(C)(OC)OC
3970,COC(C)=O
3971,COC(C)CCO
3972,COC(C)COC(C)COC(C)CO
3973,COC(C)OC
3974,COC(C=C(C)CCC=C(C)C)OC
3975,COC(CC(C)CCCC(C)(C)O)OC
3976,COC(CNC(=O)c1ccccc1OCC(=O)O)[CH2][Hg][OH]
3977,COC(COC(N)=O)C1=C(N2CC2)C(=O)C(C)=C(N2CC2)C1=O
3978,COC(Cc1ccccc1)OC
3979,COC(N)=O
3980,COC(OC)(C(=O)c1ccccc1)c1ccccc1
3981,COC(OC)C(C)c1ccccc1
3982,COC(OC)OC
3983,COC(c1ccccc1)(c1ccccc1)[C@H](Oc1nc(C)cc(C)n1)C(=O)O
3984,COC1=C(OC)C(=O)C(C/C=C(\C)CC/C=C(\C)CC/C=C(\C)CC/C=C(\C)CC/C=C(\C)CC/C=C(\C)CC/C=C(\C)CC/C=C(\C)CC/C=C(\C)CCC=C(C)C)=C(C)C1=O
3985,COC1=C(OC)C(=O)C(CCCCCCCCCCO)=C(C)C1=O
3986,COC1=CC(=O)C[C@@H](C)[C@]12Oc1c(Cl)c(OC)cc(OC)c1C2=O
3987,COC1=CC(=O)OC(CCc2ccccc2)C1
3988,COC1=CC(=O)O[C@@H](/C=C/c2ccc3c(c2)OCO3)C1
3989,COC1=CC(=O)O[C@@H](/C=C/c2ccccc2)C1
3990,COC1=CC=C2[C@H]3Cc4ccc(OC)c5c4[C@@]2(CCN3C)[C@H]1O5
3991,COC1CC(=C(c2cccs2)c2cccs2)C[N+](C)(C)C1
3992,COC1CCC=CO1
3993,COC1[C@@H](O[C@@H]2O[C@H](C)[C@@H](O[C@H]3C[C@@](C)(O)[C@H](OC(=O)CC(C)C)[C@H](C)O3)[C@H](N(C)C)[C@H]2O)[C@@H](CC=O)C[C@@H](C)[C@@H](O)C=CC=CC[C@@H](C)OC(=O)C[C@H]1OC(C)=O
3994,COC=O
3995,COCC(=O)N(c1c(C)cccc1C)C(C)C(=O)OC
3996,COCC(=O)N(c1c(C)cccc1C)N1CCOC1=O
3997,COCC(=O)Nc1c(I)c(C(=O)NCC(O)CO)c(I)c(C(=O)N(C)CC(O)CO)c1I
3998,COCC(=O)Nc1cc(Sc2ccccc2)ccc1N=C(NC(=O)OC)NC(=O)OC
3999,COCC(=O)O
4000,COCC(=O)O[C@]1(CCN(C)CCCc2nc3ccccc3[nH]2)CCc2cc(F)ccc2[C@@H]1C(C)C
4001,COCC(C)N
4002,COCC(C)N(C(=O)CCl)c1c(C)csc1C
4003,COCC(C)O
4004,COCC(C)OC(C)=O
4005,COCC(O)CO
4006,COCCC#N
4007,COCCCC/C(=N\OCCN)c1ccc(C(F)(F)F)cc1
4008,COCCCCCCCCOCCC[Si](C)(O[Si](C)(C)C)O[Si](C)(C)C
4009,COCCCN
4010,COCCCN1CCC(NC(=O)c2cc(Cl)c(N)c3c2OCC3)CC1
4011,COCCCOCCCOC
4012,COCCCOc1cc(C[C@@H](C[C@H](N)[C@@H](O)C[C@H](C(=O)NCC(C)(C)C(N)=O)C(C)C)C(C)C)ccc1OC
4013,COCCCOc1ccnc(CS(=O)c2nc3ccccc3[nH]2)c1C
4014,COCCO
4015,COCCOC
4016,COCCOC(=O)C1=C(C)NC(C)=C(C(=O)OC(C)C)C1c1cccc([N+](=O)[O-])c1
4017,COCCOC(=O)C1=C(C)NC(C)=C(C(=O)OC/C=C/c2ccccc2)C1c1cccc([N+](=O)[O-])c1
4018,COCCOC(=O)CC#N
4019,COCCOC(=O)c1ccccc1C(=O)OCCOC
4020,COCCOCC(OC)OC
4021,COCCOCCO
4022,COCCOCCOC
4023,COCCOCCOCCO
4024,COCCOCCOCCOC
4025,COCCOCCOCCOCCO
4026,COCCOCCOCCOCCOC
4027,COCCOCCOCCOCCOCCO
4028,COCCOC[C@H](CC1(C(=O)N[C@H]2CC[C@@H](C(=O)O)CC2)CCCC1)C(=O)Oc1ccc2c(c1)CCC2
4029,COCCOc1cc2cc(C(=O)NC3CCN(C(C)C)CC3)n(CC(=O)Nc3ccc(Cl)cn3)c2cn1
4030,COCCOc1cccc(S(=O)(=O)Nc2ncccn2)c1
4031,COCCc1ccc(OCC2CO2)cc1
4032,COCCc1ccccn1
4033,COCCl
4034,COCN(COC)c1nc(N(COC)COC)nc(N(COC)COC)n1
4035,COC[C@@H](NC(C)=O)C(=O)NCc1ccccc1
4036,COC[C@H](c1ccc(C(F)(F)F)cc1)N1CCN(C2(C)CCN(C(=O)c3c(C)ncnc3C)CC2)C[C@H]1C
4037,COCc1c(C(C)C)nc(C(C)C)c(/C=C/[C@@H](O)C[C@@H](O)CC(=O)O)c1-c1ccc(F)cc1
4038,COCc1ccc(COC)cc1
4039,COCc1cnc(C2=NC(C)(C(C)C)C(=O)N2)c(C(=O)O)c1
4040,COCc1nnc(-c2ccc[n+]([O-])c2)n1-c1c(Cl)c(Cl)cc2[nH]c(=O)c(=O)[nH]c12
4041,CON(C)C(=O)Nc1ccc(Br)c(Cl)c1
4042,CON(C)C(=O)Nc1ccc(Br)cc1
4043,CON(C)C(=O)Nc1ccc(Cl)c(Cl)c1
4044,CON(C)C(=O)Nc1ccc(Cl)cc1
4045,CON=C(C(=O)N[C@@H]1C(=O)N2C(C(=O)O)=C(COC(N)=O)CS[C@H]12)c1ccco1
4046,COP(=O)(NC(C)=O)SC
4047,COP(=O)(O)OC
4048,COP(=O)(O)OP(=O)(O)OC
4049,COP(=O)(OC)C(O)C(Cl)(Cl)Cl
4050,COP(=O)(OC)O/C(=C\Cl)c1cc(Cl)c(Cl)cc1Cl
4051,COP(=O)(OC)O/C(C)=C/C(=O)N(C)C
4052,COP(=O)(OC)OC
4053,COP(=O)(OC)OC(=CCl)c1cc(Cl)c(Cl)cc1Cl
4054,COP(=O)(OC)OC(Br)C(Cl)(Cl)Br
4055,COP(=O)(OC)OC(c1ccc(Cl)cc1)P(=O)(OC)OC
4056,COP(=O)(OC)OC=C(Cl)Cl
4057,COP(=O)(OC)Oc1ccc([N+](=O)[O-])cc1
4058,COP(=O)(OC)SCn1c(=O)oc2cc(Cl)cnc21
4059,COP(=S)(Cl)OC
4060,COP(=S)(NC(C)C)Oc1ccc(C)cc1[N+](=O)[O-]
4061,COP(=S)(OC)Oc1c(Cl)cc(C)cc1Cl
4062,COP(=S)(OC)Oc1cc(Cl)c(Cl)cc1Cl
4063,COP(=S)(OC)Oc1ccc(S(=O)(=O)N(C)C)cc1
4064,COP(=S)(OC)Oc1ccc(S(N)(=O)=O)cc1
4065,COP(=S)(OC)Oc1ccc(SC)c(C)c1
4066,COP(=S)(OC)Oc1ccc(Sc2ccc(OP(=S)(OC)OC)cc2)cc1
4067,COP(=S)(OC)Oc1ccc([N+](=O)[O-])c(C)c1
4068,COP(=S)(OC)Oc1ccc([N+](=O)[O-])cc1
4069,COP(=S)(OC)Oc1ccc([N+](=O)[O-])cc1Cl
4070,COP(=S)(OC)Oc1nc(Cl)c(Cl)cc1Cl
4071,COP(=S)(OC)SCN1C(=O)c2ccccc2C1=O
4072,COP(=S)(OC)SCn1nnc2ccccc2c1=O
4073,COP(=S)(Oc1cc(Cl)c(Br)cc1Cl)c1ccccc1
4074,COP(C)(=O)OC
4075,COP(N)(=O)SC
4076,COP(N)(=S)Oc1ccccc1C(=O)OC(C)C
4077,COP(OC)OC
4078,COS(=O)(=O)C(F)(F)F
4079,COS(=O)(=O)O
4080,COS(=O)(=O)OC
4081,COS(C)(=O)=O
4082,CO[C@@H]1COCC[C@@H]1N[C@@H]1CC[C@@](C(=O)N2CCc3ncc(C(F)(F)F)cc3C2)(C(C)C)C1
4083,CO[C@@H]1[C@@H](OC(N)=O)[C@@H](O)[C@H](Oc2ccc3c(O)c(NC(=O)c4ccc(O)c(CC=C(C)C)c4)c(=O)oc3c2C)OC1(C)C
4084,CO[C@@H]1[C@@H](OC)[C@H](C)[C@@](O)(CC(=O)O)O[C@H]1[C@H](C)[C@H]1O[C@@]2(CC[C@@](C)([C@H]3CC[C@@](C)([C@@H]4O[C@@H]([C@H]5O[C@](C)(O)[C@H](C)C[C@@H]5C)C[C@@H]4OC4C[C@H](OC)[C@@H](OC)[C@H](C)O4)O3)O2)C[C@H](O)[C@H]1C
4085,CO[C@@H]1[C@@H](O[C@@H]2O[C@H](C)[C@@H](O[C@H]3C[C@@](C)(O)[C@@H](O)[C@H](C)O3)[C@H](N(C)C)[C@H]2O)[C@@H](CC=O)C[C@@H](C)[C@@H](O[C@@H]2CC[C@H](N(C)C)[C@@H](C)O2)C=CC=CC[C@@H](C)OC(=O)C[C@H]1O
4086,CO[C@@H]1[C@@H](O[C@@H]2O[C@H](C)[C@@H](O[C@H]3C[C@@](C)(O)[C@@H](OC(=O)CC(C)C)[C@H](C)O3)[C@H](N(C)C)[C@H]2O)[C@@H](CC=O)C[C@@H](C)C(=O)C=CC2OC2C[C@@H](C)OC(=O)C[C@H]1OC(C)=O
4087,CO[C@@H]1[C@@H](O[C@@H]2O[C@H](C)[C@@H](O[C@H]3C[C@@](C)(O)[C@@H](OC(=O)CC(C)C)[C@H](C)O3)[C@H](N(C)C)[C@H]2O)[C@@H](CC=O)C[C@@H](C)[C@@H](O)C=CC=CC[C@@H](C)OC(=O)C[C@H]1O
4088,CO[C@@H]1[C@H](O)C[C@@H](O[C@@H]2C[C@H](Oc3cc4cc5c(c(O)c4c(O)c3C)C(=O)[C@@H](O[C@H]3C[C@@H](O[C@H]4C[C@@H](O[C@H]6C[C@](C)(O)[C@@H](OC(C)=O)[C@H](C)O6)[C@H](O)[C@@H](C)O4)[C@H](O)[C@@H](C)O3)[C@H]([C@H](OC)C(=O)[C@@H](O)[C@@H](C)O)C5)O[C@H](C)[C@@H]2OC(=O)O)O[C@@H]1C
4089,CO[C@@H]1[C@H](OC(=O)/C=C/C=C/C=C/C=C/C(=O)O)CC[C@]2(CO2)[C@H]1[C@@]1(C)O[C@@H]1CC=C(C)C
4090,CO[C@@H]1[C@H](OC(=O)NC(=O)CCl)CC[C@]2(CO2)[C@H]1[C@]1(C)O[C@@H]1CC=C(C)C
4091,CO[C@@]1(NC(=O)C(C(=O)O)c2ccc(O)cc2)C(=O)N2C(C(=O)O)=C(CSc3nnnn3C)CO[C@@H]21
4092,CO[C@@]1(NC(=O)C2SC(=C(C(N)=O)C(=O)O)S2)C(=O)N2C(C(=O)O)=C(CSc3nnnn3C)CS[C@@H]21
4093,CO[C@@]1(NC(=O)CSCC#N)C(=O)N2C(C(=O)O)=C(CSc3nnnn3C)CS[C@@H]21
4094,CO[C@@]1(NC(=O)Cc2cccs2)C(=O)N2C(C(=O)O)=C(COC(N)=O)CS[C@@H]21
4095,CO[C@@]12CC[C@@]3(C[C@@H]1[C@](C)(O)C(C)(C)C)[C@H]1Cc4ccc(O)c5c4[C@@]3(CCN1CC1CC1)[C@H]2O5
4096,CO[C@@]12[C@H](COC(N)=O)C3=C(C(=O)C(C)=C(N)C3=O)N1C[C@@H]1N[C@@H]12
4097,CO[C@H](C(=O)[C@@H](O)[C@@H](C)O)C1Cc2cc3cc(O[C@H]4C[C@@H](O[C@H]5C[C@@H](O)[C@H](O)[C@@H](C)O5)[C@@H](O)[C@@H](C)O4)c(C)c(O)c3c(O)c2C(=O)[C@H]1O[C@H]1C[C@@H](O[C@H]2C[C@@H](O[C@H]3C[C@](C)(O)[C@H](O)[C@@H](C)O3)[C@H](O)[C@@H](C)O2)[C@H](O)[C@@H](C)O1
4098,CO[C@H]1C=CO[C@@]2(C)Oc3c(C)c(O)c4c(O)c(c(/C=N/N5CCN(C)CC5)c(O)c4c3C2=O)NC(=O)C(C)=CC=C[C@H](C)[C@H](O)[C@@H](C)[C@@H](O)[C@@H](C)[C@H](OC(C)=O)[C@@H]1C
4099,CO[C@H]1C=CO[C@@]2(C)Oc3c(C)c(O)c4c(O)c(c(/C=N/N5CCN(C6CCCC6)CC5)c(O)c4c3C2=O)NC(=O)C(C)=CC=C[C@H](C)[C@H](O)[C@@H](C)[C@@H](O)[C@@H](C)[C@H](OC(C)=O)[C@@H]1C
4100,CO[C@H]1C=CO[C@@]2(C)Oc3c(C)c(O)c4c(O)c(c5c(nc6cc(C)ccn65)c4c3C2=O)NC(=O)C(C)=CC=C[C@H](C)[C@H](O)[C@@H](C)[C@@H](O)[C@@H](C)[C@H](OC(C)=O)[C@@H]1C
4101,CO[C@H]1C=CO[C@@]2(C)Oc3c(C)c(O)c4c(O)c(cc(O)c4c3C2=O)NC(=O)C(C)=CC=C[C@H](C)[C@H](O)[C@@H](C)[C@@H](O)[C@@H](C)[C@H](OC(C)=O)[C@@H]1C
4102,CO[C@H]1C=CO[C@@]2(C)Oc3c(C)c(O)c4c(c3C2=O)C2=NC3(CCN(CC(C)C)CC3)NC2=C(NC(=O)C(C)=CC=C[C@H](C)[C@H](O)[C@@H](C)[C@@H](O)[C@@H](C)[C@H](OC(C)=O)[C@@H]1C)C4=O
4103,CO[C@H]1C[C@@H]2CC[C@@H](C)[C@@](O)(O2)C(=O)C(=O)N2CCCC[C@H]2C(=O)O[C@H]([C@H](C)C[C@@H]2CC[C@@H](O)[C@H](OC)C2)CC(=O)[C@H](C)C=C(C)[C@@H](O)[C@@H](OC)C(=O)[C@H](C)C[C@H](C)C=CC=CC=C1C
4104,CO[C@H]1C[C@@H]2CC[C@@H](C)[C@@](O)(O2)C(=O)C(=O)N2CCCC[C@H]2C(=O)O[C@H]([C@H](C)C[C@@H]2CC[C@@H](OCCO)[C@H](OC)C2)CC(=O)[C@H](C)C=C(C)[C@@H](O)[C@@H](OC)C(=O)[C@H](C)C[C@H](C)C=CC=CC=C1C
4105,CO[C@H]1C[C@H](O[C@@H]2C(C)=CC[C@@H]3C[C@@H](C[C@]4(CC[C@H](C)[C@@H](C5CCCCC5)O4)O3)OC(=O)[C@@H]3C=C(C)/C(=N/O)[C@H]4OCC(=CC=C[C@@H]2C)[C@]43O)O[C@@H](C)[C@@H]1O
4106,CO[C@H]1C[C@H](O[C@H]2[C@H](C)O[C@@H](O[C@@H]3C(C)=CC[C@@H]4C[C@@H](C[C@]5(C=C[C@H](C)[C@@H](C6CCCCC6)O5)O4)OC(=O)[C@@H]4C=C(C)[C@@H](O)[C@H]5OCC(=CC=C[C@@H]3C)[C@]54O)C[C@@H]2OC)O[C@@H](C)[C@@H]1O
4107,CO[C@H]1C[C@H](O[C@H]2[C@H](C)[C@@H](O[C@@H]3O[C@H](C)C[C@H](N(C)C)[C@H]3OC(C)=O)[C@@H](C)C[C@]3(CO3)C(=O)[C@H](C)[C@@H](OC(C)=O)[C@@H](C)[C@@H](C)OC(=O)[C@@H]2C)O[C@@H](C)[C@@H]1OC(C)=O
4108,CO[C@H]1O[C@@H]2O[C@]3(C)CC[C@H]4[C@H](C)CC[C@@H]([C@H]1C)C24OO3
4109,CO[C@H]1O[C@H](CO)[C@@H](O)[C@H](O)[C@H]1O
4110,CO[C@H]1[C@@H](O)C[C@H](O[C@H]2[C@@H](O)C[C@H](O[C@H]3[C@@H](O)C[C@H](O[C@H]4CC[C@@]5(C)[C@H](CC[C@@H]6[C@@H]5C[C@@H](O)[C@]5(C)[C@@H](C7=CC(=O)OC7)CC[C@]65O)C4)O[C@@H]3C)O[C@@H]2C)O[C@@H]1C
4111,CO[C@H]1[C@@H](O)[C@H](N)[C@@H](O[C@H]2O[C@H]([C@H](C)N)CC[C@H]2N)[C@H](O)[C@@H]1N(C)C(=O)CN
4112,CO[C@]1(NC(=O)CSC(F)F)C(=O)N2C(C(=O)O)=C(CSc3nnnn3CCO)CO[C@H]21
4113,CO[C@]12C[C@@H](COC(=O)c3cncc(Br)c3)CN(C)[C@@H]1Cc1cn(C)c3cccc2c13
4114,CO[PH](=O)OC
4115,CO[Si](C)(C)OC
4116,CO[Si](C)(OC)OC
4117,CO[Si](C)(OC)c1ccccc1
4118,CO[Si](CCCNCCC[Si](OC)(OC)OC)(OC)OC
4119,CO[Si](CCCNCCN)(OC)OC
4120,CO[Si](CCCNc1ccccc1)(OC)OC
4121,CO[Si](CCCOCC1CO1)(OC)OC
4122,CO[Si](CCCS)(OC)OC
4123,CO[Si](CCCn1c(=O)n(CCC[Si](OC)(OC)OC)c(=O)n(CCC[Si](OC)(OC)OC)c1=O)(OC)OC
4124,CO[Si](OC)(OC)OC
4125,CO[Si](OC)(OC)c1ccccc1
4126,COc1c(Br)cc(Br)c(C)c1Br
4127,COc1c(C(C)(C)C)cc([N+](=O)[O-])c(C)c1[N+](=O)[O-]
4128,COc1c(C)c2c(c(O)c1C/C=C(\C)CCC(=O)O)C(=O)OC2
4129,COc1c(C)c2c(c(O)c1C/C=C(\C)CCC(=O)OCCN1CCOCC1)C(=O)OC2
4130,COc1c(Cl)c(Cl)c(Cl)c(Cl)c1Cl
4131,COc1c(Cl)ccc(Cl)c1C(=O)O
4132,COc1c(N2CCNC(C)C2)c(F)cc2c(=O)c(C(=O)O)cn(C3CC3)c12
4133,COc1c(N2C[C@@H]3CCCN[C@@H]3C2)c(F)cc2c(=O)c(C(=O)O)cn(C3CC3)c12
4134,COc1c(O)cc2c(c1O)[C@@H]1O[C@H](CO)[C@@H](O)[C@H](O)[C@H]1OC2=O
4135,COc1c(O[C@@H]2O[C@H](CO)[C@@H](O)[C@H](O)[C@H]2O)cc2c(c1OC)-c1ccc(SC)c(=O)cc1[C@@H](NC(C)=O)CC2
4136,COc1c2c(cc3c1OCO3)CCN(C)C2
4137,COc1c2ccoc2cc2oc(=O)ccc12
4138,COc1c2occc2c(OC)c2c(=O)cc(C)oc12
4139,COc1c2occc2cc2ccc(=O)oc12
4140,COc1cc(-c2ccc(=O)[nH]n2)ccc1OC(F)F
4141,COc1cc(-c2ccc(N)c(OC)c2)ccc1N
4142,COc1cc(-c2ccc(N=C=O)c(OC)c2)ccc1N=C=O
4143,COc1cc(-c2nc(NC(=O)c3cc4cc(C)cc(C)c4n3CC(=O)O)sc2CCC2CCCCC2)c(OC)cc1Cl
4144,COc1cc(/C=C/C(=O)CC(=O)/C=C/c2ccc(O)c(OC)c2)ccc1O
4145,COc1cc(/C=C/C(=O)O[C@H]2CC[C@]34C[C@]35CC[C@]3(C)[C@@H]([C@H](C)CCC=C(C)C)CC[C@@]3(C)[C@@H]5CC[C@H]4C2(C)C)ccc1O
4146,COc1cc(/C=C/C(N)=O)cc(OC)c1OC
4147,COc1cc(/C=C/c2ccccc2)oc(=O)c1
4148,COc1cc(Br)c(C[N+]2(CCOCCC3CCC4CC3C4(C)C)CCOCC2)cc1OC
4149,COc1cc(C(=O)N2CCCCCCC2)cc(OC)c1OC
4150,COc1cc(C(=O)N2CCOCC2)cc(OC)c1OC
4151,COc1cc(C(=O)NC2CCCNC2)cc(OC)c1OC
4152,COc1cc(C(=O)NC2CCN(C)CC2)ccc1Nc1ncc2c(n1)N(C1CCCC1)CC(F)(F)C(=O)N2C
4153,COc1cc(C(=O)NCCCCCC(=O)O)cc(OC)c1OC
4154,COc1cc(C(=O)NCc2ccc(OCCN(C)C)cc2)cc(OC)c1OC
4155,COc1cc(C(=O)NS(=O)(=O)c2ccccc2C)ccc1Cc1cn(C)c2ccc(NC(=O)OC3CCCC3)cc12
4156,COc1cc(C(=O)OC(COCCC(C)C)CN2CCOCC2)cc(OC)c1OC
4157,COc1cc(C(=O)OCCCN2CCCN(CCCOC(=O)c3cc(OC)c(OC)c(OC)c3)CC2)cc(OC)c1OC
4158,COc1cc(C(=S)N2CCOCC2)cc(OC)c1OC
4159,COc1cc(C(=S)N2CCOCC2)ccc1O
4160,COc1cc(C(C)(C)C)c(O)c(C(C)(C)C)c1
4161,COc1cc(C(C)=O)ccc1OCCCN1CCC(c2noc3cc(F)ccc23)CC1
4162,COc1cc(C(C)C)c2c(c1)S(=O)(=O)N(COc1cc(=O)n3cccc(OCCN4CCCCC4)c3n1)C2=O
4163,COc1cc(C)c(Cc2cnc(N)nc2N)cc1OC
4164,COc1cc(C)cc(O)c1
4165,COc1cc(C)ccc1C(C)C
4166,COc1cc(C)ccc1O
4167,COc1cc(C)nc(-n2nc(C)cc2OC)n1
4168,COc1cc(C=C2CCCC(=Cc3ccc(O)c(OC)c3)C2=O)ccc1O
4169,COc1cc(C=CC(=O)N2CCN(CC(=O)N3CCCC3)CC2)cc(OC)c1OC
4170,COc1cc(C=O)cc2c1[C@H](COC(N)=O)[C@]1(OC(C)=O)ON2C[C@H]2[C@@H]1N2C(C)=O
4171,COc1cc(C=O)ccc1O
4172,COc1cc(C=O)ccc1OC(=O)C(C)C
4173,COc1cc(CC#N)cc(OC)c1OC
4174,COc1cc(CC(C)C)cc(OC)c1OC
4175,COc1cc(CC(C)N)c(OC)cc1Br
4176,COc1cc(CC(C)N)cc2c1OCO2
4177,COc1cc(CCC(C)=O)ccc1O
4178,COc1cc(CCN)c(OC)cc1Br
4179,COc1cc(CCN)cc(OC)c1OC
4180,COc1cc(CNC(=O)CCCC/C=C/C(C)C)ccc1O
4181,COc1cc(C[C@@H](C)N)c(OC)cc1Br
4182,COc1cc(C[C@@H](C)N)c(OC)cc1C
4183,COc1cc(C[C@@H]2NCCc3cc(O)c(O)cc32)cc(OC)c1OC
4184,COc1cc(C[C@H](C)N)c(OC)cc1Br
4185,COc1cc(C[C@H](C)N)c(OC)cc1C
4186,COc1cc(Cc2cnc(N)nc2N)cc(OC)c1OC
4187,COc1cc(Cl)c(OC)cc1Cl
4188,COc1cc(Cl)c(OC)cc1N
4189,COc1cc(Cl)ccc1Cl
4190,COc1cc(Cl)ccc1Oc1ccc(Cl)cc1Cl
4191,COc1cc(N)c(Cl)cc1C(=O)NC1CCN(CCCOc2ccc(F)cc2)CC1OC
4192,COc1cc(N)c(Cl)cc1C(=O)NC1CCN(Cc2ccccc2)CC1
4193,COc1cc(N)c(Cl)cc1C(=O)NC1CN2CCC1CC2
4194,COc1cc(N)ccc1C
4195,COc1cc(NC(=O)CC(C)=O)c(OC)cc1Cl
4196,COc1cc(NC(C)CCCN)c2ncccc2c1
4197,COc1cc(NCCCC(C)N)c2ncccc2c1
4198,COc1cc(NCc2ccc3nc(N)nc(N)c3c2C)cc(OC)c1OC
4199,COc1cc(NS(=O)(=O)c2ccc(N)cc2)nc(C)n1
4200,COc1cc(NS(=O)(=O)c2ccc(N)cc2)nc(OC)n1
4201,COc1cc(NS(=O)(=O)c2ccc(N)cc2)ncn1
4202,COc1cc(NS(C)(=O)=O)ccc1Nc1c2ccccc2nc2ccccc12
4203,COc1cc(Nc2c(C#N)cnc3cc(OCCCN4CCN(C)CC4)c(OC)cc23)c(Cl)cc1Cl
4204,COc1cc(O)c(C(=O)c2ccccc2)cc1S(=O)(=O)O
4205,COc1cc(O)cc(O)c1
4206,COc1cc(OC)c(C(=O)CCCN2CCCC2)c(OC)c1
4207,COc1cc(OC)c(OC)cc1C=O
4208,COc1cc(OC)c2ccc(=O)oc2c1
4209,COc1cc(OC)cc(OC)c1
4210,COc1cc(OC)nc(NC(=O)NS(=O)(=O)c2ncccc2C(=O)N(C)C)n1
4211,COc1cc(OC)nc(NC(=O)NS(=O)(=O)c2ncccc2OCC(F)(F)F)n1
4212,COc1cc(OC)nc(O[C@H](C(=O)O)C(OC)(c2ccccc2)c2ccccc2)n1
4213,COc1cc(OC)nc(Oc2cccc(Oc3nc(OC)cc(OC)n3)c2C(=O)O)n1
4214,COc1cc(OC)nc(Sc2cccc(Cl)c2C(=O)O)n1
4215,COc1cc(S(=O)(=O)Nc2ccccc2)c(OC)cc1N
4216,COc1cc(S(=O)(=O)O)c(C)cc1/N=N/c1c(O)ccc2cc(S(=O)(=O)O)ccc12
4217,COc1cc(S(C)=O)ccc1-c1nc2ncccc2[nH]1
4218,COc1cc(S(N)(=O)=O)cc(C(=O)O)c1OC
4219,COc1cc([C@@H]2c3cc4c(cc3C(O[C@@H]3O[C@@H]5COC(c6cccs6)O[C@H]5[C@H](O)[C@H]3O)C3COC(=O)[C@@H]32)OCO4)cc(OC)c1O
4220,COc1cc([C@@H]2c3cc4c(cc3C(O[C@@H]3O[C@@H]5CO[C@@H](C)O[C@H]5[C@H](O)[C@H]3O)C3COC(=O)[C@@H]32)OCO4)cc(OC)c1O
4221,COc1cc([C@@H]2c3cc4c(cc3C(O[C@@H]3O[C@@H]5CO[C@@H](C)O[C@H]5[C@H](O)[C@H]3O)C3COC(=O)[C@@H]32)OCO4)cc(OC)c1OP(=O)(O)O
4222,COc1cc([C@@H]2c3cc4c(cc3[C@@H](O)[C@H]3COC(=O)[C@H]23)OCO4)cc(OC)c1O
4223,COc1cc([C@@H]2c3cc4c(cc3[C@H](O)[C@H]3COC(=O)[C@H]23)OCO4)cc(OC)c1OC
4224,COc1cc([C@H]2Oc3cc([C@H]4Oc5cc(O)cc(O)c5C(=O)[C@@H]4O)ccc3O[C@@H]2CO)ccc1O
4225,COc1cc([N+](=O)[O-])ccc1N
4226,COc1cc2[nH]c(=O)[nH]c(=O)c2cc1OC
4227,COc1cc2[nH]c(C)c(CCN3CCN(c4ccccc4)CC3)c2cc1OC
4228,COc1cc2c(N3CCN(C(=O)Nc4ccc(OC(C)C)cc4)CC3)ncnc2cc1OCCCN1CCCCC1
4229,COc1cc2c(Nc3ccc(Br)cc3F)ncnc2cc1OCC1CCN(C)CC1
4230,COc1cc2c(c(OC)c1OC)-c1c(cc3c(c1OC)OCO3)C[C@@H](C)[C@](C)(O)C2
4231,COc1cc2c(c(OC)c1OC)-c1ccc(OC)c(=O)cc1[C@@H](NC(C)=O)CC2
4232,COc1cc2c(cc1N)oc1ccccc12
4233,COc1cc2c(cc1O)CCN[C@]21CS[C@@H]2c3c(OC(C)=O)c(C)c4c(c3[C@H](COC1=O)N1[C@@H]2[C@H]2c3c(cc(C)c(OC)c3O)C[C@@H]([C@@H]1O)N2C)OCO4
4234,COc1cc2c(cc1OC)-c1c/c(=N\c3c(C)cc(C)cc3C)n(C)c(=O)n1CC2
4235,COc1cc2c(cc1OC)-c1cc3ccc(OC)c(OC)c3c[n+]1CC2
4236,COc1cc2c(cc1OC)C(=O)C(CC1CCN(Cc3ccccc3)CC1)C2
4237,COc1cc2c(cc1OC)C(=O)CC2
4238,COc1cc2c(cc1OC)C(C(C(=O)N(CCc1ccc(OC)c(OC)c1OC)CCc1ccc(OC)c(OC)c1OC)c1ccccc1)=NCC2
4239,COc1cc2c(cc1OC)C1CC(=O)C(CC(C)C)CN1CC2
4240,COc1cc2c(cc1OC)CC(=O)N(CCCN(C)C[C@H]1Cc3cc(OC)c(OC)cc31)CC2
4241,COc1cc2c(cc1OC)CN(C(=O)[C@H](C)N[C@@H](CCc1ccccc1)C(=O)O)[C@H](C(=O)O)C2
4242,COc1cc2c(cc1OC)[C@@H](c1ccccc1)CN(C)CC2
4243,COc1cc2c(cc1OC)[C@@]13CCN4CC5=CCO[C@H]6CC(=O)N2[C@H]1[C@H]6[C@H]5C[C@H]43
4244,COc1cc2c3cc1Oc1cc(ccc1O)C[C@@H]1c4c(cc(OC)c(O)c4Oc4ccc(cc4)C[C@@H]3N(C)CC2)CC[N+]1(C)C
4245,COc1cc2nc(Cl)nc(N)c2cc1OC
4246,COc1cc2nc(N(C)CCCNC(=O)C3CCCO3)nc(N)c2cc1OC
4247,COc1cc2nc(N3CCN(C(=O)C4CCCO4)CC3)nc(N)c2cc1OC
4248,COc1cc2nc(N3CCN(C(=O)C4COc5ccccc5O4)CC3)nc(N)c2cc1OC
4249,COc1cc2nc(N3CCN(C(=O)c4ccco4)CC3)nc(N)c2cc1OC
4250,COc1cc2ncnc(Nc3ccc(F)c(Cl)c3)c2cc1OCCCN1CCOCC1
4251,COc1ccc(-c2cc(=O)c3c(O)cc(O[C@@H]4O[C@H](CO[C@@H]5O[C@@H](C)[C@H](O)[C@@H](O)[C@H]5O)[C@@H](O)[C@H](O)[C@H]4O)cc3o2)cc1O
4252,COc1ccc(-c2cc(=S)ss2)cc1
4253,COc1ccc(-c2cc(C(F)F)nn2-c2ccc(S(N)(=O)=O)cc2)cc1F
4254,COc1ccc(-c2ccc3cc(C(=O)O)ccc3c2)cc1C12CC3CC(CC(C3)C1)C2
4255,COc1ccc(-c2ccccc2)cc1NNC(=O)OC(C)C
4256,COc1ccc(-c2coc3cc(O)cc(O)c3c2=O)cc1
4257,COc1ccc(-c2coc3cc(O)ccc3c2=O)cc1
4258,COc1ccc(-c2nc3cc(C4=NNC(=O)CC4C)ccc3[nH]2)cc1
4259,COc1ccc(-c2noc(CC(=O)O)c2-c2ccc(OC)cc2)cc1
4260,COc1ccc(-n2nc(C(F)F)cc2-c2ccc(S(C)=O)cc2)cc1
4261,COc1ccc(/C(C)=C/C(=O)O)c(OC)c1
4262,COc1ccc(/C=C/C(=O)Nc2ccccc2C(=O)O)cc1OC
4263,COc1ccc(/C=C/C(=O)O)cc1
4264,COc1ccc(/C=N/NC(=O)c2ccncc2)cc1OC
4265,COc1ccc(/C=N\NC(=O)c2ccncc2)c(C(=O)O)c1OC
4266,COc1ccc(/N=N/c2cc(C)c(/N=N/c3ccc(S(=O)(=O)O)cc3)cc2OC)cc1
4267,COc1ccc(Br)c(C)c1
4268,COc1ccc(C(=O)CC(=O)c2ccc(C(C)(C)C)cc2)cc1
4269,COc1ccc(C(=O)CCC(=O)O)c2ccccc12
4270,COc1ccc(C(=O)N2CCCC2=O)cc1
4271,COc1ccc(C(=O)N2CCN(CC(=O)N3CCOCC3)CC2)cc1
4272,COc1ccc(C(=O)NCc2ccc(OCCN(C)C)cc2)cc1OC
4273,COc1ccc(C(=O)Nc2ccccc2)cc1[N+](=O)[O-]
4274,COc1ccc(C(=O)Nc2ccccc2CCC2CCCCN2C)cc1
4275,COc1ccc(C(=O)Nc2nc3ccccc3c(NCc3ccccc3)c2C#N)cc1
4276,COc1ccc(C(=O)c2c(C)n(CCN3CCOCC3)c3ccccc23)cc1
4277,COc1ccc(C(=O)c2ccc(C)cc2)c(O)c1
4278,COc1ccc(C(=O)c2ccc(OC)cc2O)c(O)c1
4279,COc1ccc(C(=O)c2cccc(O)c2)c(OC)c1
4280,COc1ccc(C(=O)c2ccccc2)c(O)c1
4281,COc1ccc(C(=O)c2ccccc2O)c(O)c1
4282,COc1ccc(C(C)=O)cc1
4283,COc1ccc(C(CN(C)C)C2(O)CCCCC2)cc1
4284,COc1ccc(C(Cl)=C(c2ccc(OC)cc2)c2ccc(OC)cc2)cc1
4285,COc1ccc(C(O)(c2cncnc2)C2CC2)cc1
4286,COc1ccc(C(c2ccc(OC)cc2)C(Cl)(Cl)Cl)cc1
4287,COc1ccc(C)cc1
4288,COc1ccc(C)cc1N
4289,COc1ccc(C)cc1[N+](=O)[O-]
4290,COc1ccc(C2C(=O)c3ccccc3C2=O)cc1
4291,COc1ccc(C2CNC(=O)C2)cc1OC1CCCC1
4292,COc1ccc(C2NC(=S)N3C(c4ccc(OC)c(OC)c4)NC(=S)N23)cc1OC
4293,COc1ccc(C=CC(=O)OCCC(C)C)cc1
4294,COc1ccc(C=CC(=O)c2ccc(OC)cc2OC)cc1
4295,COc1ccc(C=O)cc1
4296,COc1ccc(C=O)cc1O
4297,COc1ccc(C=O)cc1OC
4298,COc1ccc(CC2c3cc(OC)c(OC)cc3CC[N+]2(C)CCC(=O)OCCCCCOC(=O)CC[N+]2(C)CCc3cc(OC)c(OC)cc3C2Cc2ccc(OC)c(OC)c2)cc1OC
4299,COc1ccc(CCC(=O)c2c(O)cc(O[C@@H]3O[C@H](CO)[C@@H](O)[C@H](O)[C@H]3O[C@@H]3O[C@@H](C)[C@H](O)[C@@H](O)[C@H]3O)cc2O)cc1O
4300,COc1ccc(CCC(C)=O)cc1
4301,COc1ccc(CCN(C)CCCC(C#N)(c2cc(OC)c(OC)c(OC)c2)C(C)C)cc1OC
4302,COc1ccc(CCN(C)CCCC(C#N)(c2ccc(OC)c(OC)c2)C(C)C)cc1OC
4303,COc1ccc(CCN(C)CCCN2CCc3cc(OC)c(OC)cc3CC2=O)cc1OC
4304,COc1ccc(CCN2CCC(Nc3nc4ccccc4n3Cc3ccc(F)cc3)CC2)cc1
4305,COc1ccc(CCNCC(O)COc2cccc(C)c2)cc1OC
4306,COc1ccc(CCNC[C@H](O)c2ccc(O)cc2)cc1OC
4307,COc1ccc(CCO)cc1
4308,COc1ccc(CN(CCN(C)C)c2ccccn2)cc1
4309,COc1ccc(CN(CCN(C)C)c2ncccn2)cc1
4310,COc1ccc(CN2CCN(C(c3ccc(F)cc3)c3ccc(F)cc3)CC2)c(OC)c1OC
4311,COc1ccc(CN2CCNCC2)c(OC)c1OC
4312,COc1ccc(CNCC(O)COc2ccc3[nH]c(=O)ccc3c2)cc1OC
4313,COc1ccc(CO)cc1
4314,COc1ccc(COC(C)=O)cc1
4315,COc1ccc(COC=O)cc1
4316,COc1ccc(C[C@@H](C)NC[C@H](O)c2ccc(O)c(NC=O)c2)cc1
4317,COc1ccc(C[C@H](C)NC[C@@H](O)c2ccc(O)c(NC=O)c2)cc1
4318,COc1ccc(C[C@H](N)C(=O)N[C@H]2[C@@H](O)[C@H](n3cnc4c(N(C)C)ncnc43)O[C@@H]2CO)cc1
4319,COc1ccc(Cc2cnc(N)nc2N)cc1OC
4320,COc1ccc(Cc2nccc3cc(OC)c(OC)cc23)cc1OC
4321,COc1ccc(Cl)cc1C
4322,COc1ccc(Cl)cc1C(=O)NCCc1ccc(S(=O)(=O)NC(=O)NC2CCCCC2)cc1
4323,COc1ccc(Cl)cc1C(=O)NCCc1ccc(S(N)(=O)=O)cc1
4324,COc1ccc(N)c(C)c1
4325,COc1ccc(N)c(OC)c1
4326,COc1ccc(N)c([N+](=O)[O-])c1
4327,COc1ccc(N)cc1
4328,COc1ccc(N)cc1N
4329,COc1ccc(N=[N+]([O-])c2ccc(OC)cc2)cc1
4330,COc1ccc(NC(=O)CC(C)=O)cc1
4331,COc1ccc(NC(C)=O)cc1
4332,COc1ccc(NC(C)=O)cc1N
4333,COc1ccc(NS(=O)(=O)c2ccc(N)cc2)nn1
4334,COc1ccc(Nc2ccc(OC)cc2)cc1
4335,COc1ccc(Nc2ccccc2)c(C)c1
4336,COc1ccc(O)c(C(C)(C)C)c1
4337,COc1ccc(O)cc1
4338,COc1ccc(OC(=O)N(CC(=O)O)Cc2ccc(OCCc3nc(-c4ccccc4)oc3C)cc2)cc1
4339,COc1ccc(OC(F)(F)F)cc1CN[C@H]1CCCN[C@H]1c1ccccc1
4340,COc1ccc(OC)c(C(O)C(C)N)c1
4341,COc1ccc(OC)c(C(O)CNC(=O)CN)c1
4342,COc1ccc(OC)c(CC(C)N)c1
4343,COc1ccc(OC)c(C[C@H](C)N)c1
4344,COc1ccc(OC)c(Cl)c1
4345,COc1ccc(OC)c(NC(=O)CC(C)=O)c1
4346,COc1ccc(OC)c(OC)c1
4347,COc1ccc(OC)cc1
4348,COc1ccc(S(=O)(=O)N2C(=O)[C@@](c3ccccc3OC)(N3C[C@H](O)C[C@H]3C(=O)N(C)C)c3cc(Cl)ccc32)c(OC)c1
4349,COc1ccc(S(=O)(=O)N2c3ccc(Cl)cc3[C@@](O)(c3ccccc3Cl)[C@H]2C(=O)N2CCC[C@@H]2C(N)=O)cc1OC
4350,COc1ccc(S(=O)(=O)Nc2nnc(CC(C)C)s2)cc1
4351,COc1ccc([C@@H]2CC(=O)c3c(O)cc(O[C@@H]4O[C@H](CO[C@@H]5O[C@@H](C)[C@H](O)[C@@H](O)[C@H]5O)[C@@H](O)[C@H](O)[C@H]4O)cc3O2)cc1O
4352,COc1ccc([C@@H]2CC(=O)c3c(O)cc(O[C@@H]4O[C@H](CO[C@@H]5O[C@@H](C)[C@H](O)[C@@H](O)[C@H]5O)[C@@H](O)[C@H](O)[C@H]4O)cc3O2)cc1OC
4353,COc1ccc([C@@H]2Sc3ccccc3N(CCN(C)C)C(=O)[C@@H]2OC(C)=O)cc1
4354,COc1ccc([C@@H]2Sc3ccccc3NC(=O)[C@@H]2O)cc1
4355,COc1ccc([N+](=O)[O-])cc1N
4356,COc1ccc([N+](=O)[O-])cc1[N+](=O)[O-]
4357,COc1ccc2[nH]c(S(=O)Cc3ncc(C)c(OC)c3C)nc2c1
4358,COc1ccc2[nH]c(S(=O)Cc3ncc(C)c(OC)c3C)nc2n1
4359,COc1ccc2[nH]c(SCc3ncc(C)c(OC)c3C)nc2c1
4360,COc1ccc2[nH]cc(CCN(C(C)C)C(C)C)c2c1
4361,COc1ccc2[nH]cc(CCNC(C)=O)c2c1
4362,COc1ccc2c(=O)c(C)c(-c3ccccc3)oc2c1CN(C)C
4363,COc1ccc2c(C(=O)c3ccc(Cl)cc3)c(C)n(CC(=O)O)c2c1
4364,COc1ccc2c(C(=S)N(C)CC(=O)O)cccc2c1C(F)(F)F
4365,COc1ccc2c(c1)C(=O)N(CCc1ccc(S(=O)(=O)NC(=O)NC3CCCCC3)cc1)C(=O)C2(C)C
4366,COc1ccc2c(c1)CCCC2=O
4367,COc1ccc2c(c1)N(C[C@H](C)CN(C)C)c1ccccc1S2
4368,COc1ccc2c(c1)OC(C)(C)[C@@H](c1ccccc1)[C@@H]2c1ccc(OCCN2CCCC2)cc1
4369,COc1ccc2c(c1)[C@@]13CCCCC1[C@@H](C2)N(C)CC3
4370,COc1ccc2c(c1)c(CC(=O)O)c(C)n2C(=O)c1ccc(Cl)cc1
4371,COc1ccc2c(c1)c(CC(=O)OC/C=C(\C)CC/C=C(\C)CCC=C(C)C)c(C)n2C(=O)c1ccc(Cl)cc1
4372,COc1ccc2c(c1)c(CC(=O)OCC(=O)O)c(C)n2C(=O)c1ccc(Cl)cc1
4373,COc1ccc2c(c1)c1c3n2CCN(C)C3=NCC1
4374,COc1ccc2c(c1OC)C(=O)O[C@@H]2[C@H]1c2c(cc3c(c2OC)OCO3)CCN1C
4375,COc1ccc2c(c1OC)C(=O)O[C@@H]2[C@H]1c2cc3c(cc2CCN1C)OCO3
4376,COc1ccc2c(c1OC)C(=O)O[C@H]2[C@@H]1c2cc3c(cc2CCN1C)OCO3
4377,COc1ccc2c(c1OC)CN1CCc3cc4c(cc3C1C2)OCO4
4378,COc1ccc2c3c1O[C@H]1C(=O)CC[C@H]4[C@@H](C2)N(C)CC[C@]314
4379,COc1ccc2c3c1O[C@H]1C[C@@H](O)C=C[C@@]31CCN(C)C2
4380,COc1ccc2c3c1O[C@H]1[C@@H](O)C=C[C@H]4[C@@H](C2)N(C)CC[C@@]341
4381,COc1ccc2c3c1O[C@H]1[C@@H](O)C=C[C@H]4[C@@H](C2)NCC[C@@]341
4382,COc1ccc2c3c1O[C@H]1[C@H](O)CC[C@H]4[C@@H](C2)N(C)CC[C@@]341
4383,COc1ccc2cc(C=O)ccc2c1
4384,COc1ccc2cc(CCC(C)=O)ccc2c1
4385,COc1ccc2cc(S(=O)(=O)N[C@H](CC(=O)N[C@H](Cc3ccc(CN4[C@H](C)CCC[C@@H]4C)cc3)C(=O)N(C)C(C)C)c3ccc4c(c3)OCO4)ccc2c1
4386,COc1ccc2cc([C@H](C)C(=O)O)ccc2c1
4387,COc1ccc2cc([C@H](C)CO)ccc2c1
4388,COc1ccc2cc1Oc1cc3c(cc1OC)CC[N+](C)(C)[C@H]3Cc1ccc(cc1)Oc1c(OC)c(OC)cc3c1[C@@H](C2)[N+](C)(C)CC3
4389,COc1ccc2cc1Oc1ccc(cc1)C[C@H]1c3c(cc4c(c3Oc3cc5c(cc3OC)CCN(C)[C@@H]5C2)OCO4)CCN1C
4390,COc1ccc2cc3[n+](cc2c1OC)CCc1cc2c(cc1-3)OCO2
4391,COc1ccc2cccc(CCNC(C)=O)c2c1
4392,COc1ccc2ccccc2c1
4393,COc1ccc2nc(N)sc2c1
4394,COc1ccc2nc(NC(=O)Nc3ccccc3)sc2c1
4395,COc1ccc2sc(C(=O)Nc3nnn[nH]3)c(OC(C)C)c2c1
4396,COc1cccc(-c2ccc(/C=C\CN3CCCCCC3)cc2Cl)c1
4397,COc1cccc(Br)c1
4398,COc1cccc(C(=O)CCN[C@@H](C)[C@H](O)c2ccccc2)c1
4399,COc1cccc(C(=O)NN(C(=O)c2cc(C)cc(C)c2)C(C)(C)C)c1C
4400,COc1cccc(C=O)c1
4401,COc1cccc(CCc2ccccc2OCC(CN(C)C)OC(=O)CCC(=O)O)c1
4402,COc1cccc(N(C)C(=S)Oc2ccc3c(c2)CCCC3)n1
4403,COc1cccc(N)c1
4404,COc1cccc(O)c1O
4405,COc1cccc(OC)c1
4406,COc1cccc(OC)c1C(=O)N[C@@H]1C(=O)N2[C@@H]1SC(C)(C)[C@@H]2C(=O)O
4407,COc1cccc(OC)c1C(=O)O
4408,COc1cccc([C@@]2(O)CCCC[C@@H]2CN(C)C)c1
4409,COc1cccc([C@H](O)C2CCN(CCc3ccc(F)cc3)CC2)c1OC
4410,COc1cccc2c1C(=O)c1c(O)c3c(c(O)c1C2=O)C[C@@](O)(C(=O)CO)CC3OC1CC(N2CCOC(OC)C2)C(O)C(C)O1
4411,COc1cccc2c1C(=O)c1c(O)c3c(c(O)c1C2=O)C[C@@](O)(C(=O)CO)C[C@@H]3O[C@H]1C[C@H](N)[C@H](O)[C@H](C)O1
4412,COc1cccc2c1C(=O)c1c(O)c3c(c(O)c1C2=O)C[C@@](O)(C(=O)CO)C[C@@H]3O[C@H]1C[C@H](N)[C@H](O[C@@H]2CCCCO2)[C@H](C)O1
4413,COc1cccc2c1C(=O)c1c(O)c3c(c(O)c1C2=O)C[C@@](O)(C(C)=O)C[C@@H]3O[C@H]1C[C@H](N)[C@H](O)[C@H](C)O1
4414,COc1cccc2c1[C@@H]1CN(CCCCn3c(=O)[nH]c4c(sc5ncc(-c6ccccc6)nc54)c3=O)C[C@@H]1CO2
4415,COc1cccc2c1cc([N+](=O)[O-])c1c(C(=O)O)cc3c(c12)OCO3
4416,COc1cccc2sc(N)nc12
4417,COc1ccccc1/C=C/C=O
4418,COc1ccccc1/N=N/c1c(S(=O)(=O)O)cc2cc(S(=O)(=O)O)cc(NC(C)=O)c2c1O
4419,COc1ccccc1N
4420,COc1ccccc1N1CCN(CC(O)COc2cc(OC)c(OC)c(OC)c2)CC1
4421,COc1ccccc1N1CCN(CC(O)COc2cccc3ccccc23)CC1
4422,COc1ccccc1N1CCN(CCCC(=O)c2ccc(F)cc2)CC1
4423,COc1ccccc1N1CCN(CCCCNC(=O)c2ccc(-c3ccc(C(C)=O)cc3)cc2)CC1
4424,COc1ccccc1N1CCN(CCCNc2cc(=O)n(C)c(=O)n2C)CC1
4425,COc1ccccc1N1CCNCC1
4426,COc1ccccc1NC(=O)CC(C)=O
4427,COc1ccccc1NC(=O)c1cc2ccccc2cc1O
4428,COc1ccccc1O
4429,COc1ccccc1OC
4430,COc1ccccc1OC(=O)Oc1ccccc1OC
4431,COc1ccccc1OCC(O)CN1CCN(CC(=O)Nc2c(C)cccc2C)CC1
4432,COc1ccccc1OCC(O)CO
4433,COc1ccccc1OCC(O)COC(N)=O
4434,COc1ccccc1OCC1CNC(=O)O1
4435,COc1ccccc1OCCNCC(O)COc1cccc2[nH]c3ccccc3c12
4436,COc1ccccc1Oc1c(NS(=O)(=O)c2ccc(C(C)(C)C)cc2)nc(-c2ncccn2)nc1OCCO
4437,COc1ccccc1[N+](=O)[O-]
4438,COc1ccnc(CS(=O)c2nc3cc(OC(F)F)ccc3[nH]2)c1OC
4439,COc1ccnc2c1CCCCC2S(=O)c1nc2ccccc2[nH]1
4440,COc1cnc(NS(=O)(=O)c2ccc(N)cc2)nc1
4441,COc1cnc(OC)n2nc(NS(=O)(=O)c3c(OCC(F)F)cccc3C(F)(F)F)nc12
4442,COc1nc(C)nc(Cl)c1NC1=NCCN1
4443,COc1nc(C)nc(N)n1
4444,COc1nc(C)nc(NC(=O)NS(=O)(=O)c2ccccc2Cl)n1
4445,COc1nc(C)nc(NC(=O)NS(=O)(=O)c2ccccc2OCCCl)n1
4446,COc1nc(N)nc2c1ncn2[C@@H]1O[C@H](CO)[C@@H](O)[C@@H]1O
4447,COc1nc(N)nc2nc[nH]c12
4448,COc1nc(NC(C)C)nc(NC(C)C)n1
4449,COc1ncc(F)c2nc(S(=O)(=O)Nc3c(F)cccc3F)nn12
4450,COc1nccnc1NS(=O)(=O)c1ccc(N)cc1
4451,COc1ncnc(NS(=O)(=O)c2ccc(N)cc2)c1OC
4452,COc1nn(C(=O)NS(=O)(=O)c2ccccc2OC(F)(F)F)c(=O)n1C
4453,COc1nn(CSP(=S)(OC)OC)c(=O)s1
4454,CP(=O)(O)OCCC[Si](O)(O)O
4455,CS(=O)(=O)CCNCc1ccc(-c2ccc3ncnc(Nc4ccc(OCc5cccc(F)c5)c(Cl)c4)c3c2)o1
4456,CS(=O)(=O)Cl
4457,CS(=O)(=O)NC(=O)CCC/C=C\C[C@H]1C(=O)C[C@@H](O)[C@@H]1/C=C/[C@H](O)COc1ccccc1
4458,CS(=O)(=O)NC(=O)c1cc(Oc2ccc(C(F)(F)F)cc2Cl)ccc1[N+](=O)[O-]
4459,CS(=O)(=O)Nc1cc2occ(NC=O)c(=O)c2cc1Oc1ccccc1
4460,CS(=O)(=O)Nc1ccc([N+](=O)[O-])cc1Oc1ccccc1
4461,CS(=O)(=O)O
4462,CS(=O)(=O)OCC(O)C(O)COS(C)(=O)=O
4463,CS(=O)(=O)OCCCCOS(C)(=O)=O
4464,CS(=O)(=O)c1cc(C(F)(F)F)ccc1C(=O)c1cnoc1C1CC1
4465,CS(=O)(=O)c1ccc(-c2cn3ccccc3n2)cc1
4466,CS(=O)(=O)c1ccc(C(=O)C2C(=O)CCCC2=O)c(Cl)c1COCC(F)(F)F
4467,CS(=O)(=O)c1ccc(C(=O)C2C(=O)CCCC2=O)c([N+](=O)[O-])c1
4468,CS(=O)(=O)c1ccc(C2=C(c3ccccc3)C(=O)OC2)cc1
4469,CS(=O)(=O)c1ccc(Cl)cc1
4470,CS(=O)(=O)c1ccc([C@@H](CC2CCCC2)C(=O)Nc2cnccn2)cc1Cl
4471,CS(=O)(=O)c1ccc([C@@H](C[C@H]2CCC(=O)C2)C(=O)Nc2cnccn2)cc1Cl
4472,CS(=O)(=O)c1ccc([C@@H](O)[C@@H](CF)NC(=O)C(Cl)Cl)cc1
4473,CS(=O)(=O)c1ccc([C@@H](O)[C@@H](CO)NC(=O)C(Cl)Cl)cc1
4474,CS(=O)(=O)c1ccc([C@@H](O)[C@@H](COC(=O)CN)NC(=O)C(Cl)Cl)cc1
4475,CS(C)=O
4476,CS/C(C)=N/OC(=O)N(C)SN(C)C(=O)O/N=C(\C)SC
4477,CSC(=O)c1c(C(F)F)nc(C(F)(F)F)c(C(=O)SC)c1CC(C)C
4478,CSC(=O)c1cccc2nnsc12
4479,CSC(C)(C)/C=N\O
4480,CSC1=N[C@@](C)(c2ccccc2)C(=O)N1Nc1ccccc1
4481,CSCCC=O
4482,CSCCCN=C=S
4483,CSCC[C@H](NC(=O)[C@H](Cc1c[nH]c2ccccc12)NC(=O)CCNC(=O)OC(C)(C)C)C(=O)N[C@@H](CC(=O)O)C(=O)N[C@@H](Cc1ccccc1)C(N)=O
4484,CSCC[C@H](NC(=O)[C@H](Cc1ccc(OS(=O)(=O)O)cc1)NC(=O)[C@@H](N)CC(=O)O)C(=O)NCC(=O)N[C@@H](Cc1c[nH]c2ccccc12)C(=O)N[C@@H](CCSC)C(=O)N[C@@H](CC(=O)O)C(=O)N[C@@H](Cc1ccccc1)C(N)=O
4485,CSSC
4486,CSSc1ccoc1C
4487,CSc1c(Cl)c(Cl)c(Cl)c(Cl)c1Cl
4488,CSc1ccc(/C=C2/C(C)=C(CC(=O)O)c3cc(F)ccc32)cc1
4489,CSc1ccc(C(=O)C(C)(C)N2CCOCC2)cc1
4490,CSc1ccc(C(=O)c2[nH]c(=O)[nH]c2C)cc1
4491,CSc1ccc(C=O)cc1
4492,CSc1ccc(Cl)cc1
4493,CSc1ccc(Oc2ccc(S(N)(=O)=O)cc2CN(C)C)cc1C
4494,CSc1ccc2c(c1)C(N1CCN(C)CC1)Cc1ccccc1S2
4495,CSc1ccc2c(c1)N(CCC1CCCCN1C)c1ccccc1S2
4496,CSc1cnccn1
4497,CSc1nc(N=[N+]=[N-])nc(NC(C)C)n1
4498,CSc1nc(NC(C)C)nc(NC(C)C)n1
4499,CSc1nc(NC2CC2)nc(NC(C)(C)C)n1
4500,CSc1nc2cc(Cl)c(Oc3cccc(Cl)c3Cl)cc2[nH]1
4501,CSc1nnc(C(C)(C)C)c(=O)n1N
4502,C[As](C)(=O)O
4503,C[C@@H](C1=C(CCN(C)C)Cc2ccccc21)c1ccccn1
4504,C[C@@H](CN(C)C)CN1c2ccccc2Sc2ccccc21
4505,C[C@@H](CN1CC(=O)NC(=O)C1)N1CC(=O)NC(=O)C1
4506,C[C@@H](CO)NC(=O)[C@@H]1C=C2c3cccc4[nH]cc(c34)C[C@H]2N(C)C1
4507,C[C@@H](CSC(=O)c1ccccc1)C(=O)N1C[C@@H](Sc2ccccc2)C[C@H]1C(=O)O
4508,C[C@@H](Cc1ccccc1)N(C)C
4509,C[C@@H](Cc1ccccc1)NCCC(c1ccccc1)c1ccccc1
4510,C[C@@H](N)C(=O)O
4511,C[C@@H](N)C(=O)c1ccccc1
4512,C[C@@H](N)[C@@H](O)c1ccccc1
4513,C[C@@H](NCCCc1cccc(C(F)(F)F)c1)c1cccc2ccccc12
4514,C[C@@H](O)C(=O)O
4515,C[C@@H](O)[C@H](N)C(=O)O
4516,C[C@@H](O)[C@H]1C(=O)N2C(C(=O)O)=C(SCCNC=N)C[C@H]12
4517,C[C@@H](O)[C@H]1C(=O)N2C(C(=O)O)=C(S[C@@H]3CN[C@H](C(=O)N(C)C)C3)[C@H](C)[C@H]12
4518,C[C@@H](O)[C@H]1C(=O)N2C(C(=O)O)=C(S[C@@H]3CN[C@H](CNS(N)(=O)=O)C3)[C@H](C)[C@H]12
4519,C[C@@H](O)[C@H]1C(=O)N2C(C(=O)O)=C([C@H]3CCCO3)S[C@H]12
4520,C[C@@H](O)[C@H]1C(=O)N2C(C(=O)[O-])=C(SC3Cn4cnc[n+]4C3)[C@H](C)[C@H]12
4521,C[C@@H](O[C@H]1OCCN(CC2=NC(=O)N=N2)[C@H]1C1CCC(F)CC1)c1cc(C(F)(F)F)cc(C(F)(F)F)c1
4522,C[C@@H](Oc1ccc(CNC(=O)c2cccnc2Oc2ccc3c(c2)OCO3)c(F)c1)C(=O)O
4523,C[C@@H]([C@H](O)c1ccccc1)N(C)C
4524,C[C@@H](c1ncncc1F)[C@](O)(Cn1cncn1)c1ccc(F)cc1F
4525,C[C@@H]1C(=O)N=C2Nc3cccc(Cl)c3CN21
4526,C[C@@H]1CC(=O)NN=C1c1ccc(NN=C(C#N)C#N)cc1
4527,C[C@@H]1CC2(OC3C[C@@]4(C)C5=CC[C@H]6C(C)(C)C(O[C@@H]7OC[C@@H](O)[C@H](O)[C@H]7O)CC[C@@]67C[C@@]57CC[C@]4(C)C31)OC(O)C1(C)OC21
4528,C[C@@H]1CC2=CC(=O)CC[C@@H]2[C@H]2CC[C@@]3(C)[C@@H](CC[C@]3(C)O)[C@@H]21
4529,C[C@@H]1CC=CC=CC=CC=C[C@H](O[C@@H]2O[C@H](C)[C@@H](O)[C@H](N)[C@@H]2O)C[C@@H]2O[C@](O)(C[C@@H](O)C[C@H]3O[C@@H]3C=CC(=O)O1)C[C@H](O)[C@H]2C(=O)O
4530,C[C@@H]1CCC[C@H](C)N1
4531,C[C@@H]1CCC[C@H](C)N1CCCC(O)(c1ccccc1)c1ccccn1
4532,C[C@@H]1CCN(C(=O)[C@H](CCCNC(=N)N)NS(=O)(=O)c2cccc3c2NC[C@H](C)C3)[C@@H](C(=O)O)C1
4533,C[C@@H]1CC[C@@]2(OC1)O[C@H]1C[C@H]3[C@@H]4CC[C@H]5C[C@@H](O)CC[C@]5(C)[C@H]4CC(=O)[C@]3(C)[C@H]1[C@@H]2C
4534,C[C@@H]1CC[C@@]2(OC1)O[C@H]1[C@@H](O)[C@H]3[C@@H]4CC[C@H]5C[C@@H](O[C@@H]6O[C@H](CO)[C@H](O[C@@H]7O[C@H](CO)[C@@H](O)[C@H](O[C@@H]8OC[C@@H](O)[C@H](O)[C@H]8O)[C@H]7O[C@@H]7O[C@H](CO)[C@@H](O)[C@H](O[C@@H]8O[C@H](CO)[C@@H](O)[C@H](O)[C@H]8O)[C@H]7O)[C@H](O)[C@H]6O)[C@H](O)C[C@]5(C)[C@H]4CC[C@]3(C)[C@H]1[C@@H]2C
4535,C[C@@H]1CC[C@H]2C(C)(C)[C@H]3C[C@@]12CC[C@@]3(C)O
4536,C[C@@H]1CC[C@H]2[C@@H](C)C(=O)O[C@@H]3O[C@]4(C)CC[C@@H]1C32OO4
4537,C[C@@H]1CN(CCCn2c3ccccc3c3ccccc32)C[C@H](C)N1
4538,C[C@@H]1CN([C@H]2CC[C@](C#N)(c3ccc(F)cc3)CC2)CC[C@]1(C(=O)O)c1ccccc1
4539,C[C@@H]1CN(c2c(F)c(F)c3c(=O)c(C(=O)O)cn(C4CC4)c3c2F)C[C@H](C)N1
4540,C[C@@H]1CN(c2c(F)c(N)c3c(=O)c(C(=O)O)cn(C4CC4)c3c2F)C[C@H](C)N1
4541,C[C@@H]1C[C@@H]([C@H](O)CC2CC(=O)NC(=O)C2)C(=O)[C@@H](C)C1
4542,C[C@@H]1C[C@H]2C3C[C@H](F)C4=CC(=O)C=CC4(C)[C@@]3(F)[C@@H](O)CC2(C)[C@@]1(O)C(=O)COC(=O)C(C)(C)C
4543,C[C@@H]1C[C@H]2[C@@H]3CCC4=CC(=O)C=C[C@]4(C)[C@@]3(Cl)[C@@H](O)C[C@]2(C)[C@@]1(OC(=O)c1ccco1)C(=O)CCl
4544,C[C@@H]1C[C@H]2[C@@H]3CCC4=CC(=O)C=C[C@]4(C)[C@@]3(F)[C@@H](O)C[C@]2(C)[C@@]1(O)C(=O)CO
4545,C[C@@H]1C[C@H]2[C@@H]3CCC4=CC(=O)C=C[C@]4(C)[C@@]3(F)[C@@H](O)C[C@]2(C)[C@@]1(O)C(=O)COC(=O)c1cccc(S(=O)(=O)O)c1
4546,C[C@@H]1C[C@H]2[C@@H]3CCC4=CC(=O)C=C[C@]4(C)[C@@]3(F)[C@@H](O)C[C@]2(C)[C@@]1(O)C(=O)COC(=O)c1ccncc1
4547,C[C@@H]1C[C@H]2[C@@H]3CCC4=CC(=O)C=C[C@]4(C)[C@@]3(F)[C@@H](O)C[C@]2(C)[C@@]1(O)C(=O)COP(=O)(O)O
4548,C[C@@H]1C[C@H]2[C@@H]3CCC4=CC(=O)C=C[C@]4(C)[C@@]3(F)[C@@H](O)C[C@]2(C)[C@H]1C(=O)CO
4549,C[C@@H]1C[C@H]2[C@@H]3C[C@H](F)C4=CC(=O)C(Cl)=C[C@]4(C)[C@@]3(F)[C@@H](O)C[C@]2(C)[C@@]1(O)C(=O)CO
4550,C[C@@H]1C[C@H]2[C@@H]3C[C@H](F)C4=CC(=O)C=C[C@]4(C)[C@@]3(Cl)[C@@H](O)C[C@]2(C)[C@H]1C(=O)COC(=O)C(C)(C)C
4551,C[C@@H]1C[C@H]2[C@@H]3C[C@H](F)C4=CC(=O)C=C[C@]4(C)[C@@]3(F)[C@@H](O)C[C@]2(C)[C@@]1(O)C(=O)CO
4552,C[C@@H]1NC(=O)[C@@H](N)CNC(=O)[C@H]([C@@H]2CCNC(N)=N2)NC(=O)/C(=C/NC(N)=O)NC(=O)[C@H](CNC(=O)C[C@@H](N)CCCN)NC1=O
4553,C[C@@H]1O[C@@H](OC[C@H]2O[C@@H](Oc3c(-c4ccc(O)c(O)c4)oc4cc(O)cc(O)c4c3=O)[C@H](O)[C@@H](O)[C@@H]2O)[C@H](O)[C@H](O)[C@H]1O
4554,C[C@@H]1O[C@@H](OC[C@H]2O[C@@H](Oc3c(-c4ccc(OCCO)c(OCCO)c4)oc4cc(OCCO)cc(O)c4c3=O)[C@H](O)[C@@H](O)[C@@H]2O)[C@H](O)[C@H](O)[C@H]1O
4555,C[C@@H]1O[C@@H](O[C@@H]2C=C3CC[C@@H]4[C@H](CC[C@]5(C)[C@@H](c6ccc(=O)oc6)CC[C@]45O)[C@@]3(C)CC2)[C@H](O)[C@H](O)[C@H]1O
4556,C[C@@H]1O[C@@H](O[C@@H]2[C@@H](O)[C@H](OCCc3ccc(O)c(O)c3)O[C@H](CO[C@@H]3O[C@H](CO)[C@@H](O)[C@H](O)[C@H]3O)[C@H]2OC(=O)/C=C/c2ccc(O)c(O)c2)[C@H](O)[C@H](O)[C@H]1O
4557,C[C@@H]1O[C@@H](O[C@H]2C[C@@H](O)[C@]3(CO)[C@H]4[C@H](O)C[C@]5(C)[C@@H](C6=CC(=O)OC6)CC[C@]5(O)[C@@H]4CC[C@]3(O)C2)[C@H](O)[C@H](O)[C@H]1O
4558,C[C@@H]1O[C@@H]1P(=O)(O)O
4559,C[C@@H]1[C@@H]2Cc3ccc(O)cc3[C@@]1(C)CCN2CC1CC1
4560,C[C@@H]1[C@@H]2Cc3ccc(O)cc3[C@@]1(C)CCN2CCc1ccccc1
4561,C[C@@H]1[C@H](O)[C@@H](C)C=CC=CC=CC=CC=CC=CC=C[C@H](O[C@@H]2O[C@H](C)[C@@H](O)[C@H](N)[C@@H]2O)C[C@@H]2O[C@](O)(C[C@@H](O)C[C@@H](O)[C@H](O)CC[C@@H](O)C[C@@H](O)CC(=O)O[C@H]1C)C[C@H](O)[C@H]2C(=O)O
4562,C[C@@H]1[C@H](O)[C@@H](C)C=CC=CCCC=CC=CC=CC=C[C@H](O[C@H]2O[C@@H](C)[C@H](O)[C@@H](N)[C@H]2O)CC2O[C@](O)(C[C@@H](O)[C@H](O)CC[C@@H](O)C[C@@H](O)C[C@@H](O)CC(=O)O[C@H]1C)C[C@H](O)[C@H]2C(=O)O
4563,C[C@@H]1[C@H]2Cc3ccc(O)cc3[C@]1(C)CCN2C
4564,C[C@@]12C(=O)OC(=O)[C@]1(C)C1CCC2O1
4565,C[C@@]12CCC[C@H]1[C@@H]1CC[C@H]3C[C@@H](O)CC[C@]3(C)[C@H]1CC2
4566,C[C@H](/C=C/[C@H](C)C(C)(C)O)[C@H]1CC[C@H]2/C(=C/C=C3C[C@@H](O)C[C@H](O)C3)CCC[C@]12C
4567,C[C@H](C(=O)O)c1cccc(Oc2ccccc2)c1
4568,C[C@H](CCC(=O)NCC(=O)O)[C@H]1CC[C@H]2[C@@H]3[C@H](O)C[C@@H]4C[C@H](O)CC[C@]4(C)[C@H]3C[C@H](O)[C@]12C
4569,C[C@H](CCC(=O)O)[C@H]1CC[C@H]2[C@@H]3C(=O)C[C@@H]4CC(=O)CC[C@]4(C)[C@H]3CC(=O)[C@]12C
4570,C[C@H](CCC(=O)O)[C@H]1CC[C@H]2[C@@H]3CC[C@@H]4C[C@H](O)CC[C@]4(C)[C@H]3CC[C@]12C
4571,C[C@H](CCC(=O)O)[C@H]1CC[C@H]2[C@@H]3CC[C@@H]4C[C@H](O)CC[C@]4(C)[C@H]3C[C@H](O)[C@]12C
4572,C[C@H](CCC(=O)O)[C@H]1CC[C@H]2[C@@H]3[C@H](O)C[C@@H]4C[C@H](O)CC[C@]4(C)[C@H]3CC[C@]12C
4573,C[C@H](CCC(=O)O)[C@H]1CC[C@H]2[C@@H]3[C@H](O)C[C@@H]4C[C@H](O)CC[C@]4(C)[C@H]3C[C@H](O)[C@]12C
4574,C[C@H](CN1CCCC1)C(=O)c1ccc(C(F)(F)F)cc1
4575,C[C@H](CN1CCOCC1)C(C(=O)N1CCCC1)(c1ccccc1)c1ccccc1
4576,C[C@H](CS)C(=O)N1CCC[C@H]1C(=O)O
4577,C[C@H](CSC(=O)c1ccccc1)C(=O)N1C[C@@H](Sc2ccccc2)C[C@H]1C(=O)O
4578,C[C@H](Cc1ccc(O)c(O)c1)[C@@H](C)Cc1ccc(O)c(O)c1
4579,C[C@H](N)C(=O)N[C@@H](C)C(=O)N[C@@]1(C)[C@@H]2CN(c3nc4c(cc3F)c(=O)c(C(=O)O)cn4-c3ccc(F)cc3F)C[C@@H]21
4580,C[C@H](N)C(=O)c1ccccc1
4581,C[C@H](N)[C@H](O)c1ccc(O)c(O)c1
4582,C[C@H](N)[C@H](O)c1cccc(O)c1
4583,C[C@H](NCCc1ccc(O)cc1)[C@H](O)c1ccc(O)cc1
4584,C[C@H](N[C@H](CCc1ccccc1)C(=O)O)C(=O)N1CCC[C@H]1C(=O)O
4585,C[C@H](O)C(=O)Nc1c(I)c(C(=O)NC(CO)CO)c(I)c(C(=O)NC(CO)CO)c1I
4586,C[C@H]1C(=O)O[C@@H]2CCN3CC=C(COC(=O)[C@](C)(O)[C@]1(C)O)[C@H]23
4587,C[C@H]1CCCC(=O)CCCC=Cc2cc(O)cc(O)c2C(=O)O1
4588,C[C@H]1CCC[C@H](O)CCCCCc2cc(O)cc(O)c2C(=O)O1
4589,C[C@H]1CC[C@@H]2[C@@H](C)[C@H]3[C@H](C[C@H]4[C@@H]5CC=C6CC(O[C@@H]7O[C@H](CO)[C@H](O)[C@H](O[C@@H]8O[C@H](CO)[C@@H](O)[C@H](O)[C@H]8O)[C@H]7O[C@H]7O[C@@H](C)[C@H](O)[C@@H](O)[C@H]7O)CC[C@]6(C)[C@H]5CC[C@]34C)N2C1
4590,C[C@H]1CC[C@]2(NC1)O[C@H]1C[C@H]3[C@@H]4CC[C@H]5C[C@@H](O)CC[C@]5(C)[C@H]4CC[C@]3(C)[C@H]1[C@@H]2C
4591,C[C@H]1CC[C@]2(NC1)O[C@H]1C[C@H]3[C@@H]4CC[C@H]5C[C@@H](O[C@@H]6O[C@H](CO)[C@H](O[C@@H]7O[C@H](CO)[C@@H](O)[C@H](O[C@@H]8OC[C@@H](O)[C@H](O)[C@H]8O)[C@H]7O[C@@H]7O[C@H](CO)[C@@H](O)[C@H](O)[C@H]7O)[C@H](O)[C@H]6O)CC[C@]5(C)[C@H]4CC[C@]3(C)[C@H]1[C@@H]2C
4592,C[C@H]1CNCCc2ccc(Cl)cc21
4593,C[C@H]1COc2c(C3(N)CC3)c(F)cc3c(=O)c(C(=O)O)cn1c23
4594,C[C@H]1C[C@@H](O)CC(C)(C)C1
4595,C[C@H]1C[C@@H]2[C@H]([C@@H](O)C[C@@]3(C)[C@H]2CC[C@]3(O)C(=O)CO)[C@@]2(C)C=CC(=O)C=C12
4596,C[C@H]1C[C@@H]2[C@H]([C@@H](O)C[C@@]3(C)[C@H]2CC[C@]3(O)C(=O)COC(=O)CCC(=O)O)[C@@]2(C)C=CC(=O)C=C12
4597,C[C@H]1C[C@H](O)c2ccsc2S1(=O)=O
4598,C[C@H]1C[C@H]2[C@@H]3CCC4=CC(=O)C=C[C@]4(C)[C@@]3(Cl)[C@@H](O)C[C@]2(C)[C@@]1(O)C(=O)CO
4599,C[C@H]1C[C@H]2[C@@H]3CCC4=CC(=O)C=C[C@]4(C)[C@@]3(F)[C@@H](O)C[C@]2(C)[C@@]1(O)C(=O)CO
4600,C[C@H]1C[C@H]2[C@@H]3CCC4=CC(=O)C=C[C@]4(C)[C@@]3(F)[C@@H](O)C[C@]2(C)[C@@]1(O)C(=O)COP(=O)(O)O
4601,C[C@H]1C[C@H]2[C@@H]3CCC4=CC(=O)C=C[C@]4(C)[C@H]3C(=O)C[C@]2(C)[C@@]1(O)C(=O)CO
4602,C[C@H]1N=C(N)O[C@H]1c1ccccc1
4603,C[C@H]1NCc2cc(-c3ccc4c(=O)c(C(=O)O)cn(C5CC5)c4c3OC(F)F)ccc21
4604,C[C@H]1O[C@@H](O[C@H]2CC[C@@]3(C)[C@H](CC[C@@H]4[C@@H]3C[C@@H](O)[C@]3(C)[C@@H](C5=CC(=O)OC5)CC[C@]43O)C2)C[C@H](O)[C@@H]1O[C@H]1C[C@H](O)[C@H](O[C@H]2C[C@H](O)[C@H](O[C@@H]3O[C@H](CO)[C@@H](O)[C@H](O)[C@H]3O)[C@@H](C)O2)[C@@H](C)O1
4605,C[C@H]1O[C@@H](O[C@H]2[C@@H](O)C[C@H](O[C@H]3[C@@H](O)C[C@H](O[C@H]4CC[C@@]5(C)[C@H](CC[C@@H]6[C@@H]5CC[C@]5(C)[C@@H](C7=CC(=O)OC7)CC[C@]65O)C4)O[C@@H]3C)O[C@@H]2C)C[C@H](O)[C@@H]1O
4606,C[C@H]1O[C@@H](O[C@H]2[C@@H](O)C[C@H](O[C@H]3[C@@H](O)C[C@H](O[C@H]4CC[C@@]5(C)[C@H](CC[C@@H]6[C@@H]5C[C@@H](O)[C@]5(C)[C@@H](C7=CC(=O)OC7)CC[C@]65O)C4)O[C@@H]3C)O[C@@H]2C)C[C@H](O)[C@@H]1O
4607,C[C@H]1O[C@@H](n2cc(F)c(=O)[nH]c2=O)[C@H](O)[C@@H]1O
4608,C[C@H]1O[C@H](O[C@H]2[C@H](O)[C@@H](O)[C@@H](O)[C@H](O)[C@@H]2O)[C@@H](N)C[C@@H]1NC(=N)C(=O)O
4609,C[C@H]1O[C@H](O[C@H]2[C@H](O)[C@@H](O)[C@@H](O[C@H]3[C@H](O)[C@@H](O)[C@H](O)O[C@@H]3CO)O[C@@H]2CO)[C@H](O)[C@@H](O)[C@@H]1N[C@H]1C=C(CO)[C@@H](O)[C@H](O)[C@H]1O
4610,C[C@H]1[C@@H](c2ccccc2)N=C(O)N1C
4611,C[C@H]1[C@@H]2Cc3ccc(O)cc3[C@@]1(C)CCN2C
4612,C[C@H]1[C@H](NC(=O)C(=NOC(C)(C)C(=O)O)c2csc(N)n2)C(=O)N1S(=O)(=O)O
4613,C[C@H]1[C@H](OC(=O)CCC(=O)O)O[C@@H]2O[C@]3(C)CC[C@H]4[C@H](C)CC[C@@H]1C24OO3
4614,C[C@H]1[C@H](c2ccc(Cl)cc2)SC(=O)N1C(=O)NC1CCCCC1
4615,C[C@H]1[C@H]2CC[C@H]3[C@@H]4CC=C5C[C@@H](N(C)C)CC[C@]5(C)[C@H]4CC[C@]23CN1C
4616,C[C@H]1[C@H]2Cc3ccc(O)cc3[C@]1(C)CCN2CCc1ccccc1
4617,C[C@H]1c2cccc(O)c2C(=O)C2=C(O)[C@]3(O)C(=O)C(C(N)=O)=C(O)[C@@H](N(C)C)[C@@H]3[C@@H](O)[C@@H]21
4618,C[C@](N)(Cc1ccc(O)c(O)c1)C(=O)O
4619,C[C@](N)(Cc1ccc(O)cc1)C(=O)O
4620,C[C@](O)(CS(=O)(=O)c1ccc(F)cc1)C(=O)Nc1ccc(C#N)c(C(F)(F)F)c1
4621,C[C@]1(Cn2ccnn2)[C@H](C(=O)O)N2C(=O)C[C@H]2S1(=O)=O
4622,C[C@]1(O)CC[C@H]2[C@@H]3CCC4=CC(=O)CC[C@]4(C)[C@@]3(F)[C@@H](O)C[C@@]21C
4623,C[C@]12C(=O)OC(=O)[C@H]1[C@H]1C=C[C@@H]2C1
4624,C[C@]12C/C(=C/O)C(=O)C[C@@H]1CC[C@@H]1[C@@H]2CC[C@@]2(C)[C@H]1CC[C@]2(C)O
4625,C[C@]12C=CC(=O)C=C1CC[C@@H]1[C@@H]2C(=O)C[C@@]2(C)[C@H]1CC[C@]2(O)C(=O)CO
4626,C[C@]12C=CC(=O)C=C1CC[C@@H]1[C@@H]2CC[C@@]2(C)[C@H]1CC[C@]2(C)O
4627,C[C@]12C=CC(=O)C=C1CC[C@@H]1[C@@H]2CC[C@]2(C)OC(=O)CC[C@@H]12
4628,C[C@]12C=CC(=O)C=C1CC[C@@H]1[C@@H]2[C@@H](O)C[C@@]2(C)[C@H]1CC[C@]2(O)C(=O)CO
4629,C[C@]12C=CC(=O)C=C1CC[C@@H]1[C@@H]2[C@@H](O)C[C@@]2(C)[C@H]1CC[C@]2(O)C(=O)COC(=O)CCC(=O)O
4630,C[C@]12C=CC(=O)C=C1CC[C@H]1[C@@H]3C[C@@H](O)[C@](O)(C(=O)CO)[C@@]3(C)C[C@H](O)[C@@]12F
4631,C[C@]12C=CC(=O)C=C1[C@@H](F)C[C@@H]1[C@@H]2[C@@H](O)C[C@@]2(C)[C@H]1CC[C@]2(O)C(=O)CO
4632,C[C@]12C=CC(=O)N[C@@H]1CC[C@@H]1[C@@H]2CC[C@]2(C)[C@@H](C(=O)Nc3cc(C(F)(F)F)ccc3C(F)(F)F)CC[C@@H]12
4633,C[C@]12C=CC3=C4CCC(=O)C=C4CC[C@H]3[C@@H]1CC[C@@H]2O
4634,C[C@]12CCC(=O)C(O)=C1CC[C@@H]1[C@@H]2CC[C@]2(C)C(=O)CC[C@@H]12
4635,C[C@]12CCC(=O)C=C1C=C[C@@H]1[C@@H]2CC[C@@]2(C)[C@H]1CC[C@@]2(O)CCC(=O)O
4636,C[C@]12CCC(=O)C=C1C=C[C@@H]1[C@@H]2CC[C@@]2(C)[C@H]1CC[C@@]21CCC(=O)O1
4637,C[C@]12CCC(=O)C=C1CC[C@@H]1[C@@H]2C(=O)C[C@@]2(C)[C@H]1CC[C@]2(O)C(=O)CO
4638,C[C@]12CCC(=O)C=C1CC[C@@H]1[C@@H]2CC[C@@]2(C)[C@H]1CC[C@]2(C)O
4639,C[C@]12CCC(=O)C=C1CC[C@@H]1[C@@H]2CC[C@@]2(C)[C@H]1CC[C@]2(O)C(=O)CO
4640,C[C@]12CCC(=O)C=C1CC[C@@H]1[C@@H]2CC[C@]2(C)C(=O)CC[C@@H]12
4641,C[C@]12CCC(=O)C=C1CC[C@@H]1[C@@H]2[C@@H](O)C[C@@]2(C)[C@H]1CC[C@]2(O)C(=O)CO
4642,C[C@]12CCC(=O)C=C1CC[C@@H]1[C@@H]2[C@@H](O)C[C@@]2(C)[C@H]1CC[C@]2(O)C(=O)COC(=O)CCC(=O)O
4643,C[C@]12CCC(=O)C=C1CC[C@@H]1[C@@H]2[C@@H](O)C[C@@]2(C)[C@H]1CC[C@]2(O)C(=O)COP(=O)(O)O
4644,C[C@]12CCC(=O)C=C1CC[C@H]1[C@@H]3CC[C@](O)(C(=O)CO)[C@@]3(C)C[C@H](O)[C@@]12F
4645,C[C@]12CCC(=O)C=C1[C@@H]1C[C@@H]1[C@H]1[C@@H]3[C@@H]4C[C@@H]4[C@@]4(CCC(=O)O4)[C@@]3(C)CC[C@@H]12
4646,C[C@]12CCC(=O)C[C@@H]1CC[C@@H]1[C@@H]2CC[C@@]2(C)[C@H]1CC[C@]2(C)O
4647,C[C@]12CCC(=O)C[C@@H]1CC[C@@H]1[C@@H]2CC[C@]2(C)C=CC[C@@H]12
4648,C[C@]12CCC(=O)C[C@@H]1CC[C@@H]1[C@@H]2CC[C@]2(C)[C@@H](O)CC[C@@H]12
4649,C[C@]12CC[C@@H]3c4ccc(O)cc4CC[C@H]3[C@@H]1CCC2=O
4650,C[C@]12CC[C@@H]3c4ccc(O)cc4CC[C@H]3[C@@H]1CC[C@@H]2O
4651,C[C@]12CC[C@@H]3c4ccc(O)cc4CC[C@H]3[C@@H]1CC[C@@H]2OC(=O)CCC1CCCC1
4652,C[C@]12CC[C@@H]3c4ccc(O)cc4CC[C@H]3[C@@H]1CC[C@@H]2OP(=O)(O)O
4653,C[C@]12CC[C@@H]3c4ccc(O)cc4CC[C@H]3[C@@H]1CC[C@H]2O
4654,C[C@]12CC[C@@H]3c4ccc(O)cc4CC[C@H]3[C@@H]1C[C@@H](O)[C@@H]2O
4655,C[C@]12CC[C@@H]3c4ccc(O)cc4C[C@@H](CCCCCCCCCS(=O)CCCC(F)(F)C(F)(F)F)[C@H]3[C@@H]1CC[C@@H]2O
4656,C[C@]12CC[C@@H]3c4ccc(OC(=O)N(CCCl)CCCl)cc4CC[C@H]3[C@@H]1CC[C@@H]2O
4657,C[C@]12CC[C@@H]3c4ccc(OC(=O)N(CCCl)CCCl)cc4CC[C@H]3[C@@H]1CC[C@@H]2OP(=O)(O)O
4658,C[C@]12CC[C@@H]3c4ccc(OC(=O)c5ccccc5)cc4CC[C@H]3[C@@H]1CC[C@@H]2O
4659,C[C@]12CC[C@@H]3c4ccc(OS(=O)(=O)O)cc4CC[C@H]3[C@@H]1CCC2=O
4660,C[C@]12CC[C@H](O)CC1=CC[C@@H]1[C@@H]2CC[C@]2(C)C(=O)CC[C@@H]12
4661,C[C@]12CC[C@H](O)C[C@H]1CC[C@@H]1[C@@H]2CC[C@]2(C)[C@@H](c3ccc(=O)oc3)C[C@H]3O[C@]132
4662,C[C@]12CC[C@H](OS(=O)(=O)O)CC1=CC[C@@H]1[C@@H]2CC[C@]2(C)C(=O)CC[C@@H]12
4663,C[C@]12CC[C@H]3C(=CCc4cc(O)ccc43)[C@@H]1CCC2=O
4664,C[C@]12CC[C@H]3[C@@H](CC=C4C[C@@H](O)CC[C@@]43C)[C@@H]1CC[C@@H]2O
4665,C[C@]12CC[C@H]3[C@@H](CCC4=C(Cl)C(=O)CC[C@@]43C)[C@@H]1CC[C@@H]2O
4666,C[C@]12CC[C@H]3[C@@H](CCC4=CC(=O)CC[C@@H]43)[C@@H]1CC[C@@H]2O
4667,C[C@]12CC[C@H]3[C@@H](CCC4=CC(=O)CC[C@@H]43)[C@@H]1CC[C@@H]2OC(=O)CCC1CCCCC1
4668,C[C@]12CC[C@H]3[C@@H](CCC4=CC(=O)CC[C@@H]43)[C@@H]1CC[C@@H]2OC(=O)CCc1ccccc1
4669,C[C@]12CC[C@H]3[C@@H](CCC4=CC(=O)CC[C@@]43C)[C@@H]1CC[C@@H]2C(=O)CO
4670,C[C@]12CC[C@H]3[C@@H](CCC4=CC(=O)CC[C@@]43C)[C@@H]1CC[C@@H]2C(=O)O
4671,C[C@]12CC[C@H]3[C@@H](CCC4=CC(=O)CC[C@@]43C)[C@@H]1CC[C@@H]2O
4672,C[C@]12CC[C@H]3[C@@H](CCC4=CC(=O)CC[C@@]43C)[C@@H]1CC[C@@H]2OC(=O)CCc1ccccc1
4673,C[C@]12CC[C@H]3[C@@H](CCC4=CC(=O)CC[C@@]43C)[C@@H]1CC[C@H]2O
4674,C[C@]12CC[C@H]3[C@@H](CC[C@@]45O[C@@H]4C(O)=C(C#N)C[C@]35C)[C@@H]1CC[C@@H]2O
4675,C[C@]12C[C@H](O)[C@H]3[C@@H](CCC4=CC(=O)CC[C@@]43C)[C@@H]1CC[C@@H]2C(=O)CO
4676,C[C@]12C[C@H]3S[C@H]3C[C@@H]1CC[C@@H]1[C@@H]2CC[C@]2(C)[C@@H](O)CC[C@@H]12
4677,C[C@]12Cc3nonc3C[C@@H]1CC[C@@H]1[C@@H]2CC[C@@]2(C)[C@H]1CC[C@]2(C)O
4678,C[C@]12N[C@H](Cc3ccccc31)c1ccccc12
4679,C[C@]12O[C@H](C[C@]1(O)CO)n1c3ccccc3c3c4c(c5c6ccccc6n2c5c31)CNC4=O
4680,C[CH2][Ge]([Cl])([CH2]C)[CH2]C
4681,C[CH2][Hg][S]c1ccccc1C(=O)O
4682,C[CH2][Sn]([Br])([CH2]C)[CH2]C
4683,C[N+](=O)[O-]
4684,C[N+](C)(C)C
4685,C[N+](C)(C)CC(=O)O
4686,C[N+](C)(C)CC(=O)[O-]
4687,C[N+](C)(C)CC(O)CC(=O)[O-]
4688,C[N+](C)(C)CC(O)CCl
4689,C[N+](C)(C)CC1CO1
4690,C[N+](C)(C)CCCCCCCCCC[N+](C)(C)C
4691,C[N+](C)(C)CCCCCC[N+](C)(C)C
4692,C[N+](C)(C)CCCl
4693,C[N+](C)(C)CCO
4694,C[N+](C)(C)CCOC(=O)C(O)(c1ccccc1)c1ccccc1
4695,C[N+](C)(C)CCOC(=O)CCC(=O)OCC[N+](C)(C)C
4696,C[N+](C)(C)CCOC(N)=O
4697,C[N+](C)(C)CC[N+]1(C)Cc2c(Cl)c(Cl)c(Cl)c(Cl)c2C1
4698,C[N+](C)(C)Cc1ccccc1
4699,C[N+](C)(CCCCCC[N+](C)(C)C1c2ccccc2-c2ccccc21)C1c2ccccc2-c2ccccc21
4700,C[N+](C)=CCl
4701,C[N+]([O-])(CCCl)CCCl
4702,C[N+]1(C)CCC(=C(c2ccccc2)c2ccccc2)CC1
4703,C[N+]1(C)CCC(OC(=O)C(O)(c2ccccc2)C2CCCC2)C1
4704,C[N+]1(C)CCCC(OC(=O)C(O)(c2ccccc2)c2ccccc2)C1
4705,C[N+]1(C)CCCCC1
4706,C[N+]1(C)CCCCC1COC(=O)C(O)(c1ccccc1)c1ccccc1
4707,C[N+]1(C)CCN(CC(O)(c2ccccc2)C2CCCCC2)CC1
4708,C[N+]1(C)[C@@H]2CC(OC(=O)C(O)(c3cccs3)c3cccs3)C[C@H]1[C@@H]1O[C@@H]12
4709,C[N+]1(C)[C@@H]2CC[C@H]1C[C@@H](OC(=O)C(CO)c1ccccc1)C2
4710,C[N+]1(C)[C@@H]2C[C@@H](OC(=O)[C@H](CO)c3ccccc3)C[C@H]1[C@@H]1O[C@@H]12
4711,C[N+]1(CC2COC(c3ccccc3)(C3CCCCC3)O2)CCCCC1
4712,C[N+]1(CC2COC(c3ccccc3)(c3ccccc3)O2)CCCCC1
4713,C[N+]1(CCC(C(N)=O)(c2ccccc2)c2ccccc2)CCCCC1
4714,C[N+]1(CCCCC[N+]2(C)CCCC2)CCCC1
4715,C[N+]1(CCF)[C@@H]2CC[C@H]1C[C@@H](OC(=O)C(O)(c1ccccc1)c1ccccc1)C2
4716,C[N+]1([O-])CCOCC1
4717,C[N+]1([O-])[C@@H]2CC[C@H]1C[C@@H](OC(=O)C(CO)c1ccccc1)C2
4718,C[N+]1([O-])[C@@H]2C[C@@H](OC(=O)[C@H](CO)c3ccccc3)C[C@H]1[C@@H]1O[C@@H]12
4719,C[N+]12CCC(CC1)C(OC(=O)C(O)(c1ccccc1)c1ccccc1)C2
4720,C[N@+]12CCCC[C@@H]1CCC(=C(c1cccs1)c1cccs1)C2
4721,C[S+](C)CCC(N)C(=O)O
4722,C[Se]CC[C@H](N)C(=O)O
4723,C[SiH](C)O[Si](C)(C)O[Si](C)(C)O[SiH](C)C
4724,C[SiH](O[Si](C)(C)C)O[Si](C)(C)C
4725,C[Si](C)(C)C
4726,C[Si](C)(C)Cl
4727,C[Si](C)(C)N[Si](C)(C)C
4728,C[Si](C)(C)O[Si](C)(C)C
4729,C[Si](C)(C)O[Si](C)(C)O[Si](C)(C)C
4730,C[Si](C)(C)O[Si](O)(O)O
4731,C[Si](C)(CCCN)O[Si](C)(C)CCCN
4732,C[Si](C)=O
4733,C[Si](Cl)(c1ccccc1)c1ccccc1
4734,C[Si](Cn1cncn1)(c1ccc(F)cc1)c1ccc(F)cc1
4735,C[Si](NC1CCCCC1)(NC1CCCCC1)NC1CCCCC1
4736,C[Si]1(C)O[Si](C)(C)O[Si](C)(C)O1
4737,C[Si]1(C)O[Si](C)(C)O[Si](C)(C)O[Si](C)(C)O1
4738,C[Si]1(C)O[Si](C)(C)O[Si](C)(C)O[Si](C)(C)O[Si](C)(C)O1
4739,C[n+]1c2cc(N)ccc2cc2ccc(N)cc21
4740,C[n+]1cc2c3c(ccc2c2ccc4cc5c(cc4c21)OCO5)OCO3
4741,C[n+]1ccccc1/C=N/O
4742,C[n+]1ccn(CCO)c1
4743,C[n+]1ccn(Cc2ccccc2)c1
4744,Cc1[nH]c(=O)c(C#N)cc1-c1ccc2nccn2c1
4745,Cc1[nH]c(=O)c(C#N)cc1-c1ccncc1
4746,Cc1[nH]c(=O)n(C(C)(C)C)c(=O)c1Cl
4747,Cc1[nH]cnc1-c1ccc(Cl)cc1
4748,Cc1[nH]cnc1C[C@H]1CCc2c(C)c3ccccc3n2C1=O
4749,Cc1[nH]nc2c1N=C(c1ccccc1Cl)c1cc([N+](=O)[O-])ccc1N2
4750,Cc1c(-c2ccc(O)cc2)n(Cc2ccc(OCCN3CCCCCC3)cc2)c2ccc(O)cc12
4751,Cc1c(-c2ccccc2)oc2c(C(=O)OCCN3CCCCC3)cccc2c1=O
4752,Cc1c(-c2cccnc2)c2ccccc2n1CCCCC(=O)O
4753,Cc1c(C(=O)NCCO)[n+]([O-])c2ccccc2[n+]1[O-]
4754,Cc1c(C(=O)NN2CCCCC2)nn(-c2ccc(Cl)cc2Cl)c1-c1ccc(Cl)cc1
4755,Cc1c(C(=O)O)c(O)cc2c1C(=O)c1c(O)c([C@@H]3O[C@H](CO)[C@@H](O)[C@H](O)[C@H]3O)c(O)c(O)c1C2=O
4756,Cc1c(C(=O)O)cccc1[N+](=O)[O-]
4757,Cc1c(C(=O)c2cnn(C)c2O)ccc(S(C)(=O)=O)c1C1=NOCC1
4758,Cc1c(C(C)C)c(=O)n(-c2ccccc2)n1C
4759,Cc1c(C(N)=O)cc([N+](=O)[O-])cc1[N+](=O)[O-]
4760,Cc1c(C)c([N+](=O)[O-])c(C(C)(C)C)c([N+](=O)[O-])c1C
4761,Cc1c(C)c2c(c(C)c1O)CCC(C)(COc1ccc(CC3SC(=O)NC3=O)cc1)O2
4762,Cc1c(C)c2c(c(C)c1O)CC[C@@](C)(CCC[C@H](C)CCC[C@H](C)CCCC(C)C)O2
4763,Cc1c(C)c2c(c(C)c1OC(=O)CCC(=O)O)CC[C@@](C)(CCC[C@H](C)CCC[C@H](C)CCCC(C)C)O2
4764,Cc1c(C)c2c(c(C)c1OC(=O)CCC(=O)OCCO)CC[C@@](C)(CCC[C@H](C)CCC[C@H](C)CCCC(C)C)O2
4765,Cc1c(C)c2c(c(C)c1OC(=O)c1cccnc1)CC[C@@](C)(CCC[C@H](C)CCC[C@H](C)CCCC(C)C)O2
4766,Cc1c(C)n(CCN(C)C)c2ccc(C(=O)OCCN(C)C)cc12
4767,Cc1c(C)n(Cc2ccccc2)c2ccc(C(=O)OCCN(C)C)cc12
4768,Cc1c(C2(c3cc(Br)c(O)c(Br)c3C)OS(=O)(=O)c3ccccc32)cc(Br)c(O)c1Br
4769,Cc1c(COC(=O)C2C(/C=C(\Cl)C(F)(F)F)C2(C)C)cccc1-c1ccccc1
4770,Cc1c(Cl)c(=O)oc2cc(OP(=O)(OCCCl)OCCCl)ccc12
4771,Cc1c(Cl)cccc1Cl
4772,Cc1c(Cl)cccc1Nc1ccccc1C(=O)O
4773,Cc1c(Cl)cccc1Nc1ncccc1C(=O)O
4774,Cc1c(Cl)cccc1[N+](=O)[O-]
4775,Cc1c(Cn2ccnc2)c2ccccc2n1CCC(=O)O
4776,Cc1c(F)c(F)c(COC(=O)C2C(/C=C(\Cl)C(F)(F)F)C2(C)C)c(F)c1F
4777,Cc1c(F)c(N2CCNC(C)C2)cc2c1c(=O)c(C(=O)O)cn2C1CC1
4778,Cc1c(F)cc2c(=O)c(C(=O)O)cn3c2c1CCC3C
4779,Cc1c(I)c(=O)n(-c2ccccc2)n1C
4780,Cc1c(N(C)C)c(=O)n(-c2ccccc2)n1C
4781,Cc1c(N(C)CS(=O)(=O)O)c(=O)n(-c2ccccc2)n1C
4782,Cc1c(N)c(=O)n(-c2ccccc2)n1C
4783,Cc1c(N)cccc1C(F)(F)F
4784,Cc1c(N)cccc1Cl
4785,Cc1c(N)cccc1N
4786,Cc1c(N)cccc1[N+](=O)[O-]
4787,Cc1c(N)nc(C(CC(N)=O)NCC(N)C(N)=O)nc1C(=O)NC(C(=O)NC(C)C(O)C(C)C(=O)NC(C(=O)NCCc1nc(-c2nc(C(=O)NCCCN[C@@H](C)c3ccccc3)cs2)cs1)C(C)O)C(O[C@@H]1O[C@@H](CO)[C@@H](O)[C@H](O)[C@@H]1O[C@H]1O[C@H](CO)[C@@H](O)[C@H](OC(N)=O)[C@@H]1O)c1c[nH]cn1
4788,Cc1c(N)nc([C@H](CC(N)=O)NC[C@H](N)C(N)=O)nc1C(=O)N[C@H](C(=O)N[C@H](C)[C@@H](O)[C@H](C)C(=O)N[C@H](C(=O)NCCc1nc(-c2nc(C(=O)NCCCCNC(=N)N)cs2)cs1)[C@@H](C)O)[C@@H](O[C@@H]1O[C@@H](CO)[C@@H](O)[C@H](O)[C@@H]1O[C@H]1O[C@H](CO)[C@@H](O)[C@H](OC(N)=O)[C@@H]1O)c1cnc[nH]1
4789,Cc1c(N=C=O)cccc1N=C=O
4790,Cc1c(NC(=O)c2cccnc2)c(=O)n(-c2ccccc2)n1C
4791,Cc1c(NC(C)C)c(=O)n(-c2ccccc2)n1C
4792,Cc1c(Nc2ncccc2C(=O)O)cccc1C(F)(F)F
4793,Cc1c(O)c(=O)ccn1C
4794,Cc1c(O)cccc1C(=O)N[C@@H](CSc1ccccc1)[C@H](O)CN1C[C@H]2CCCC[C@H]2C[C@H]1C(=O)NC(C)(C)C
4795,Cc1c(O)cccc1O
4796,Cc1c(OCC(F)(F)F)ccnc1CS(=O)c1nc2ccccc2[nH]1
4797,Cc1c([N+](=O)[O-])c(C)c([N+](=O)[O-])c(C(C)(C)C)c1[N+](=O)[O-]
4798,Cc1c([N+](=O)[O-])cc2c(c1[N+](=O)[O-])C(C)(C)CC2(C)C
4799,Cc1c([N+](=O)[O-])cccc1[N+](=O)[O-]
4800,Cc1c2ccccc2c(C)c2c1ccc1ccccc12
4801,Cc1c2oc3c(C)ccc(C(=O)N[C@@H]4C(=O)N[C@H](C(C)C)C(=O)N5CCC[C@H]5C(=O)N(C)CC(=O)N(C)[C@@H](C(C)C)C(=O)O[C@@H]4C)c3nc-2c(C(=O)N[C@@H]2C(=O)N[C@H](C(C)C)C(=O)N3CCC[C@H]3C(=O)N(C)CC(=O)N(C)[C@@H](C(C)C)C(=O)O[C@@H]2C)c(N)c1=O
4802,Cc1c[nH]c(=S)[nH]c1=O
4803,Cc1c[nH]c2ccccc12
4804,Cc1c[nH]cn1
4805,Cc1cc(-c2cc(C)c(N)c(C)c2)cc(C)c1N
4806,Cc1cc(-c2ccc(/N=N/c3ccc4c(S(=O)(=O)O)cc(S(=O)(=O)O)c(N)c4c3O)c(C)c2)ccc1/N=N/c1ccc2c(S(=O)(=O)O)cc(S(=O)(=O)O)c(N)c2c1O
4807,Cc1cc(-c2ccc(N)c(C)c2)ccc1N
4808,Cc1cc(-c2ccc(N=Nc3c(S(=O)(=O)O)cc4cc(S(=O)(=O)O)cc(N)c4c3O)c(C)c2)ccc1N=Nc1c(S(=O)(=O)O)cc2cc(S(=O)(=O)O)cc(N)c2c1O
4809,Cc1cc(-c2ccccc2)nnc1NCCN1CCOCC1
4810,Cc1cc(-n2c(=O)[nH]c(=O)n(C)c2=O)ccc1Oc1ccc(S(=O)(=O)C(F)(F)F)cc1
4811,Cc1cc(-n2nc3ccc(Cl)cc3n2)c(O)c(C(C)(C)C)c1
4812,Cc1cc(/C=C/c2ccc3cc(N(C)C)ccc3[n+]2C)c(C)n1-c1ccccc1
4813,Cc1cc(=O)[nH]c(=S)[nH]1
4814,Cc1cc(=O)[nH]o1
4815,Cc1cc(=O)n(-c2ccccc2)n1C
4816,Cc1cc(=O)nc(C(C)C)[nH]1
4817,Cc1cc(=O)oc2cc(N(C)C)ccc12
4818,Cc1cc(=O)oc2cc(O)cc(O)c12
4819,Cc1cc(=O)oc2cc(O)ccc12
4820,Cc1cc(=O)oc2cc(O[C@@H]3SC[C@@H](O)[C@H](O)[C@H]3O)ccc12
4821,Cc1cc(Br)ccc1NC(=O)CCl
4822,Cc1cc(C(=C2C=CC(=N)C=C2)c2ccc(N)cc2)ccc1N
4823,Cc1cc(C(=C2C=CC(=Nc3ccc(S(=O)(=O)O)cc3S(=O)(=O)O)C=C2)c2ccc(Nc3ccc(S(=O)(=O)O)cc3)cc2)ccc1N
4824,Cc1cc(C(=O)NCCc2ccc(S(=O)(=O)NC(=O)NN3CCCCCC3)cc2)no1
4825,Cc1cc(C(=O)NNCc2ccccc2)no1
4826,Cc1cc(C(=O)O)ccc1[N+](=O)[O-]
4827,Cc1cc(C(C#N)c2ccc(Cl)cc2)c(Cl)cc1NC(=O)c1cc(I)cc(I)c1O
4828,Cc1cc(C(C)(C)C)c(O)c(C(C)(C)C)c1
4829,Cc1cc(C(C)(C)C)c(O)c(C)c1CC1=NCCN1
4830,Cc1cc(C(C)(C)C)c(O)c(C)c1Cn1c(=O)n(Cc2c(C)cc(C(C)(C)C)c(O)c2C)c(=O)n(Cc2c(C)cc(C(C)(C)C)c(O)c2C)c1=O
4831,Cc1cc(C(C)(C)C)cc(C)c1CC1=NCCN1
4832,Cc1cc(C(C)(C)c2cc(C)c(O)c(C)c2)cc(C)c1O
4833,Cc1cc(C(C)(C)c2ccc(O)c(C)c2)ccc1O
4834,Cc1cc(C(F)(C(F)(F)F)C(F)(F)F)ccc1NC(=O)c1cccc(I)c1C(=O)NC(C)(C)CS(C)(=O)=O
4835,Cc1cc(C)c(/N=N/c2c(O)c(S(=O)(=O)O)cc3cc(S(=O)(=O)O)ccc23)cc1C
4836,Cc1cc(C)c(C(=O)O)c(C)c1
4837,Cc1cc(C)c(C(=O)P(=O)(C(=O)c2c(C)cc(C)cc2C)c2ccccc2)c(C)c1
4838,Cc1cc(C)c(C)c(C)c1
4839,Cc1cc(C)c(C)c(O)c1
4840,Cc1cc(C)c(C)cc1C
4841,Cc1cc(C)c(C2=C(OC(=O)CC(C)(C)C)C3(CCCC3)OC2=O)c(C)c1
4842,Cc1cc(C)c(C=C2C(=O)Nc3ccccc32)[nH]1
4843,Cc1cc(C)c(N)c(Cl)c1
4844,Cc1cc(C)c(N)cc1C
4845,Cc1cc(C)c(NC(=O)CN(CC(=O)O)CC(=O)O)c(C)c1Br
4846,Cc1cc(C)c(NC(=O)C[C@H](CC(=O)O)c2cccc3ccccc23)c(C(=O)N2CCC3(CCCC3)CC2)c1
4847,Cc1cc(C)c(O)c(C)c1
4848,Cc1cc(C)c(S(=O)(=O)O)cc1N=Nc1cc(S(=O)(=O)O)c2ccccc2c1O
4849,Cc1cc(C)cc(C(=O)OC2C[C@H]3CC[C@@H](C2)N3C)c1
4850,Cc1cc(C)cc(C)c1
4851,Cc1cc(C)cc(N)c1
4852,Cc1cc(C)cc(O)c1
4853,Cc1cc(C)cc(OCC2CNC(=O)O2)c1
4854,Cc1cc(C)cc(OP(=O)(Oc2cc(C)cc(C)c2)Oc2cc(C)cc(C)c2)c1
4855,Cc1cc(C)cc([N+](=O)[O-])c1
4856,Cc1cc(C)n(CO)n1
4857,Cc1cc(C)nc(NS(=O)(=O)c2ccc(N)cc2)n1
4858,Cc1cc(C)nc(Nc2ccccc2)n1
4859,Cc1cc(C2(c3cc(C)c(O)cc3C)OS(=O)(=O)c3ccccc32)c(C)cc1O
4860,Cc1cc(C2CC2)nc(Nc2ccccc2)n1
4861,Cc1cc(C2CCCCC2)n(O)c(=O)c1
4862,Cc1cc(CC(=O)O)c(C)n1-c1ccc(Cl)cc1
4863,Cc1cc(CC(=O)O)n(C)c1C(=O)c1ccc(Cl)cc1
4864,Cc1cc(CCC(=O)OCCOCCOCCOC(=O)CCc2cc(C)c(O)c(C(C)(C)C)c2)cc(C(C)(C)C)c1O
4865,Cc1cc(CCCOc2c(C)cc(-c3noc(C(F)(F)F)n3)cc2C)on1
4866,Cc1cc(CCN2CCN(c3nsc4ccccc34)CC2)cc2c1NC(=O)CC2(C)C
4867,Cc1cc(Cc2cc(C)cc(C(C)(C)C)c2O)c(O)c(C(C)(C)C)c1
4868,Cc1cc(Cc2ccc(N)c(C)c2)ccc1N
4869,Cc1cc(Cl)c(C)cc1Cl
4870,Cc1cc(Cl)ccc1/N=C/N(C)C
4871,Cc1cc(Cl)ccc1N
4872,Cc1cc(Cl)ccc1N=CN(C)C
4873,Cc1cc(Cl)ccc1O
4874,Cc1cc(Cl)ccc1OC(C)C(=O)O
4875,Cc1cc(Cl)ccc1OCC(=O)O
4876,Cc1cc(Cl)ccc1OCCCC(=O)O
4877,Cc1cc(F)ccc1-c1cc(N2CC[C@@H](O)[C@H]2CO)ncc1N(C)C(=O)C(C)(C)c1cc(C(F)(F)F)cc(C(F)(F)F)c1
4878,Cc1cc(N)c(S(=O)(=O)O)cc1Cl
4879,Cc1cc(N)c2cc(NC(=O)Nc3ccc4nc(C)cc(N)c4c3)ccc2n1
4880,Cc1cc(N)c2ccccc2[n+]1CCCCCCCCCC[n+]1c(C)cc(N)c2ccccc21
4881,Cc1cc(N)n(-c2ccccc2)n1
4882,Cc1cc(N)no1
4883,Cc1cc(N=Nc2ccccc2C)ccc1N
4884,Cc1cc(NC(=O)C(=O)O)cc(C)c1Oc1ccc(O)c2c1CCC2
4885,Cc1cc(NC(=O)C2=C(O)c3ccccc3S(=O)(=O)N2C)no1
4886,Cc1cc(NS(=O)(=O)c2ccc(N)cc2)nc(C)n1
4887,Cc1cc(NS(=O)(=O)c2ccc(N)cc2)no1
4888,Cc1cc(Nc2ccccc2C(=O)O)ccc1Cl
4889,Cc1cc(O)c(C(=O)N[C@@H](C(=O)N[C@@H]2C(=O)N3C(C(=O)O)=C(CSc4nnnn4C)CS[C@H]23)c2ccc(O)cc2)cn1
4890,Cc1cc(O)c(C(C)(C)C)cc1C(C)(C)C
4891,Cc1cc(O)c(C(C)(C)C)cc1Sc1cc(C(C)(C)C)c(O)cc1C
4892,Cc1cc(O)c(C(C)C)cc1Cl
4893,Cc1cc(O)c(C)c(C)c1O
4894,Cc1cc(O)c(Cl)c(C)c1Cl
4895,Cc1cc(O)c(Cl)cc1C
4896,Cc1cc(O)c2c(O)c3c(O)cccc3cc2c1
4897,Cc1cc(O)c2c(c1)C(=O)c1cc(O)cc(O)c1C2=O
4898,Cc1cc(O)c2c(c1)O[C@@]1(C)CC[C@H]3C(C)(C)CCCC34CO[C@@H]2[C@H]41
4899,Cc1cc(O)c2c3c4c(cc(O)c13)C(C)(C)C(=O)c1c(O)cc(O)c(c1-4)C2=O
4900,Cc1cc(O)c2ccccc2c1O
4901,Cc1cc(O)cc(C)c1Cl
4902,Cc1cc(O)cc2c1O[C@](C)(CCC[C@H](C)CCC[C@H](C)CCCC(C)C)CC2
4903,Cc1cc(O)ccc1Cl
4904,Cc1cc(O)ccc1N
4905,Cc1cc(O)ccc1O
4906,Cc1cc(OC(=O)N(C)C)nn1C(=O)N(C)C
4907,Cc1cc(OCCOCC[N+](C)(C)Cc2ccccc2)ccc1C(C)(C)CC(C)(C)C
4908,Cc1cc(OI)c(C(C)C)cc1-c1cc(C(C)C)c(OI)cc1C
4909,Cc1cc(S(=O)(=O)O)c(N)cc1Cl
4910,Cc1cc(S(=O)(=O)O)ccc1/N=N/c1c(O)ccc2ccccc12
4911,Cc1cc(SC2=C(O)C[C@@](CCc3ccc(N)cc3)(C(C)C)OC2=O)c(C(C)(C)C)cc1CO
4912,Cc1cc(SCc2sc(-c3ccc(C(F)(F)F)c(F)c3)nc2C)ccc1OCC(=O)O
4913,Cc1cc([N+](=O)[O-])c(O)c([N+](=O)[O-])c1
4914,Cc1cc([N+](=O)[O-])cc([N+](=O)[O-])c1O
4915,Cc1cc([N+](=O)[O-])ccc1N
4916,Cc1cc2c(C(C)C)c(O)c(O)c(C=O)c2c(O)c1-c1c(C)cc2c(C(C)C)c(O)c(O)c(C=O)c2c1O
4917,Cc1cc2c(OCC(CNC(C)(C)C)OC(=O)c3ccccc3)cccc2[nH]1
4918,Cc1cc2c(cc1C(F)(F)F)N(C(=O)Nc1ccc(Oc3cccnc3C)nc1)CC2
4919,Cc1cc2c(cc1CC(=O)c1sccc1S(=O)(=O)Nc1onc(C)c1Cl)OCO2
4920,Cc1cc2c(cc1S(N)(=O)=O)S(=O)(=O)CCC2
4921,Cc1cc2c(s1)Nc1ccccc1N=C2N1CCN(C)CC1
4922,Cc1cc2c3c(c1)C(c1ccccc1)=N[C@@H](NC(=O)c1ccncc1)C(=O)N3CC2
4923,Cc1cc2cc3c(C)cc(=O)oc3c(C)c2o1
4924,Cc1cc2nc(N)sc2cc1C
4925,Cc1cc2nc3c(=O)[nH]c(=O)nc-3n(C[C@H](O)[C@H](O)[C@H](O)CO)c2cc1C
4926,Cc1cc2nc3ccc(N(C)C)cc3[s+]c2cc1N
4927,Cc1ccc(-c2cc(C(F)(F)F)nn2-c2ccc(S(N)(=O)=O)cc2)cc1
4928,Cc1ccc(-c2ccccc2)cc1
4929,Cc1ccc(-c2ccccc2C#N)cc1
4930,Cc1ccc(-c2nc3ccc(C)cn3c2CC(=O)N(C)C)cc1
4931,Cc1ccc(-c2ncc(Cl)cc2-c2ccc(S(C)(=O)=O)cc2)cn1
4932,Cc1ccc(-n2nc(C(C)(C)C)cc2NC(=O)Nc2ccc(OCCN3CCOCC3)c3ccccc23)cc1
4933,Cc1ccc(/C(=C\CN2CCCC2)c2cccc(/C=C/C(=O)O)n2)cc1
4934,Cc1ccc(/C(=C\CN2CCCC2)c2ccccn2)cc1
4935,Cc1ccc(/C=N/n2c(-c3ccccc3)csc2=S)cc1
4936,Cc1ccc(/N=C/N(C)/C=N/c2ccc(C)cc2C)c(C)c1
4937,Cc1ccc(/N=N/c2c(O)c(C(=O)O)cc3ccccc23)c(S(=O)(=O)O)c1
4938,Cc1ccc(=O)n(-c2ccccc2)c1
4939,Cc1ccc(Br)cc1
4940,Cc1ccc(C#N)cc1
4941,Cc1ccc(C(=O)C(=O)O)cc1C
4942,Cc1ccc(C(=O)C(C)CN2CCCCC2)cc1
4943,Cc1ccc(C(=O)Nc2ccc(S(=O)(=O)O)c3cc(S(=O)(=O)O)cc(S(=O)(=O)O)c23)cc1NC(=O)c1cccc(NC(=O)Nc2cccc(C(=O)Nc3cc(C(=O)Nc4ccc(S(=O)(=O)O)c5cc(S(=O)(=O)O)cc(S(=O)(=O)O)c45)ccc3C)c2)c1
4944,Cc1ccc(C(=O)O)cc1
4945,Cc1ccc(C(=O)O)cc1[N+](=O)[O-]
4946,Cc1ccc(C(=O)O)o1
4947,Cc1ccc(C(=O)Oc2ccc(C(O)CNC(C)(C)C)cc2OC(=O)c2ccc(C)cc2)cc1
4948,Cc1ccc(C(=O)c2cc(O)c(O)c([N+](=O)[O-])c2)cc1
4949,Cc1ccc(C(=O)c2ccc(CC(=O)O)n2C)cc1
4950,Cc1ccc(C(=O)c2ccccc2)cc1
4951,Cc1ccc(C(C)(C)C)c(O)c1
4952,Cc1ccc(C(C)(C)C)cc1
4953,Cc1ccc(C(C)(C)O)cc1
4954,Cc1ccc(C(C)(C)c2ccc(C)cc2)cc1
4955,Cc1ccc(C(C)C)c(O)c1
4956,Cc1ccc(C(C)C)cc1
4957,Cc1ccc(C(C)C)cc1O
4958,Cc1ccc(C(C)C)cc2c(C)ccc1-2
4959,Cc1ccc(C(C)NC(=O)[C@@H](NC(=O)OC(C)C)C(C)C)cc1
4960,Cc1ccc(C(C)OC(=O)C2(C)CCC(C(=O)O)C2(C)C)cc1
4961,Cc1ccc(C(C)c2ccc(C)c(C)c2)cc1C
4962,Cc1ccc(C(N)=O)cc1N
4963,Cc1ccc(C)c(C)c1
4964,Cc1ccc(C)c(N)c1
4965,Cc1ccc(C)c(O)c1
4966,Cc1ccc(C)c(O)c1C
4967,Cc1ccc(C)c(OCCCC(C)(C)C(=O)O)c1
4968,Cc1ccc(C)c(S(=O)(=O)O)c1
4969,Cc1ccc(C)c([N+](=O)[O-])c1
4970,Cc1ccc(C)c2ccccc12
4971,Cc1ccc(C)cc1
4972,Cc1ccc(C)o1
4973,Cc1ccc(C2(O)CCN(CCCC(=O)c3ccc(F)cc3)CC2)cc1
4974,Cc1ccc(C=C2C(=O)C3CCC2C3(C)C)cc1
4975,Cc1ccc(C=O)cc1C
4976,Cc1ccc(C=O)s1
4977,Cc1ccc(CCn2c3c(c4cc(Cl)ccc42)CN(C)CC3)cn1
4978,Cc1ccc(CO)cc1
4979,Cc1ccc(Cl)c(N)c1Cl
4980,Cc1ccc(Cl)c(Nc2ccccc2C(=O)O)c1Cl
4981,Cc1ccc(Cl)c(O)c1
4982,Cc1ccc(Cl)c(OCC(O)CNC(C)(C)C)c1
4983,Cc1ccc(Cl)cc1
4984,Cc1ccc(Cl)cc1Cl
4985,Cc1ccc(Cl)cc1N
4986,Cc1ccc(N(C)C)cc1
4987,Cc1ccc(N(CC2=NCCN2)c2cccc(O)c2)cc1
4988,Cc1ccc(N(CCO)CCO)cc1
4989,Cc1ccc(N(SC(F)(Cl)Cl)S(=O)(=O)N(C)C)cc1
4990,Cc1ccc(N)c(C)c1
4991,Cc1ccc(N)c(N)c1
4992,Cc1ccc(N)c(S(=O)(=O)O)c1
4993,Cc1ccc(N)c([N+](=O)[O-])c1
4994,Cc1ccc(N)cc1
4995,Cc1ccc(N)cc1C
4996,Cc1ccc(N)cc1Cl
4997,Cc1ccc(N)cc1N
4998,Cc1ccc(N)cc1O
4999,Cc1ccc(N)cc1S(=O)(=O)O
5000,Cc1ccc(N)cc1[N+](=O)[O-]
5001,Cc1ccc(N)nc1
5002,Cc1ccc(N=C=O)cc1N=C=O
5003,Cc1ccc(N=Nc2c(O)ccc(N=Nc3ccc(S(=O)(=O)O)cc3)c2O)c(C)c1
5004,Cc1ccc(NC(=O)N(C)C)cc1NC(=O)N(C)C
5005,Cc1ccc(NC(=O)c2ccc(CN3CCN(C)CC3)cc2)cc1Nc1nccc(-c2cccnc2)n1
5006,Cc1ccc(NC(N)=O)cc1
5007,Cc1ccc(NC=O)c(C)c1
5008,Cc1ccc(Nc2c(F)cccc2Cl)c(CC(=O)O)c1
5009,Cc1ccc(Nc2ccc(O)c3c2C(=O)c2ccccc2C3=O)cc1
5010,Cc1ccc(Nc2nccc(N(C)c3ccc4c(C)n(C)nc4c3)n2)cc1S(N)(=O)=O
5011,Cc1ccc(O)c(-n2nc3ccccc3n2)c1
5012,Cc1ccc(O)c(C(=O)c2ccccc2)c1
5013,Cc1ccc(O)c(C(C)(C)C)c1
5014,Cc1ccc(O)c(C)c1
5015,Cc1ccc(O)c(N)c1
5016,Cc1ccc(O)c(O)c1
5017,Cc1ccc(O)c([C@H](CCN(C(C)C)C(C)C)c2ccccc2)c1
5018,Cc1ccc(O)c([N+](=O)[O-])c1
5019,Cc1ccc(O)c2ncccc12
5020,Cc1ccc(O)cc1
5021,Cc1ccc(O)cc1C
5022,Cc1ccc(OC(=O)CC(C)C)cc1
5023,Cc1ccc(OC(=O)c2ccccc2O)cc1
5024,Cc1ccc(OP(=O)(Oc2ccc(C)cc2)Oc2ccc(C)cc2)cc1
5025,Cc1ccc(OP(=O)(Oc2ccccc2)Oc2ccccc2)cc1
5026,Cc1ccc(S(=O)(=O)N=C=O)cc1
5027,Cc1ccc(S(=O)(=O)NC(=O)NC2CCCC2)cc1
5028,Cc1ccc(S(=O)(=O)NC(=O)NC2CCCCC2)cc1
5029,Cc1ccc(S(=O)(=O)NC(=O)NC2CCCCCCC2)cc1
5030,Cc1ccc(S(=O)(=O)NC(=O)NN2CC3CCCC3C2)cc1
5031,Cc1ccc(S(=O)(=O)NC(=O)NN2CCCCCC2)cc1
5032,Cc1ccc(S(=O)(=O)NC(=O)N[C@@H](C)Cc2ccccc2)cc1
5033,Cc1ccc(S(=O)(=O)NC2CCCCC2)cc1
5034,Cc1ccc(S(=O)(=O)NCl)cc1
5035,Cc1ccc(S(=O)(=O)N[C@@H](CCCCN)C(=O)CCl)cc1
5036,Cc1ccc(S(=O)(=O)O)c(C)c1
5037,Cc1ccc(S(=O)(=O)O)cc1
5038,Cc1ccc(S(=O)(=O)O)cc1C
5039,Cc1ccc(S(=O)(=O)Oc2ccc(N=Nc3ccc(-c4ccc(N=Nc5c(O)ccc6cc(S(=O)(=O)O)cc(S(=O)(=O)O)c56)c(C)c4)cc3C)cc2)cc1
5040,Cc1ccc(S(N)(=O)=O)cc1
5041,Cc1ccc(S)cc1
5042,Cc1ccc([N+](=O)[O-])[c]2c1[O][Hg]2
5043,Cc1ccc([N+](=O)[O-])c(C)c1
5044,Cc1ccc([N+](=O)[O-])c(N)c1
5045,Cc1ccc([N+](=O)[O-])c([N+](=O)[O-])c1
5046,Cc1ccc([N+](=O)[O-])cc1
5047,Cc1ccc([N+](=O)[O-])cc1C
5048,Cc1ccc([N+](=O)[O-])cc1Cl
5049,Cc1ccc([N+](=O)[O-])cc1N
5050,Cc1ccc([N+](=O)[O-])cc1S(=O)(=O)O
5051,Cc1ccc([N+](=O)[O-])cc1[N+](=O)[O-]
5052,Cc1ccc2c(Br)cc(Br)c(O)c2n1
5053,Cc1ccc2c(C)cccc2c1
5054,Cc1ccc2c(Cl)cc(Cl)c(O)c2n1
5055,Cc1ccc2c(c1)C(=O)OC2=O
5056,Cc1ccc2c(c1)C(=O)c1ccccc1C2=O
5057,Cc1ccc2c(c1)C1CN(C)CCC1N2
5058,Cc1ccc2c(c1)CCCN2
5059,Cc1ccc2c(c1)OCC(=O)CO2
5060,Cc1ccc2c(c1)[C@]13CCCC[C@@H]1[C@H](C2)N(C)CC3
5061,Cc1ccc2c(c1)c1c3n2CCNC3CCC1
5062,Cc1ccc2c(c1N)C(=O)c1ccccc1C2=O
5063,Cc1ccc2c(c1[N+](=O)[O-])C(=O)c1ccccc1C2=O
5064,Cc1ccc2c(ccc3ccccc32)c1
5065,Cc1ccc2c(n1)Oc1ccc(C(C)C(=O)OCC(=O)N(C)C)cc1C2
5066,Cc1ccc2cc(C)ccc2c1
5067,Cc1ccc2cc3c(ccc4ccccc43)c3c2c1CC3
5068,Cc1ccc2ccc(Cl)cc2n1
5069,Cc1ccc2ccc3cccc4ccc1c2c34
5070,Cc1ccc2ccccc2c1
5071,Cc1ccc2ccccc2c1C
5072,Cc1ccc2ccccc2c1[N+](=O)[O-]
5073,Cc1ccc2ccccc2n1
5074,Cc1ccc2cccnc2c1
5075,Cc1ccc2nc(-c3ccc(N)cc3)sc2c1S(=O)(=O)O
5076,Cc1ccc2nc(N)[nH]c(=O)c2c1Sc1ccncc1
5077,Cc1ccc2ncccc2c1
5078,Cc1ccc2oc(=O)ccc2c1
5079,Cc1ccc2oc(CN(Cc3ccccc3)C(=O)Nc3c(F)cc(F)cc3F)c(-c3ccc(Cl)cc3)c2c1
5080,Cc1cccc(/N=N/c2ccc(N(C)C)cc2)c1
5081,Cc1cccc(Br)c1
5082,Cc1cccc(C#N)c1
5083,Cc1cccc(C(=O)O)c1
5084,Cc1cccc(C(=O)O)c1O
5085,Cc1cccc(C(=O)O)c1[N+](=O)[O-]
5086,Cc1cccc(C(C)(C)C)c1O
5087,Cc1cccc(C(C)c2c[nH]cn2)c1C
5088,Cc1cccc(C)c1
5089,Cc1cccc(C)c1N
5090,Cc1cccc(C)c1N(CCCc1cccnc1)C(=O)C(C)N
5091,Cc1cccc(C)c1NC(=O)C(C)N
5092,Cc1cccc(C)c1NC(=O)C1CCCCN1C
5093,Cc1cccc(C)c1NC(=O)CC12CCCN1CCC2
5094,Cc1cccc(C)c1NC(=O)CN(CC(=O)O)CC(=O)O
5095,Cc1cccc(C)c1NC(=O)CN1CCCC1
5096,Cc1cccc(C)c1NC(=O)CN1CCCC1=O
5097,Cc1cccc(C)c1NC(=O)CN1CCCCCC1
5098,Cc1cccc(C)c1NC(=O)CN1CCN(CCCC(c2ccc(F)cc2)c2ccc(F)cc2)CC1
5099,Cc1cccc(C)c1NC(=O)NC1=CCCN1C
5100,Cc1cccc(C)c1NC(=O)c1cc(S(N)(=O)=O)c(Cl)cc1O
5101,Cc1cccc(C)c1NC(=O)c1ccc(N)cc1
5102,Cc1cccc(C)c1NC(=O)c1ccccc1C(=O)O
5103,Cc1cccc(C)c1NC1=NCCCS1
5104,Cc1cccc(C)c1Nc1ncccc1C(=O)O
5105,Cc1cccc(C)c1O
5106,Cc1cccc(C)c1OCC(=O)N[C@@H](Cc1ccccc1)[C@@H](O)C[C@H](Cc1ccccc1)NC(=O)[C@H](C(C)C)N1CCCNC1=O
5107,Cc1cccc(C)c1OCC(C)N
5108,Cc1cccc(C)c1[N+](=O)[O-]
5109,Cc1cccc(CN2CCN(C(c3ccccc3)c3ccc(Cl)cc3)CC2)c1
5110,Cc1cccc(Cc2c[nH]cn2)c1C
5111,Cc1cccc(Cl)c1
5112,Cc1cccc(N(C)C(=S)Oc2ccc3c(c2)C2CCC3C2)c1
5113,Cc1cccc(N(C)C(=S)Oc2ccc3c(c2)CCC3)c1
5114,Cc1cccc(N(C)C(=S)Oc2ccc3ccccc3c2)c1
5115,Cc1cccc(N)c1
5116,Cc1cccc(N)c1C
5117,Cc1cccc(N)c1N
5118,Cc1cccc(N)n1
5119,Cc1cccc(NC(=S)N(C)C)c1
5120,Cc1cccc(Nc2cc(Cl)nc(SCC(=O)O)n2)c1C
5121,Cc1cccc(Nc2ccccc2)c1
5122,Cc1cccc(Nc2ccccc2C(=O)O)c1C
5123,Cc1cccc(Nc2ccncc2S(=O)(=O)NC(=O)NC(C)C)c1
5124,Cc1cccc(Nc2ncccc2C(=O)O)c1C
5125,Cc1cccc(O)c1
5126,Cc1cccc(O)c1C
5127,Cc1cccc(O)c1N
5128,Cc1cccc(OCC(O)CNC(C)(C)C)c1C
5129,Cc1cccc(OCCOc2cccc(C)c2)c1
5130,Cc1cccc(Oc2ccccc2)c1
5131,Cc1cccc(S(=O)(=O)O)c1C
5132,Cc1cccc([N+](=O)[O-])c1
5133,Cc1cccc([N+](=O)[O-])c1C
5134,Cc1cccc([N+](=O)[O-])c1C(=O)O
5135,Cc1cccc([N+](=O)[O-])c1[N+](=O)[O-]
5136,Cc1cccc2[nH]nnc12
5137,Cc1cccc2c1cc1ccc3cccc4ccc2c1c34
5138,Cc1cccc2ccccc12
5139,Cc1cccc2cccnc12
5140,Cc1cccc2nccnc12
5141,Cc1cccc2sc(N)nc12
5142,Cc1cccc2sc3nncn3c12
5143,Cc1cccc[n+]1[O-]
5144,Cc1ccccc1
5145,Cc1ccccc1-n1c(C)nc2ccccc2c1=O
5146,Cc1ccccc1-n1c(CF)nc2ccc(N)cc2c1=O
5147,Cc1ccccc1/N=N/c1ccc(/N=N/c2c(O)ccc3ccccc23)c(C)c1
5148,Cc1ccccc1Br
5149,Cc1ccccc1C
5150,Cc1ccccc1C#N
5151,Cc1ccccc1C(=O)Nc1ccc(C(=O)N2CCCC(N(C)C)c3ccccc32)cc1
5152,Cc1ccccc1C(=O)Nc1ccc(C(=O)N2CCCC(O)c3cc(Cl)ccc32)c(C)c1
5153,Cc1ccccc1C(=O)Nc1cccc(OC(C)C)c1
5154,Cc1ccccc1C(=O)O
5155,Cc1ccccc1C(N)=O
5156,Cc1ccccc1C(OCCN(C)C)c1ccccc1
5157,Cc1ccccc1C=O
5158,Cc1ccccc1CCO
5159,Cc1ccccc1CCl
5160,Cc1ccccc1CNc1ncnc2c1ncn2[C@@H]1O[C@H](CO)[C@@H](O)[C@H]1O
5161,Cc1ccccc1CO[C@H]1C[C@]2(C(C)C)CC[C@@]1(C)O2
5162,Cc1ccccc1Cl
5163,Cc1ccccc1N
5164,Cc1ccccc1N1C(=O)c2cc(S(N)(=O)=O)c(Cl)cc2NC1C
5165,Cc1ccccc1N1CCN(CCc2nnc3n2CCCC3)CC1
5166,Cc1ccccc1N=O
5167,Cc1ccccc1NC(=N)NC(=N)N
5168,Cc1ccccc1NC(=N)Nc1ccccc1C
5169,Cc1ccccc1O
5170,Cc1ccccc1OCC(=O)O
5171,Cc1ccccc1OCC(O)CNCCOc1ccc(C(N)=O)cc1
5172,Cc1ccccc1OCC(O)CO
5173,Cc1ccccc1OCC1CO1
5174,Cc1ccccc1OP(=O)(Oc1ccccc1C)Oc1ccccc1C
5175,Cc1ccccc1S
5176,Cc1ccccc1S(=O)(=O)O
5177,Cc1ccccc1S(N)(=O)=O
5178,Cc1ccccc1[N+](=O)[O-]
5179,Cc1ccccn1
5180,Cc1cccn2c(=O)c(-c3nnn[nH]3)cnc12
5181,Cc1cccnc1
5182,Cc1ccco1
5183,Cc1ccn2nc(S(=O)(=O)Nc3c(F)cccc3F)nc2n1
5184,Cc1ccnc(N)c1
5185,Cc1ccnc(NS(=O)(=O)c2ccc(N)cc2)n1
5186,Cc1ccnc2c1NC(=O)c1cccnc1N2C1CC1
5187,Cc1ccnc2ccccc12
5188,Cc1ccncc1
5189,Cc1ccsc1/C=C/C1=NCCCN1C
5190,Cc1ccsc1C(=CCCN1CCC[C@@H](C(=O)O)C1)c1sccc1C
5191,Cc1cn([C@@H]2O[C@H](CO)[C@@H](O)[C@@H]2F)c(=O)[nH]c1=O
5192,Cc1cn([C@H]2C=C[C@@H](CO)O2)c(=O)[nH]c1=O
5193,Cc1cn([C@H]2C[C@H](F)[C@@H](CO)O2)c(=O)[nH]c1=O
5194,Cc1cn([C@H]2C[C@H](N=[N+]=[N-])[C@@H](CO)O2)c(=O)[nH]c1=O
5195,Cc1cn([C@H]2C[C@H](O)[C@@H](CO)O2)c(=O)[nH]c1=O
5196,Cc1cn[nH]c1
5197,Cc1cnc(C(=O)NCCc2ccc(S(=O)(=O)NC(=O)NC3CCCCC3)cc2)cn1
5198,Cc1cnc(C(=O)O)c[n+]1[O-]
5199,Cc1cnc(C)c(C)n1
5200,Cc1cnc(C2=NC(=O)C(C)(C(C)C)N2)c(C(=O)O)c1
5201,Cc1cnc(NC(=O)C2=C(O)c3ccccc3S(=O)(=O)N2C)s1
5202,Cc1cnc(NS(=O)(=O)c2ccc(N)cc2)nc1
5203,Cc1cnc2c(C(=O)O)c(Cl)ccc2c1
5204,Cc1coc2c1CCC(C)C2
5205,Cc1coc2ccccc2c1=O
5206,Cc1cscn1
5207,Cc1nc(-c2ccc(Cl)cc2)oc1COC(C)(C)C(=O)O
5208,Cc1nc(-c2ccc(OCC(C)C)c(C#N)c2)sc1C(=O)O
5209,Cc1nc(-c2ccc3c(c2)CCN(CCC2CCC(NC(=O)/C=C/c4ccc(F)cc4)CC2)CC3)no1
5210,Cc1nc(-c2ccccn2)ncc1C(=O)Nn1cc(C)c2cc(F)ccc21
5211,Cc1nc(C)c(C)nc1C
5212,Cc1nc(C)c(Cl)c(O)c1Cl
5213,Cc1nc(C)nc(N2C[C@@H](C)N(c3ccnc([C@@H](C)O)n3)[C@@H](C)C2)n1
5214,Cc1nc(C2CCCCC2)c(-c2ccc(S(N)(=O)=O)c(F)c2)o1
5215,Cc1nc(N(C)C)nc(OC(=O)N(C)C)c1C
5216,Cc1nc(N)nc(N)c1-c1ccc(Cl)c(Cl)c1
5217,Cc1nc(N)nc(N)n1
5218,Cc1nc(NS(=O)(=O)c2ccc(N)cc2)nc(C)c1Br
5219,Cc1nc(Nc2ncc(C(=O)Nc3c(C)cccc3Cl)s2)cc(N2CCN(CCO)CC2)n1
5220,Cc1nc([N+](=O)[O-])cn1-c1ccc([N+](=O)[O-])cc1
5221,Cc1nc2c([nH]1)c(=O)n(C)c(=O)n2Cc1ccco1
5222,Cc1nc2ccc(CN(C)c3ccc(C(=O)N[C@@H](CCC(=O)O)C(=O)O)s3)cc2c(=O)[nH]1
5223,Cc1nc2ccc(Cl)cc2[nH]1
5224,Cc1nc2ccccc2c(=O)n1-c1ccccc1Cl
5225,Cc1nc2ccccc2c(=O)o1
5226,Cc1nc2ccccc2n1Cc1ccc(Cl)cc1
5227,Cc1nc2ccccc2s1
5228,Cc1nc2ccccn2c(=O)c1CCN1CCC(C(=O)c2ccc(F)cc2)CC1
5229,Cc1nc2n(c(=O)c1CCN1CCC(C(=O)c3ccc(F)cc3)CC1)CCS2
5230,Cc1nc2n(c(=O)c1CCN1CCC(c3noc4cc(F)ccc34)CC1)CCCC2
5231,Cc1nc2n(c(=O)c1CCN1CCC(c3noc4cc(F)ccc34)CC1)CCC[C@H]2O
5232,Cc1nc2sccn2c(=O)c1CCN1CCC(=C(c2ccc(F)cc2)c2ccc(F)cc2)CC1
5233,Cc1nc[nH]c1CN1CCc2c(c3ccccc3n2C)C1=O
5234,Cc1ncc(CNC(=O)N(CCCl)N=O)c(N)n1
5235,Cc1ncc(CO)c(C=O)c1O
5236,Cc1ncc(CO)c(CN)c1O
5237,Cc1ncc(CO)c(CO)c1O
5238,Cc1ncc(COP(=O)(O)O)c(C=O)c1O
5239,Cc1ncc(CSSCc2cnc(C)c(O)c2CO)c(CO)c1O
5240,Cc1ncc(C[n+]2csc(CCO)c2C)c(N)n1
5241,Cc1ncc(C[n+]2csc(CCOP(=O)(O)O)c2C)c(N)n1
5242,Cc1ncc(C[n+]2csc(CCOP(=O)(O)OP(=O)(O)O)c2C)c(N)n1
5243,Cc1ncc([C@@H](CCCCCCc2ccc3c(n2)NCCC3)CC(=O)O)cn1
5244,Cc1ncc([N+](=O)[O-])n1C
5245,Cc1ncc([N+](=O)[O-])n1CC(C)O
5246,Cc1ncc([N+](=O)[O-])n1CC(O)CCl
5247,Cc1ncc([N+](=O)[O-])n1CCO
5248,Cc1ncc2n1-c1ccc(Cl)cc1C(c1ccccc1F)=NC2
5249,Cc1ncc[nH]1
5250,Cc1nccn1-c1ccc(Sc2cccc(C3(C(N)=O)CCOCC3)c2)cc1
5251,Cc1nccn1CC1CCc2c(c3ccccc3n2C)C1=O
5252,Cc1ncsc1CCCl
5253,Cc1ncsc1CCO
5254,Cc1nn(-c2cc(NS(C)(=O)=O)c(Cl)cc2Cl)c(=O)n1C(F)F
5255,Cc1nn(C)c(Oc2ccccc2)c1/C=N/OCc1ccc(C(=O)OC(C)(C)C)cc1
5256,Cc1nnc(-c2ccccc2)c(=O)n1N
5257,Cc1nnc(C(=O)NC(C)(C)c2nc(C(=O)NCc3ccc(F)cc3)c(O)c(=O)n2C)o1
5258,Cc1nnc(C(C)C)n1C1C[C@H]2CC[C@H](C1)N2CC[C@H](NC(=O)C1CCC(F)(F)CC1)c1ccccc1
5259,Cc1nnc(NS(=O)(=O)c2ccc(N)cc2)s1
5260,Cc1nnc(SCC2=C(C(=O)O)N3C(=O)[C@@H](NC(=O)Cn4cnnn4)[C@H]3SC2)s1
5261,Cc1nnc2n1-c1ccc(Cl)cc1C(c1ccccc1)=NC2
5262,Cc1nnc2n1-c1ccc(Cl)cc1C(c1ccccc1Cl)=NC2
5263,Cc1nnc2n1-c1sc(Br)cc1C(c1ccccc1Cl)=NC2
5264,Cc1nnc2n1-c1sc(CCC(=O)N3CCOCC3)cc1C(c1ccccc1Cl)=NC2
5265,Cc1nnc2n1-c1sc(CCc3ccc(CC(C)C)cc3)cc1C(c1ccccc1Cl)=NC2C
5266,Cc1noc(NS(=O)(=O)c2ccc(N)cc2)c1C
5267,Cc1oc(-c2ccccc2)nc1CCC(=O)c1ccc(CC2SC(=O)NC2=O)cc1
5268,Cc1oc(-c2ccccc2)nc1CCOc1ccc(C[C@H](Nc2ccccc2C(=O)c2ccccc2)C(=O)O)cc1
5269,Cc1oc(-c2ccccc2)nc1CCOc1cccc2c1ccn2CCC(=O)O
5270,Cc1oc(=O)oc1CN1CCN(c2cc3c(cc2F)c(=O)c(C(=O)O)c2n3C(C)S2)CC1
5271,Cc1oc(=O)oc1COC(=O)[C@@H]1N2C(=O)[C@@H](NC(=O)[C@H](N)c3ccccc3)[C@H]2SC1(C)C
5272,Cc1oc(C)c(C(=O)Nc2ccccc2)c1C
5273,Cc1oc2c(NC(=O)c3c(Cl)cccc3Cl)cccc2c1C(C)(C)O
5274,Cc1occc(=O)c1O
5275,Cc1occc(=O)c1OC(=O)C(C)C
5276,Cc1occc1C(=O)Nc1ccc(C(=O)N2CCC(F)(F)/C(=C\C(=O)N3CCC(N4CCCCC4)CC3)c3ccccc32)cc1
5277,Cc1occc1S
5278,Cc1occc1SSc1ccoc1C
5279,Cc1onc(-c2c(Cl)cccc2Cl)c1C(=O)Cl
5280,Cc1onc(-c2c(Cl)cccc2Cl)c1C(=O)N[C@@H]1C(=O)N2[C@@H]1SC(C)(C)[C@@H]2C(=O)O
5281,Cc1onc(-c2ccccc2)c1-c1ccc(S(N)(=O)=O)cc1
5282,Cc1onc(-c2ccccc2)c1C(=O)Cl
5283,Cc1onc(-c2ccccc2Cl)c1C(=O)N[C@@H]1C(=O)N2[C@@H]1SC(C)(C)[C@@H]2C(=O)O
5284,Cc1oncc1C(=O)Nc1ccc(C(F)(F)F)cc1
5285,Cc1scc2c1N(C(=O)CN1CCN(C)CC1)c1ccccc1NC2=O
5286,Cc1sccc1Br
5287,Cl/C(=C\n1cncn1)c1ccc(Cl)cc1Cl
5288,Cl/C=C/Cl
5289,Cl/C=C\C[N+]12CN3CN(CN(C3)C1)C2
5290,Cl/C=C\Cl
5291,ClC(Br)Br
5292,ClC(Cl)(Br)Br
5293,ClC(Cl)(Cl)Br
5294,ClC(Cl)(Cl)C(Cl)(Cl)Cl
5295,ClC(Cl)(Cl)Cl
5296,ClC(Cl)(Cl)c1ccc(C(Cl)(Cl)Cl)cc1
5297,ClC(Cl)(Cl)c1ccccc1
5298,ClC(Cl)=C(Cl)C(Cl)=C(Cl)Cl
5299,ClC(Cl)=C(Cl)Cl
5300,ClC(Cl)=C(c1ccc(Cl)cc1)c1ccc(Cl)cc1
5301,ClC(Cl)Br
5302,ClC(Cl)C(Cl)(Cl)Cl
5303,ClC(Cl)C(Cl)Cl
5304,ClC(Cl)Cl
5305,ClC(Cl)c1ccccc1
5306,ClC/C=C/CCl
5307,ClC/C=C\CCl
5308,ClC1(Cl)C2(Cl)C3(Cl)C4(Cl)C(Cl)(Cl)C5(Cl)C3(Cl)C1(Cl)C5(Cl)C24Cl
5309,ClC1=C(Cl)C(Cl)(Cl)C(Cl)=C1Cl
5310,ClC1=C(Cl)C1(Cl)Cl
5311,ClC1=C(Cl)C2(Cl)C(CBr)CC1(Cl)C2(Cl)Cl
5312,ClC1=C(Cl)C2(Cl)C3C(Cl)C(Cl)CC3C1(Cl)C2(Cl)Cl
5313,ClC1=C(Cl)C2(Cl)C3C(Cl)C=CC3C1(Cl)C2(Cl)Cl
5314,ClC1=C(Cl)C2(Cl)C3C4OC4C(Cl)C3C1(Cl)C2(Cl)Cl
5315,ClC1=C(Cl)[C@@]2(Cl)[C@@H]3[C@@H](Cl)C(Cl)C[C@@H]3C1(Cl)C2(Cl)Cl
5316,ClC1=C(Cl)[C@]2(Cl)[C@@H]3[C@@H]4C[C@@H]([C@H]5O[C@@H]45)[C@@H]3[C@@]1(Cl)C2(Cl)Cl
5317,ClC1=C(Cl)[C@]2(Cl)[C@@H]3[C@H]4C=CC(C4)[C@@H]3C1(Cl)C2(Cl)Cl
5318,ClC1=C(Cl)[C@]2(Cl)[C@@H]3[C@H]4C[C@H]([C@@H]5O[C@H]45)[C@@H]3[C@@]1(Cl)C2(Cl)Cl
5319,ClC1=C(Cl)[C@]2(Cl)[C@H]3[C@H]([C@H]4C=C[C@H]3C4)[C@@]1(Cl)C2(Cl)Cl
5320,ClC1C(Cl)C(Cl)C(Cl)C(Cl)C1Cl
5321,ClC=C(Cl)Cl
5322,ClC=CCCl
5323,ClC=CCl
5324,ClCBr
5325,ClCC(Br)CBr
5326,ClCC(Cl)(Cl)Cl
5327,ClCC(Cl)CCl
5328,ClCC(Cl)Cl
5329,ClCC1CO1
5330,ClCC=CCCl
5331,ClCCBr
5332,ClCCCCBr
5333,ClCCCCCCCl
5334,ClCCCCl
5335,ClCCCN1CCN(c2cccc(Cl)c2)CC1
5336,ClCCCl
5337,ClCCN(CCCl)CCCl
5338,ClCCN1CCCC1
5339,ClCCOCCCl
5340,ClCCOCCOCCCl
5341,ClCCOCOCCCl
5342,ClCCOP(OCCCl)OCCCl
5343,ClCCl
5344,ClCOCCl
5345,ClCc1ccc(Cl)cc1Cl
5346,ClCc1cccc(Cl)c1
5347,ClCc1ccccc1
5348,ClCc1ccccc1Cl
5349,ClCc1ccccn1
5350,ClCc1cccnc1
5351,ClP(Cl)(Cl)(Cl)Cl
5352,ClP(Cl)c1ccccc1
5353,ClSC(Cl)(Cl)Cl
5354,Cl[C@H]1OCCO[C@@H]1Cl
5355,Cl[C@H]1[C@H](Cl)[C@@H](Cl)[C@@H](Cl)[C@H](Cl)[C@H]1Cl
5356,Cl[C@H]1[C@H](Cl)[C@@H](Cl)[C@H](Cl)[C@@H](Cl)[C@@H]1Cl
5357,Cl[C@H]1[C@H](Cl)[C@@H](Cl)[C@H](Cl)[C@H](Cl)[C@H]1Cl
5358,Cl[Si](Cl)(c1ccccc1)c1ccccc1
5359,Clc1c(Cl)c(Cl)c(Cl)c(Cl)c1Cl
5360,Clc1cc(C(Cl)(Cl)Cl)cnc1Cl
5361,Clc1cc(Cl)c(-c2cc(Cl)c(Cl)cc2Cl)cc1Cl
5362,Clc1cc(Cl)c(Cl)c(Cl)c1
5363,Clc1cc(Cl)c(Cl)c(Cl)c1Cl
5364,Clc1cc(Cl)c(Cl)cc1Cl
5365,Clc1cc(Cl)c(Cl)nc1Cl
5366,Clc1cc(Cl)c(OCC#CI)cc1Cl
5367,Clc1cc(Cl)c2c(c1)N=C1CCCCCN1C2
5368,Clc1cc(Cl)cc(Cl)c1
5369,Clc1cc(Cl)nc(Cl)n1
5370,Clc1cc2c(cc1Cl)Oc1cc(Cl)c(Cl)cc1O2
5371,Clc1ccc(C(Cl)(Cl)Cl)c(Cl)c1
5372,Clc1ccc(C(Cl)(Cl)Cl)cc1
5373,Clc1ccc(C(Cl)(Cl)Cl)cc1Cl
5374,Clc1ccc(C(Cl)(Cl)Cl)cn1
5375,Clc1ccc(C(Cn2ccnc2)OCc2c(Cl)cccc2Cl)c(Cl)c1
5376,Clc1ccc(C(Cn2ccnc2)OCc2ccc(Sc3ccccc3)cc2)c(Cl)c1
5377,Clc1ccc(C(Cn2ccnc2)OCc2ccsc2Cl)c(Cl)c1
5378,Clc1ccc(C(Cn2ccnc2)OCc2csc3c(Cl)cccc23)c(Cl)c1
5379,Clc1ccc(C(OCCN2CCCCC2)c2ccccc2)cc1
5380,Clc1ccc(C(c2ccc(Cl)cc2)C(Cl)(Cl)Cl)cc1
5381,Clc1ccc(C(c2ccc(Cl)cc2)C(Cl)Cl)cc1
5382,Clc1ccc(C(c2ccccc2Cl)C(Cl)(Cl)Cl)cc1
5383,Clc1ccc(C(c2ccccc2Cl)C(Cl)Cl)cc1
5384,Clc1ccc(C2(Cn3cncn3)OCCO2)c(Cl)c1
5385,Clc1ccc(CCC(Cn2ccnc2)Sc2c(Cl)cccc2Cl)cc1
5386,Clc1ccc(CO/N=C(\Cn2ccnc2)c2ccc(Cl)cc2Cl)c(Cl)c1
5387,Clc1ccc(COC(Cn2ccnc2)c2ccc(Cl)cc2Cl)c(Cl)c1
5388,Clc1ccc(COC(Cn2ccnc2)c2ccc(Cl)cc2Cl)cc1
5389,Clc1ccc(CSC(Cn2ccnc2)c2ccc(Cl)cc2Cl)cc1
5390,Clc1ccc(Cl)c(Cl)c1
5391,Clc1ccc(Cl)c(Cl)c1Cl
5392,Clc1ccc(Cl)cc1
5393,Clc1ccc(Cn2c(CN3CCCC3)nc3ccccc32)cc1
5394,Clc1ccc(Nc2nnc(Cc3ccncc3)c3ccccc23)cc1
5395,Clc1ccc(Sc2cc(Cl)c(Cl)cc2Cl)cc1
5396,Clc1ccc([C@@H]2C[C@H]3CC[C@@H]2N3)cn1
5397,Clc1ccc2[nH]nnc2c1
5398,Clc1ccc2c(c1)C(N1CCNCC1)=Nc1ccccc1O2
5399,Clc1ccc2c(c1)C(c1ccccc1)=NCc1nncn1-2
5400,Clc1ccc2c(c1)CCc1cccnc1C2=C1CCNCC1
5401,Clc1ccc2c(c1)Nc1ccccc1S2
5402,Clc1ccc2cc3ccccc3cc2c1
5403,Clc1ccc2ccccc2c1
5404,Clc1ccc2nsnc2c1NC1=NCCN1
5405,Clc1cccc(-c2cc(Cl)cc(Cl)c2)c1
5406,Clc1cccc(C(Cl)(Cl)Cl)n1
5407,Clc1cccc(C(c2ccc3nc[nH]c3c2)n2ccnc2)c1
5408,Clc1cccc(Cl)c1
5409,Clc1cccc(Cl)c1Cl
5410,Clc1cccc(Cl)c1N=C1NCCN1
5411,Clc1cccc(N2CCNCC2)c1
5412,Clc1cccc(SC2CCNCC2)n1
5413,Clc1cccc2ccccc12
5414,Clc1ccccc1
5415,Clc1ccccc1-c1ccccc1Cl
5416,Clc1ccccc1-c1nc(-c2ccncc2)no1
5417,Clc1ccccc1-c1nnc(-c2ccccc2Cl)nn1
5418,Clc1ccccc1C(c1ccccc1)(c1ccccc1)n1ccnc1
5419,Clc1ccccc1CN1CCc2sccc2C1
5420,Clc1ccccc1Cl
5421,Clc1ccccc1N1CCNCC1
5422,Clc1ccccn1
5423,Clc1ccnc(Cl)n1
5424,Clc1cnc(Oc2ccc(Oc3ncc(Cl)cc3Cl)cc2)c(Cl)c1
5425,Clc1nc(C(Cl)(Cl)Cl)c(Cl)c(Cl)c1Cl
5426,Clc1nc(Cl)c(Cl)c(Cl)c1Cl
5427,Clc1nc(Cl)nc(Cl)n1
5428,Clc1nc2ccccc2nc1Cl
5429,Clc1nnc(Cl)c2ccccc12
5430,Clc1sc(Cl)c(Cl)c1Cl
5431,Cn1c(-c2ccccc2)cc(-c2ccccc2)[n+]1C
5432,Cn1c(=N)[nH]c2[nH]cnc2c1=O
5433,Cn1c(=O)c2[nH]c(Br)nc2n(C)c1=O
5434,Cn1c(=O)c2[nH]cnc2n(C)c1=O
5435,Cn1c(=O)c2c(ncn2CC(=O)O)n(C)c1=O
5436,Cn1c(=O)c2c(ncn2CC(O)CO)n(C)c1=O
5437,Cn1c(=O)c2c(ncn2CC2OCCO2)n(C)c1=O
5438,Cn1c(=O)c2c(ncn2CCO)n(C)c1=O
5439,Cn1c(=O)c2c(ncn2CCOC(=O)C(C)(C)Oc2ccc(Cl)cc2)n(C)c1=O
5440,Cn1c(=O)cc(Oc2ccc(F)cc2F)c2cnc(NCC(C)(C)O)nc21
5441,Cn1c(CCCC(=O)O)nc2cc(N(CCCl)CCCl)ccc21
5442,Cn1c(N)c(N=O)c(=O)n(C)c1=O
5443,Cn1c(N)nc2c3cccnc3ccc21
5444,Cn1c(NCCN(CCO)CCCc2ccc([N+](=O)[O-])cc2)cc(=O)n(C)c1=O
5445,Cn1c([N+](=O)[O-])cnc1COC(N)=O
5446,Cn1cc(-c2ccccc2)c(=O)c(-c2cccc(C(F)(F)F)c2)c1
5447,Cn1cc(C(=O)[C@@H]2CCc3[nH]cnc3C2)c2ccccc21
5448,Cn1cc(C2=C(c3cn(C4CCN(Cc5ccccn5)CC4)c4ccccc34)C(=O)NC2=O)c2ccccc21
5449,Cn1cc(NC(=O)c2cc(NC(=O)c3cc(NC=O)cn3C)cn2C)cc1C(=O)NCCC(=N)N
5450,Cn1cc(S(C)=O)c(=O)c2ccc(F)cc21
5451,Cn1cc[n+](C)c1
5452,Cn1cc[nH]c1=S
5453,Cn1ccc2cc3c(cc21)CCN3C(=O)Nc1cccnc1
5454,Cn1cnc([N+](=O)[O-])c1Sc1ncnc2nc[nH]c12
5455,Cn1cnc2c(=O)nc(N)[nH]c21
5456,Cn1cnc2c(F)c(Nc3ccc(Br)cc3Cl)c(C(=O)NOCCO)cc21
5457,Cn1cnc2c1c(=O)[nH]c(=O)n2C
5458,Cn1cnc2ncnc(N)c21
5459,Cn1nnc2c(C(N)=O)ncn2c1=O
5460,Cn1sc(Cl)cc1=O
5461,Cn1sccc1=O
5462,F/C(COc1ccc2c(c1)[nH]c1ccccc12)=C1/CN2CCC1CC2
5463,FB(F)F
5464,FC(Cl)(Cl)C(F)(Cl)Cl
5465,FC(Cl)(Cl)Cl
5466,FC(F)(Cl)C(F)(Cl)Cl
5467,FC(F)(F)C(=NOCC1OCCO1)c1ccc(Cl)cc1
5468,FC(F)(F)C(Cl)(Cl)Cl
5469,FC(F)(F)C(Cl)Br
5470,FC(F)(F)C(F)(F)C(F)(F)C(F)(F)C(F)(F)C(F)(F)C(F)(F)C(F)(F)Br
5471,FC(F)(F)C(F)(F)C(F)(F)C(F)(F)C(F)(F)C(F)(F)C(F)(F)C(F)(F)C(F)(F)C(F)(F)F
5472,FC(F)(F)C(F)(F)C(F)(F)C(F)(F)C(F)(F)C(F)(F)CCI
5473,FC(F)(F)C(F)(F)C(F)(F)C(F)(F)C(F)(F)C(F)(F)F
5474,FC(F)(F)C(F)(F)C(F)(F)C(F)(F)C(F)(F)F
5475,FC(F)(F)C(F)(F)C(F)(F)C(F)(F)CCI
5476,FC(F)(F)COCC(F)(F)F
5477,FC(F)(F)c1ccc(Cl)c(Cl)c1
5478,FC(F)(F)c1ccc(Cl)cc1
5479,FC(F)(F)c1ccc(Cl)cc1Cl
5480,FC(F)(F)c1cccc(C2=CCN(CCc3ccc4ccccc4c3)CC2)c1
5481,FC(F)(F)c1cccc(Cl)c1
5482,FC(F)(F)c1ccccc1
5483,FC(F)(F)c1ccccc1-n1ccnc1
5484,FC(F)(F)c1ccccc1Cl
5485,FC(F)C(F)(F)OCC(Cn1cncn1)c1ccc(Cl)cc1Cl
5486,FC(F)OC(Cl)C(F)(F)F
5487,FC(F)OC(F)(F)C(F)Cl
5488,FC1(F)C(F)(F)C(F)(F)C2(F)C(F)(C1(F)F)C(F)(F)C(F)(F)C1(F)C(F)(F)C(F)(F)C(F)(F)C(F)(F)C12F
5489,FC1(F)C(F)(F)C(F)(F)C2(F)C(F)(F)C(F)(F)C(F)(F)C(F)(F)C2(F)C1(F)F
5490,FCOC(C(F)(F)F)C(F)(F)F
5491,F[B-](F)(F)F
5492,Fc1c(F)c(F)c(Br)c(F)c1F
5493,Fc1cc(Br)ccc1CBr
5494,Fc1ccc(Br)cc1
5495,Fc1ccc(C(OCCN2CCN(CCCc3ccccc3)CC2)c2ccc(F)cc2)cc1
5496,Fc1ccc(C(c2ccc(F)cc2)N2CCN(C/C=C/c3ccccc3)CC2)cc1
5497,Fc1ccc(C2(Cn3cncn3)OC2c2ccccc2Cl)cc1
5498,Fc1ccc(Oc2ccnc3cc(Cl)cc(Cl)c23)cc1
5499,Fc1ccc([C@@H]2CCNC[C@H]2COc2ccc3c(c2)OCO3)cc1
5500,Fc1cccc(Cl)c1CCl
5501,Fc1ccccc1
5502,Fc1ccccc1-c1ccccc1
5503,Fc1ccccc1[C@@H](F)CO[C@H]1CC[C@H](Nc2[nH]cnc3nncc2-3)CC1
5504,I
5505,IC(I)=C(I)I
5506,IC(I)I
5507,ICCc1ccccc1
5508,II
5509,N
5510,N#C/C(=C1/SC[C@@H](c2ccc(Cl)cc2Cl)S1)n1ccnc1
5511,N#C/C(=C1\SCC(c2ccccc2Cl)S1)n1ccnc1
5512,N#C/C(N)=C(/N)C#N
5513,N#C/C=C/C#N
5514,N#C/N=C1\SCCN1Cc1ccc(Cl)nc1
5515,N#CC(Br)(Br)C(N)=O
5516,N#CC(Br)Br
5517,N#CC(C#N)=C(C#N)C#N
5518,N#CC(C#N)=Cc1cc(O)c(O)c(O)c1
5519,N#CC(C#N)=Cc1ccc(O)c(O)c1
5520,N#CC(C#N)=NNc1cccc(Cl)c1
5521,N#CC(CCc1ccc(Cl)cc1)(Cn1cncn1)c1ccccc1
5522,N#CC(Cl)(Cl)Cl
5523,N#CC(Cl)Cl
5524,N#CC(O)c1ccccc1
5525,N#CC(c1ccc(Cl)cc1)c1c(Cl)cc(-n2ncc(=O)[nH]c2=O)cc1Cl
5526,N#CC(c1ccccc1)c1ccccc1
5527,N#CC1(N)CCCCC1
5528,N#CC1(N=NC2(C#N)CCCCC2)CCCCC1
5529,N#CC1(O)CCCCC1
5530,N#CC1(c2ccc(F)cc2)CCC(=O)CC1
5531,N#CCBr
5532,N#CCC#N
5533,N#CCC(=O)NN
5534,N#CCC(=O)O
5535,N#CCCC#N
5536,N#CCCC(Br)(C#N)CBr
5537,N#CCCCC(C#N)CCC#N
5538,N#CCCCCC#N
5539,N#CCCCl
5540,N#CCCN(CCO)CCO
5541,N#CCCNCCC#N
5542,N#CCCOCCOCCC#N
5543,N#CCCSCCC#N
5544,N#CCCl
5545,N#CCN(CC#N)CCN(CC#N)CC#N
5546,N#CCNCC#N
5547,N#CCc1ccc(Cl)cc1Cl
5548,N#CCc1cccc(C(F)(F)F)c1
5549,N#CCc1ccccc1
5550,N#CCc1ccccc1[N+](=O)[O-]
5551,N#CN
5552,N#CNC#N
5553,N#CNC(=N)N
5554,N#CS
5555,N#CSCC(=O)O
5556,N#CSCSC#N
5557,N#CSCSc1nc2ccccc2s1
5558,N#CSCc1ccccc1
5559,N#CSc1ccc(N)c([N+](=O)[O-])c1
5560,N#CSc1ccc([N+](=O)[O-])cc1[N+](=O)[O-]
5561,N#C[C@@H]1CC(F)(F)CN1C(=O)CNC1CC2CCC(C1)N2c1ncccn1
5562,N#C[C@@H]1C[C@@H]2C[C@@H]2N1C(=O)[C@@H](N)C12CC3CC(CC(O)(C3)C1)C2
5563,N#Cc1c(Cl)c(Cl)c(Cl)c(C#N)c1Cl
5564,N#Cc1c(Cl)cccc1Cl
5565,N#Cc1c(F)cccc1F
5566,N#Cc1c2ccccc2cc2ccccc12
5567,N#Cc1c[nH]cc1-c1cccc2c1OC(F)(F)O2
5568,N#Cc1cc(Br)c(O)c(Br)c1
5569,N#Cc1cc(I)c(O)c(I)c1
5570,N#Cc1cc(NC(=O)C(=O)O)c(Cl)c(NC(=O)C(=O)O)c1
5571,N#Cc1cc2ccccc2c2ccccc12
5572,N#Cc1ccc(C(=O)O)cc1
5573,N#Cc1ccc(C(c2ccc(C#N)cc2)n2cncn2)cc1
5574,N#Cc1ccc(C2CCCc3cncn32)cc1
5575,N#Cc1ccc(CC(=O)c2cccc(C(F)(F)F)c2)cc1
5576,N#Cc1ccc(Cl)cc1
5577,N#Cc1ccc(N(CC(N)=O)CC(F)(F)F)cc1C(F)(F)F
5578,N#Cc1ccc2c(c1)N(CCCN1CCC(O)CC1)c1ccccc1S2
5579,N#Cc1cccc(C#N)c1
5580,N#Cc1ccccc1
5581,N#Cc1ccccc1C#N
5582,N#Cc1ccccc1O
5583,N#Cc1ccccn1
5584,N#Cc1cccnc1
5585,N#Cc1ccncc1
5586,N#Cc1nc(Cl)c(Cl)c(Cl)c1Cl
5587,N#Cc1nn(-c2c(Cl)cc(C(F)(F)F)cc2Cl)c(N)c1S(=O)C(F)(F)F
5588,N#Cc1sc2c(=O)c3ccccc3c(=O)c=2sc1C#N
5589,N#[C][AuH][C]#N
5590,N#[C][Fe-2]([C]#N)([C]#N)([C]#N)([C]#N)[N]=O
5591,N=C(N)N
5592,N=C(N)N1CCc2ccccc2C1
5593,N=C(N)NC(=N)N1CCOCC1
5594,N=C(N)NC(=N)NCCc1ccccc1
5595,N=C(N)NC(=O)Cc1c(Cl)cccc1Cl
5596,N=C(N)NC(=O)c1nc(Cl)c(N)nc1N
5597,N=C(N)NCC1COC2(CCCCC2)O1
5598,N=C(N)NCC1COc2ccccc2O1
5599,N=C(N)NCCCCNC(=N)N
5600,N=C(N)NCCCC[C@@H]1NC(=O)CCSSC[C@@H](C(N)=O)NC(=O)[C@@H]2CCCN2C(=O)[C@H](Cc2c[nH]c3ccccc23)NC(=O)[C@H](CC(=O)O)NC(=O)CNC1=O
5601,N=C(N)NCCC[C@H](N)C(=O)O
5602,N=C(N)NCCC[C@H](NC(=O)[C@@H]1CCCN1C(=O)[C@@H]1CSSCCC(=O)N[C@@H](Cc2ccc(O)cc2)C(=O)N[C@@H](Cc2ccccc2)C(=O)N[C@@H](CCC(N)=O)C(=O)N[C@@H](CC(N)=O)C(=O)N1)C(=O)NCC(N)=O
5603,N=C(N)NCCC[C@H](NC(=O)[C@@H]1CCCN1C(=O)[C@@H]1CSSC[C@H](N)C(=O)N[C@@H](Cc2ccc(O)cc2)C(=O)N[C@@H](Cc2ccccc2)C(=O)N[C@@H](CCC(N)=O)C(=O)N[C@@H](CC(N)=O)C(=O)N1)C(=O)NCC(N)=O
5604,N=C(N)NCCN1CCCCCCC1
5605,N=C(N)NCc1cccc(I)c1
5606,N=C(N)NN=C(C=Cc1ccc([N+](=O)[O-])o1)C=Cc1ccc([N+](=O)[O-])o1
5607,N=C(N)NN=Cc1c(Cl)cccc1Cl
5608,N=C(N)NS(=O)(=O)c1ccc(N)cc1
5609,N=C(N)N[N+](=O)[O-]
5610,N=C(N)Nc1ccc(C(=O)Oc2ccc3cc(C(=N)N)ccc3c2)cc1
5611,N=C(N)S(=O)O
5612,N=C(N)c1ccc(OCCCCCOc2ccc(C(=N)N)cc2)cc1
5613,N=C(N)c1ccc(OCCCOc2ccc(C(=N)N)cc2)cc1
5614,N=C(N)c1ccc(OCCCOc2ccc(C(=N)N)cc2Br)c(Br)c1
5615,N=C(N)c1ccccc1
5616,N=C(N)n1cccn1
5617,N=C(NCCCCCCNC(=N)NC(=N)Nc1ccc(Cl)cc1)NC(=N)Nc1ccc(Cl)cc1
5618,N=C(NN=Cc1ccc(Cl)cc1)NN=Cc1ccc(Cl)cc1
5619,N=C(Nc1ccccc1)Nc1ccccc1
5620,N=C1C=CC(=C(c2ccc(N)cc2)c2ccc(N)cc2)C=C1
5621,N=C1NC(=N)c2cc3ccccc3cc21
5622,N=C1NC(=N)c2ccccc21
5623,N=c1ccn2c(n1)O[C@H]1[C@H](O)[C@@H](CO)O[C@H]12
5624,NC(=O)C(=O)NN=Cc1ccc([N+](=O)[O-])o1
5625,NC(=O)C(Cl)(Cl)Cl
5626,NC(=O)C(Cl)Cl
5627,NC(=O)C(c1ccccc1)(c1ccccc1)[C@@H]1CCN(CCc2ccc3c(c2)CCO3)C1
5628,NC(=O)C1(N2CCCCC2)CCN(CCCC(=O)c2ccc(F)cc2)CC1
5629,NC(=O)C1c2ccccc2CCc2ccccc21
5630,NC(=O)CCCCC(N)=O
5631,NC(=O)CCCCC1CCSS1
5632,NC(=O)CC[C@@H](N)C(=O)O
5633,NC(=O)CC[C@H](Nc1ccc([N+](=O)[O-])cc1)C(=O)O
5634,NC(=O)CF
5635,NC(=O)CI
5636,NC(=O)CN1CC(O)CC1=O
5637,NC(=O)CN1CCCC1=O
5638,NC(=O)COCCN1CCN(C(c2ccccc2)c2ccc(Cl)cc2)CC1
5639,NC(=O)CS(=O)C(c1ccccc1)c1ccccc1
5640,NC(=O)Cc1cccc(C(=O)c2ccccc2)c1N
5641,NC(=O)Cc1cccc2ccccc12
5642,NC(=O)Cn1c(=O)cc(CCN2CCN(c3nccc4sccc34)CC2)c2ccc(F)cc21
5643,NC(=O)N(O)[C@@H]1C=C[C@H](Oc2cccc(Oc3ccc(F)cc3)c2)C1
5644,NC(=O)N(O)[C@@H]1COc2cc(OCc3ccccc3)ccc21
5645,NC(=O)N/N=C/c1ccc([N+](=O)[O-])o1
5646,NC(=O)N1C(=O)C(C(=O)c2cc(Cl)cs2)c2cc(F)c(Cl)cc21
5647,NC(=O)N1c2ccccc2C=Cc2ccccc21
5648,NC(=O)N1c2ccccc2CC(=O)c2ccccc21
5649,NC(=O)N=NC(N)=O
5650,NC(=O)NC(=O)Cc1ccccc1
5651,NC(=O)NC(N)=O
5652,NC(=O)NC1NC(=O)NC1=O
5653,NC(=O)NNC(N)=O
5654,NC(=O)NNc1ccccc1
5655,NC(=O)NO
5656,NC(=O)NS(=O)(=O)c1ccc(Cl)cc1
5657,NC(=O)NS(=O)(=O)c1ccc(N)cc1
5658,NC(=O)N[C@@H](CCC(=O)O)C(=O)O
5659,NC(=O)Nc1ccc(Cl)c(Cl)c1
5660,NC(=O)Nc1ccc(Cl)cc1
5661,NC(=O)Nc1ccc([As](=O)(O)O)cc1
5662,NC(=O)Nc1ccccc1
5663,NC(=O)Nc1nc2ccccc2[nH]1
5664,NC(=O)O
5665,NC(=O)OCC(COC(N)=O)c1ccccc1
5666,NC(=O)OCC(O)COc1ccc(Cl)cc1
5667,NC(=O)OCCCc1ccccc1
5668,NC(=O)OC[C@@H]1[C@H](NC(=O)/C(=N\OCC(=O)O)c2csc(N)n2)C(=O)N1S(=O)(=O)O
5669,NC(=O)Oc1ccc(Cc2ccccc2)cc1
5670,NC(=O)[C@@H]1CCCN1C(=O)[C@H](Cc1cnc[nH]1)NC(=O)[C@@H]1CCC(=O)N1
5671,NC(=O)[C@@H]1C[C@]2(NC(=O)NC2=O)c2cc(F)ccc2O1
5672,NC(=O)[C@H]1O[C@@H](O)[C@H](O)[C@@H](O)[C@@H]1O
5673,NC(=O)c1c(Cl)cccc1Cl
5674,NC(=O)c1cc([N+](=O)[O-])cc([N+](=O)[O-])c1
5675,NC(=O)c1cc[n+](CC2=C(C(=O)O)N3C(=O)[C@@H](NC(=O)[C@H](c4ccccc4)S(=O)(=O)[O-])[C@@H]3SC2)cc1
5676,NC(=O)c1cc[n+](CC2=C(C(=O)[O-])N3C(=O)[C@@H](NC(=O)Cc4cccs4)[C@H]3SC2)cc1
5677,NC(=O)c1ccc(N)cc1
5678,NC(=O)c1ccc([N+](=O)[O-])cc1
5679,NC(=O)c1ccc([N+](=O)[O-])cc1Cl
5680,NC(=O)c1ccc[n+]([C@@H]2O[C@H](COP(=O)([O-])OP(=O)(O)OC[C@H]3O[C@@H](n4cnc5c(N)ncnc54)[C@H](O)[C@@H]3O)[C@@H](O)[C@H]2O)c1
5681,NC(=O)c1cccc([N+](=O)[O-])c1
5682,NC(=O)c1ccccc1
5683,NC(=O)c1ccccc1C(N)=O
5684,NC(=O)c1ccccc1N
5685,NC(=O)c1ccccc1O
5686,NC(=O)c1ccccc1[N+](=O)[O-]
5687,NC(=O)c1cccnc1
5688,NC(=O)c1ccncc1
5689,NC(=O)c1cn(Cc2c(F)cccc2F)nn1
5690,NC(=O)c1cnccn1
5691,NC(=O)c1nc(-c2cccc(-c3cc(F)ccc3OCC(F)(F)C(F)(F)F)c2)n[nH]1
5692,NC(=O)c1ncn([C@@H]2O[C@H](CO)[C@@H](O)[C@H]2O)c1N
5693,NC(=O)c1ncn([C@@H]2O[C@H](CO)[C@@H](O)[C@H]2O)c1O
5694,NC(=O)c1ncn([C@@H]2O[C@H](CO)[C@@H](O)[C@H]2O)n1
5695,NC(=O)n1c(O)c(C(=O)c2cccs2)c2cc(Cl)ccc21
5696,NC(=S)C(N)=S
5697,NC(=S)N/N=C/c1cccnc1
5698,NC(=S)NC(N)=S
5699,NC(=S)NNC(N)=S
5700,NC(=S)NS(=O)(=O)c1ccc(N)cc1
5701,NC(=S)Nc1cccc2ccccc12
5702,NC(=S)Nc1ccccc1
5703,NC(=S)c1c(Cl)cccc1Cl
5704,NC(CCC(=O)O)C(=O)O
5705,NC(CO)(CO)CO
5706,NC(CO)C(=O)NNCc1ccc(O)c(O)c1O
5707,NC(CS)C(=O)O
5708,NC(CSCC(=O)O)C(=O)O
5709,NC(Cc1c[nH]c2ccccc12)C(=O)O
5710,NC(Cc1ccc(Cl)cc1)C(=O)O
5711,NC(Cc1ccc(F)cc1)C(=O)O
5712,NC(Cc1ccccc1)C(=O)O
5713,NC(N)=Nc1nc(CSCC/C(N)=N\S(N)(=O)=O)cs1
5714,NC(N)=O
5715,NC(N)=S
5716,NC(N)=[Se]
5717,NC/C=C/C(=O)O
5718,NC1(c2ccc(-c3nc4ccn5c(=O)[nH]nc5c4cc3-c3ccccc3)cc2)CCC1
5719,NC1(c2ccccc2)CCCCC1
5720,NC12CC3CC(CC(C3)C1)C2
5721,NC1=NC(=O)C(c2ccccc2)O1
5722,NC1=NC(=O)N2CC12
5723,NC1=NCC2c3ccccc3Cc3ccccc3N12
5724,NC1CCC(CC2CCC(N)CC2)CC1
5725,NC1CCCCC1
5726,NC1CCCCC1N
5727,NC1CCN(c2cccc(Cl)n2)CC1
5728,NC1CCN(c2nc3c(cc2F)c(=O)c(C(=O)O)cn3-c2ccc(F)cc2F)C1
5729,NC=O
5730,NCC(=O)CCC(=O)O
5731,NCC(=O)O
5732,NCC(CC(=O)O)c1ccc(Cl)cc1
5733,NCC(O)c1ccc(O)cc1
5734,NCC(O)c1cccc(O)c1
5735,NCC1(CC(=O)O)CCCCC1
5736,NCC1(Cc2noc(=O)[nH]2)CCCCC1
5737,NCC1CCC(C(=O)O)CC1
5738,NCC1CCCC(CN)C1
5739,NCCC(O)(P(=O)(O)O)P(=O)(O)O
5740,NCCCC(=O)O
5741,NCCCC(N)(C(=O)O)C(F)F
5742,NCCCC(O)(P(=O)(O)O)P(=O)(O)O
5743,NCCCCCC(=O)O
5744,NCCCCCCN
5745,NCCCCCCNCCCCCCN
5746,NCCCC[C@H](NC(=O)[C@@H]1CCCN1C(=O)[C@@H]1CSSC[C@H](N)C(=O)N[C@@H](Cc2ccc(O)cc2)C(=O)N[C@@H](Cc2ccccc2)C(=O)N[C@@H](CCC(N)=O)C(=O)N[C@@H](CC(N)=O)C(=O)N1)C(=O)NCC(N)=O
5747,NCCCC[C@H](NC(=O)[C@@H]1CCCN1C(=O)[C@@H]1CSSC[C@H](N)C(=O)N[C@@H](Cc2ccccc2)C(=O)N[C@@H](Cc2ccccc2)C(=O)N[C@@H](CCC(N)=O)C(=O)N[C@@H](CC(N)=O)C(=O)N1)C(=O)NCC(N)=O
5748,NCCCC[C@H](NC(=O)[C@@H]1CCCN1C(=O)[C@@H]1CSSC[C@H](NC(=O)CNC(=O)CNC(=O)CN)C(=O)N[C@@H](Cc2ccc(O)cc2)C(=O)N[C@@H](Cc2ccccc2)C(=O)N[C@@H](CCC(N)=O)C(=O)N[C@@H](CC(N)=O)C(=O)N1)C(=O)NCC(N)=O
5749,NCCCC[C@H](N[C@@H](CCc1ccccc1)C(=O)O)C(=O)N1CCC[C@H]1C(=O)O
5750,NCCCN(CCO)CCO
5751,NCCCN1CCN(CCCN)CC1
5752,NCCCN1CCOCC1
5753,NCCCNCCCN
5754,NCCCNCCSP(=O)(O)O
5755,NCCCOCCOCCOCCCN
5756,NCCC[C@H](N)C(=O)O
5757,NCCC[C@H](N)CC(=O)N[C@H]1CNC(=O)[C@H]([C@H]2C[C@H](O)N=C(N)N2)NC(=O)/C(=C/NC(N)=O)NC(=O)[C@H](CO)NC(=O)[C@H](CO)NC1=O
5758,NCCN
5759,NCCN1CCNC1=O
5760,NCCN1CCNCC1
5761,NCCN1CCOCC1
5762,NCCNC(=O)c1ccc(Cl)cn1
5763,NCCNCCN
5764,NCCNCCNCCN
5765,NCCNCCNCCNCCN
5766,NCCNCCO
5767,NCCNc1cccc2ccccc12
5768,NCCOCCN
5769,NCCOCCO
5770,NCCOCCOCCN
5771,NCCOS(=O)(=O)O
5772,NCCS
5773,NCCS(=O)(=O)O
5774,NCC[C@H](O)C(=O)N[C@@H]1C[C@H](N)[C@@H](O[C@H]2O[C@H](CN)[C@@H](O)[C@H](O)[C@H]2O)[C@H](O)[C@H]1O[C@H]1O[C@H](CO)[C@@H](O)[C@H](N)[C@H]1O
5775,NCCc1cc(O)c(O)cc1O
5776,NCCc1cc[nH]n1
5777,NCCc1ccc(O)c(O)c1
5778,NCCc1ccc(O)cc1
5779,NCCc1cnc[nH]1
5780,NC[C@@H]1CC[C@@H](N)[C@@H](O[C@H]2[C@H](O)[C@@H](O[C@H]3O[C@H](CO)[C@@H](O)[C@H](N)[C@H]3O)[C@H](N)C[C@@H]2N)O1
5781,NC[C@@H]1O[C@H](O[C@H]2[C@@H](O)[C@H](O[C@@H]3[C@@H](O)[C@H](N)C[C@H](N)[C@H]3O[C@H]3O[C@H](CO)[C@@H](O)[C@H](O)[C@H]3N)O[C@@H]2CO)[C@H](N)[C@@H](O)[C@@H]1O
5782,NC[C@H](O)c1ccc(O)c(O)c1
5783,NC[C@H]1CC[C@H](C(=O)Oc2ccc(CCC(=O)O)cc2)CC1
5784,NC[C@H]1O[C@H](O[C@H]2[C@H](O)[C@@H](O[C@H]3O[C@H](CO)[C@@H](O)[C@H](N)[C@H]3O)[C@H](N)C[C@@H]2N)[C@H](N)C[C@@H]1O
5785,NC[C@H]1O[C@H](O[C@H]2[C@H](O)[C@@H](O[C@H]3O[C@H](CO)[C@@H](O)[C@H](N)[C@H]3O)[C@H](N)C[C@@H]2N)[C@H](N)[C@@H](O)[C@@H]1O
5786,NC[C@H]1O[C@H](O[C@H]2[C@H](O)[C@@H](O[C@H]3O[C@H](CO)[C@@H](O)[C@H](N)[C@H]3O)[C@H](N)C[C@@H]2N)[C@H](O)[C@@H](O)[C@@H]1O
5787,NC[C@H]1O[C@H](O[C@H]2[C@H](O[C@@H]3O[C@H](CO)[C@@H](O)[C@H]3O)C(O)[C@H](N)C[C@@H]2N)[C@H](N)[C@@H](O)[C@@H]1O
5788,NCc1ccc(S(N)(=O)=O)cc1
5789,NCc1cccc(C2CCN(C(=O)c3ccc(C#Cc4ccccc4F)o3)CC2)c1
5790,NCc1cccc(CN)c1
5791,NCc1ccccc1
5792,NCc1ccccc1Sc1ccccc1CO
5793,NCc1cccnc1
5794,NN
5795,NNC(=O)CCCCC(=O)NN
5796,NNC(=O)CP(=O)(c1ccccc1)c1ccccc1
5797,NNC(=O)OCc1ccccc1
5798,NNC(=O)c1cccc(C(=O)NN)c1
5799,NNC(=O)c1ccccc1
5800,NNC(=O)c1cccnc1
5801,NNC(=O)c1ccncc1
5802,NNC(=S)NN
5803,NNC(N)=O
5804,NNC(N)=S
5805,NNCCO
5806,NNCCc1ccccc1
5807,NNS(=O)(=O)c1ccc(Oc2ccc(S(=O)(=O)NN)cc2)cc1
5808,NNc1ccc(C(=O)O)cc1
5809,NNc1ccccc1
5810,NNc1nc(-c2ccc(N)cc2)cs1
5811,NNc1nc(-c2ccccc2)cs1
5812,NNc1nnc(NN)c2ccccc12
5813,NNc1nncc2ccccc12
5814,NO
5815,NP(N)(=O)NC(=O)c1ccc(F)cc1
5816,NS(=O)(=O)C(F)(F)C(F)(F)C(F)(F)C(F)(F)C(F)(F)C(F)(F)C(F)(F)C(F)(F)F
5817,NS(=O)(=O)Cc1noc2ccccc12
5818,NS(=O)(=O)O
5819,NS(=O)(=O)c1cc(-c2nnn[nH]2)c(NCc2cccs2)cc1Cl
5820,NS(=O)(=O)c1cc(C(=O)NN2C[C@H]3[C@H]4CCC(C4)[C@H]3C2)ccc1Cl
5821,NS(=O)(=O)c1cc(C(=O)O)c(NCc2ccco2)cc1Cl
5822,NS(=O)(=O)c1cc(C(=O)O)cc(N2CCCC2)c1Oc1ccccc1
5823,NS(=O)(=O)c1cc(C2(O)NC(=O)c3ccccc32)ccc1Cl
5824,NS(=O)(=O)c1cc(Cl)c(Cl)c(S(N)(=O)=O)c1
5825,NS(=O)(=O)c1cc2c(cc1C(F)(F)F)NC(Cc1ccccc1)NS2(=O)=O
5826,NS(=O)(=O)c1cc2c(cc1C(F)(F)F)NCNS2(=O)=O
5827,NS(=O)(=O)c1cc2c(cc1Cl)CN(C1CCCCC1)C2=O
5828,NS(=O)(=O)c1cc2c(cc1Cl)N=C(CSCc1ccccc1)NS2(=O)=O
5829,NS(=O)(=O)c1cc2c(cc1Cl)N=CNS2(=O)=O
5830,NS(=O)(=O)c1cc2c(cc1Cl)NC(C(Cl)Cl)NS2(=O)=O
5831,NS(=O)(=O)c1cc2c(cc1Cl)NC(C1CC3C=CC1C3)NS2(=O)=O
5832,NS(=O)(=O)c1cc2c(cc1Cl)NC(CC1CCCC1)NS2(=O)=O
5833,NS(=O)(=O)c1cc2c(cc1Cl)NC(Cc1ccccc1)NS2(=O)=O
5834,NS(=O)(=O)c1cc2c(cc1Cl)NCNS2(=O)=O
5835,NS(=O)(=O)c1ccc(C(=O)O)cc1
5836,NS(=O)(=O)c1ccc(Cl)c(S(N)(=O)=O)c1
5837,NS(=O)(=O)c1ccc(N2CCCCS2(=O)=O)cc1
5838,NS(=O)(=O)c1ccc(NC(=O)CCC(=O)O)cc1
5839,NS(=O)(=O)c1ccccc1Cl
5840,NS(=O)(=O)c1ccccc1OC(F)(F)F
5841,N[C@@H](C(=O)N[C@@H]1C(=O)N2C(C(=O)O)=C(CSc3c[nH]nn3)CS[C@H]12)c1ccc(O)cc1
5842,N[C@@H](C(=O)N[C@@H]1C(=O)N2C(C(=O)O)=C(Cl)CS[C@H]12)c1ccccc1
5843,N[C@@H](CCC(=O)N[C@@H](CS)C(=O)NCC(=O)O)C(=O)O
5844,N[C@@H](CCC(=O)N[C@@H](CSSC[C@H](NC(=O)CC[C@H](N)C(=O)O)C(=O)NCC(=O)O)C(=O)NCC(=O)O)C(=O)O
5845,N[C@@H](CCC(=O)O)C(=O)O
5846,N[C@@H](COP(=O)(O)O)C(=O)O
5847,N[C@@H](CS)C(=O)O
5848,N[C@@H](CSCCCO)C(=O)O
5849,N[C@@H](CSSC[C@H](N)C(=O)O)C(=O)O
5850,N[C@@H](Cc1c[nH]c2ccc(O)cc12)C(=O)O
5851,N[C@@H](Cc1c[nH]c2ccccc12)C(=O)O
5852,N[C@@H](Cc1cc(I)c(O)c(I)c1)C(=O)O
5853,N[C@@H](Cc1cc(I)c(Oc2cc(I)c(O)c(I)c2)c(I)c1)C(=O)O
5854,N[C@@H](Cc1ccc(N(CCCl)CCCl)cc1)C(=O)O
5855,N[C@@H](Cc1ccc(O)cc1)C(=O)O
5856,N[C@@H](Cc1ccc(Oc2cc(I)c(O)c(I)c2)c(I)c1)C(=O)O
5857,N[C@@H](Cc1cnc[nH]1)C(=O)O
5858,N[C@@H]1CONC1=O
5859,N[C@@H]1C[C@H]1c1ccccc1
5860,N[C@@H]1[C@H]2CN(c3nc4c(cc3F)c(=O)c(C(=O)O)cn4-c3ccc(F)cc3F)C[C@@H]12
5861,N[C@H](C(=O)O)[C@@H](O)c1ccc(O)c(O)c1
5862,N[C@H](C(=O)O)c1ccc(O)cc1
5863,N[C@H](Cc1c[nH]c2ccccc12)C(=O)O
5864,N[C@H]1C(O)O[C@H](CO)[C@@H](O)[C@@H]1O
5865,N[C@H]1C(O)O[C@H](CO)[C@H](O)[C@@H]1O
5866,N[C@H]1CN(c2c(F)cc3c(=O)c(C(=O)O)cn(C4C[C@H]4F)c3c2Cl)CC12CC2
5867,Nc1c(/N=N/c2ccc(-c3ccc(/N=N/c4cc(S(=O)(=O)O)c5ccccc5c4N)cc3)cc2)cc(S(=O)(=O)O)c2ccccc12
5868,Nc1c(Br)cc(Br)c2c1C(=O)c1ccccc1C2=O
5869,Nc1c(Br)cc(Br)cc1CN[C@H]1CC[C@H](O)CC1
5870,Nc1c(Br)cc([N+](=O)[O-])cc1[N+](=O)[O-]
5871,Nc1c(CC(=O)O)cccc1C(=O)c1ccc(Br)cc1
5872,Nc1c(CC(=O)O)cccc1C(=O)c1ccccc1
5873,Nc1c(Cl)c(Cl)c(Cl)c(Cl)c1Cl
5874,Nc1c(Cl)c(Cl)nc(C(=O)O)c1Cl
5875,Nc1c(Cl)c(F)nc(OCC(=O)O)c1Cl
5876,Nc1c(Cl)cc(Cl)cc1Cl
5877,Nc1c(Cl)cc(Cl)cc1[N+](=O)[O-]
5878,Nc1c(Cl)cc([N+](=O)[O-])cc1Cl
5879,Nc1c(I)cc(I)c(C(=O)N(CCC(=O)O)c2ccccc2)c1I
5880,Nc1c(NC/C=C\COc2cc(CN3CCCCC3)ccn2)c(=O)c1=O
5881,Nc1c(S(=O)(=O)O)cc(Br)c2c1C(=O)c1ccccc1C2=O
5882,Nc1c2c(nc3c1CCC3)CCCC2
5883,Nc1c2c(nc3ccccc13)CCCC2
5884,Nc1c2c(nc3ccccc13)CCCC2O
5885,Nc1c2ccccc2nc2ccccc12
5886,Nc1c[n+](N2CCOCC2)no1
5887,Nc1cc(-c2ccncc2)c[nH]c1=O
5888,Nc1cc(=O)nc(N)[nH]1
5889,Nc1cc(C(=O)O)c(O)c(S(=O)(=O)O)c1
5890,Nc1cc(C(=O)O)ccc1Cl
5891,Nc1cc(C(Cl)=C(Cl)Cl)c(S(N)(=O)=O)cc1S(N)(=O)=O
5892,Nc1cc(C(F)(F)F)ccc1S
5893,Nc1cc(Cl)c(-c2cc(Cl)c(N)cc2Cl)cc1Cl
5894,Nc1cc(Cl)c(N)c(Cl)c1
5895,Nc1cc(Cl)c(NC2=NCCN2)c(Cl)c1
5896,Nc1cc(Cl)c(O)c(Cl)c1
5897,Nc1cc(Cl)c([N+](=O)[O-])cc1O
5898,Nc1cc(Cl)cc(C(=O)O)c1Cl
5899,Nc1cc(Cl)cc(Cl)c1
5900,Nc1cc(Cl)cc(S(=O)(=O)O)c1O
5901,Nc1cc(Cl)ccc1Cl
5902,Nc1cc(Cl)ccc1O
5903,Nc1cc(N)cc(C(=O)O)c1
5904,Nc1cc(N2CCCCC2)nc(N)[n+]1[O-]
5905,Nc1cc(S(=O)(=O)O)cc2cc(S(=O)(=O)O)cc(O)c12
5906,Nc1cc(S(=O)(=O)O)ccc1O
5907,Nc1cc(S(=O)(=O)O)ccc1S(=O)(=O)O
5908,Nc1cc([N+](=O)[O-])cc([N+](=O)[O-])c1O
5909,Nc1cc([N+](=O)[O-])ccc1C(=O)O
5910,Nc1cc([N+](=O)[O-])ccc1O
5911,Nc1cc2c3c(c1)C(c1ccccc1)=N[C@@H](NC(=O)c1cccnc1)C(=O)N3CC2
5912,Nc1cc[nH]c(=O)n1
5913,Nc1ccc(-c2ccc(F)cc2)cc1
5914,Nc1ccc(-c2ccc(N)c(Cl)c2)cc1Cl
5915,Nc1ccc(-c2ccc(N)c(N)c2)cc1N
5916,Nc1ccc(-c2ccc(N)cc2)cc1
5917,Nc1ccc(-c2ccccc2)cc1
5918,Nc1ccc(/N=N/c2ccc(-c3ccc(/N=N/c4c(S(=O)(=O)O)cc5cc(S(=O)(=O)O)c(/N=N/c6ccccc6)c(O)c5c4N)cc3)cc2)c(N)c1
5919,Nc1ccc(/N=N/c2ccc(N)cc2)cc1
5920,Nc1ccc(/N=N/c2ccccc2)cc1
5921,Nc1ccc(/N=N\c2ccccc2)c(N)c1
5922,Nc1ccc(Br)cc1
5923,Nc1ccc(C(=O)N2CC3CC(CN(Cc4ccccc4)C3)C2)cc1
5924,Nc1ccc(C(=O)NCC(=O)O)cc1
5925,Nc1ccc(C(=O)Nc2ccccc2N)cc1
5926,Nc1ccc(C(=O)O)c(O)c1
5927,Nc1ccc(C(=O)O)cc1
5928,Nc1ccc(C(=O)OCC(O)CO)cc1
5929,Nc1ccc(C(=O)OCCCOC(=O)c2ccc(N)cc2)cc1
5930,Nc1ccc(C(=O)Oc2ccccc2)c(O)c1
5931,Nc1ccc(C=Cc2ccc(N)cc2S(=O)(=O)O)c(S(=O)(=O)O)c1
5932,Nc1ccc(Cc2ccc(N)c(Cl)c2)cc1Cl
5933,Nc1ccc(Cc2ccc(N)cc2)cc1
5934,Nc1ccc(Cl)c(Cl)c1
5935,Nc1ccc(Cl)c(N)c1
5936,Nc1ccc(Cl)cc1
5937,Nc1ccc(Cl)cc1C(=O)c1ccccc1F
5938,Nc1ccc(Cl)cc1Cl
5939,Nc1ccc(Cl)cc1N
5940,Nc1ccc(Cl)cc1[N+](=O)[O-]
5941,Nc1ccc(F)cc1
5942,Nc1ccc(F)cc1F
5943,Nc1ccc(N)c(Cl)c1
5944,Nc1ccc(N)c([N+](=O)[O-])c1
5945,Nc1ccc(N)c2c1C(=O)c1ccccc1C2=O
5946,Nc1ccc(N)c2ccccc12
5947,Nc1ccc(N)cc1
5948,Nc1ccc(N=Nc2ccccc2)c(N)n1
5949,Nc1ccc(NC(=O)c2ccc(N)cc2)cc1
5950,Nc1ccc(NCCO)c([N+](=O)[O-])c1
5951,Nc1ccc(Nc2ccccc2)cc1
5952,Nc1ccc(O)c(C(=O)O)c1
5953,Nc1ccc(O)c(N)c1
5954,Nc1ccc(O)c([N+](=O)[O-])c1
5955,Nc1ccc(O)cc1
5956,Nc1ccc(Oc2ccc(Cl)cc2)cc1
5957,Nc1ccc(Oc2ccc(N)c(N)c2)cc1
5958,Nc1ccc(Oc2ccc(N)cc2)cc1
5959,Nc1ccc(S(=O)(=O)NC(=O)c2ccccc2)cc1
5960,Nc1ccc(S(=O)(=O)NCc2ccccc2)cc1
5961,Nc1ccc(S(=O)(=O)Nc2ccc(Cl)nn2)cc1
5962,Nc1ccc(S(=O)(=O)Nc2ccccc2)cc1
5963,Nc1ccc(S(=O)(=O)Nc2ccccn2)cc1
5964,Nc1ccc(S(=O)(=O)Nc2ccnn2-c2ccccc2)cc1
5965,Nc1ccc(S(=O)(=O)Nc2cnc3ccccc3n2)cc1
5966,Nc1ccc(S(=O)(=O)Nc2ncccn2)cc1
5967,Nc1ccc(S(=O)(=O)Nc2nccs2)cc1
5968,Nc1ccc(S(=O)(=O)O)c(N)c1
5969,Nc1ccc(S(=O)(=O)O)cc1
5970,Nc1ccc(S(=O)(=O)c2ccc(N)cc2)cc1
5971,Nc1ccc(S(N)(=O)=O)cc1
5972,Nc1ccc(Sc2ccc(N)cc2)cc1
5973,Nc1ccc([As](=O)(O)O)cc1
5974,Nc1ccc([N+](=O)[O-])c(C(F)(F)F)c1
5975,Nc1ccc([N+](=O)[O-])c(N)c1
5976,Nc1ccc([N+](=O)[O-])cc1
5977,Nc1ccc([N+](=O)[O-])cc1N
5978,Nc1ccc([N+](=O)[O-])cc1O
5979,Nc1ccc([N+](=O)[O-])cc1[N+](=O)[O-]
5980,Nc1ccc2c(O)cc(S(=O)(=O)O)cc2c1
5981,Nc1ccc2c(c1)C(=O)c1ccccc1C2=O
5982,Nc1ccc2c(c1)CN1C(=O)c3ccccc3C1=N2
5983,Nc1ccc2c(c1)Cc1ccccc1-2
5984,Nc1ccc2c3c(cccc13)-c1ccccc1-2
5985,Nc1ccc2cc(S(=O)(=O)O)cc(O)c2c1
5986,Nc1ccc2cc(S(=O)(=O)O)cc(O)c2c1/N=N/c1ccccc1C(F)(F)F
5987,Nc1ccc2cc(S(=O)(=O)O)ccc2c1
5988,Nc1ccc2cc3ccccc3cc2c1
5989,Nc1ccc2ccccc2c1
5990,Nc1ccc2ccccc2c1S(=O)(=O)O
5991,Nc1cccc(C(F)(F)F)c1
5992,Nc1cccc(Cl)c1
5993,Nc1cccc(N)c1
5994,Nc1cccc(N)n1
5995,Nc1cccc(O)c1
5996,Nc1cccc(S(=O)(=O)O)c1
5997,Nc1cccc(S(=O)(=O)c2cccc(N)c2)c1
5998,Nc1cccc([N+](=O)[O-])c1
5999,Nc1cccc2c(N)cccc12
6000,Nc1cccc2c(O)nnc(O)c12
6001,Nc1cccc2c1CN(C1CCC(=O)NC1=O)C2=O
6002,Nc1cccc2ccccc12
6003,Nc1ccccc1-c1ccccc1
6004,Nc1ccccc1C(=O)O
6005,Nc1ccccc1C(=O)OCC(O)CO
6006,Nc1ccccc1C(=O)OCC=Cc1ccccc1
6007,Nc1ccccc1C(=O)OCCc1ccccc1
6008,Nc1ccccc1C(=O)Oc1ccc2ccccc2c1
6009,Nc1ccccc1Cl
6010,Nc1ccccc1Nc1ccccc1
6011,Nc1ccccc1O
6012,Nc1ccccc1S(=O)(=O)O
6013,Nc1ccccc1S(=O)(=O)c1ccccc1
6014,Nc1ccccc1[N+](=O)[O-]
6015,Nc1ccccn1
6016,Nc1cccnc1
6017,Nc1ccn(C2CO[C@H](CO)O2)c(=O)n1
6018,Nc1ccn([C@@H]2O[C@H](CO)[C@@H](O)C2(F)F)c(=O)n1
6019,Nc1ccn([C@@H]2O[C@H](CO)[C@@H](O)[C@@H]2O)c(=O)n1
6020,Nc1ccn([C@H]2CC[C@@H](CO)O2)c(=O)n1
6021,Nc1ccn([C@H]2CS[C@@H](CO)O2)c(=O)n1
6022,Nc1ccncc1
6023,Nc1ccncc1N
6024,Nc1cnn(-c2ccccc2)c(=O)c1Cl
6025,Nc1cnn([C@@H]2O[C@H](CO)[C@@H](O)[C@H]2O)c(=O)n1
6026,Nc1nc(-c2ccc([N+](=O)[O-])cc2)cs1
6027,Nc1nc(-c2ccccc2)cs1
6028,Nc1nc(=O)[nH]cc1F
6029,Nc1nc(=O)c(Br)c(-c2ccccc2)[nH]1
6030,Nc1nc(=O)c2c(CCc3ccc(C(=O)N[C@@H](CCC(=O)O)C(=O)O)cc3)c[nH]c2[nH]1
6031,Nc1nc(=O)c2c([nH]1)NCC(CNc1ccc(C(=O)N[C@@H](CCC(=O)O)C(=O)O)cc1)N2C=O
6032,Nc1nc(=O)c2nc(CNc3ccc(C(=O)N[C@@H](CCC(=O)O)C(=O)O)cc3)cnc2[nH]1
6033,Nc1nc(=O)c2ncn(CCC(CO)CO)c2[nH]1
6034,Nc1nc(=O)n([C@@H]2CS[C@H](CO)O2)cc1F
6035,Nc1nc(=O)n([C@@H]2O[C@H](CO)[C@@H](O)[C@@H]2F)cc1I
6036,Nc1nc(=S)[nH][nH]1
6037,Nc1nc(CC(=O)O)cs1
6038,Nc1nc(Cl)cc(Cl)n1
6039,Nc1nc(Cl)nc2c1ncn2[C@@H]1O[C@H](CO)[C@@H](O)[C@@H]1F
6040,Nc1nc(Cl)nc2c1ncn2[C@H]1C[C@H](O)[C@@H](CO)O1
6041,Nc1nc(F)nc2c1ncn2[C@@H]1O[C@H](CO)[C@@H](O)[C@@H]1O
6042,Nc1nc(N)c(-c2ccccc2)s1
6043,Nc1nc(N)c(N)c(N)n1
6044,Nc1nc(N)c2nc(-c3ccccc3)c(N)nc2n1
6045,Nc1nc(N)c2nc(CNc3ccc(C(=O)N[C@@H](CCC(=O)O)C(=O)O)cc3)cnc2n1
6046,Nc1nc(N)nc(-c2cc(Cl)ccc2Cl)n1
6047,Nc1nc(N)nc(-c2ccccc2)n1
6048,Nc1nc(N)nc(Cl)n1
6049,Nc1nc(N)nc(N)n1
6050,Nc1nc(N)nc(NC2CC2)n1
6051,Nc1nc(NC2CC2)c2ncn([C@@H]3C=C[C@@H](CO)C3)c2n1
6052,Nc1nc2c(Cl)cccc2s1
6053,Nc1nc2c(ncn2COC(CO)CO)c(=O)[nH]1
6054,Nc1nc2c(ncn2COCCO)c(=O)[nH]1
6055,Nc1nc2cc(Cl)ccc2o1
6056,Nc1nc2ccc(OC(F)(F)F)cc2s1
6057,Nc1nc2ccc([N+](=O)[O-])cc2s1
6058,Nc1nc2ccccc2[nH]1
6059,Nc1nc2ccccc2s1
6060,Nc1nc2nc[nH]c2c(=S)[nH]1
6061,Nc1nc[nH]n1
6062,Nc1ncc([N+](=O)[O-])s1
6063,Nc1nccs1
6064,Nc1ncn([C@@H]2O[C@H](CO)[C@@H](O)[C@H]2O)c(=O)n1
6065,Nc1ncn([C@H]2C[C@H](O)[C@@H](CO)O2)c(=O)n1
6066,Nc1ncnc(Nc2ccc(Cl)cc2)n1
6067,Nc1ncnc(Nc2ccccc2)n1
6068,Nc1ncnc2[nH]cnc12
6069,Nc1ncnc2c1ncn2Cc1c(F)cccc1Cl
6070,Nc1ncnc2c1ncn2[C@@H]1O[C@@H]2COP(=O)(O)O[C@H]2[C@H]1O
6071,Nc1ncnc2c1ncn2[C@@H]1O[C@H](CO)[C@@H](O)[C@H]1O
6072,Nc1ncnc2c1ncn2[C@@H]1O[C@H](COP(=O)(O)O)[C@@H](O)[C@H]1O
6073,Nc1ncnc2c1ncn2[C@@H]1O[C@H](COP(=O)(O)OP(=O)(O)OP(=O)(O)O)[C@@H](O)[C@H]1O
6074,Nc1ncnc2c1ncn2[C@H]1CC[C@@H](CO)O1
6075,Nc1nnc(-c2ccc([N+](=O)[O-])o2)o1
6076,Nc1nnc(-c2cccc(Cl)c2Cl)c(N)n1
6077,Nc1nnc(N)[nH]1
6078,Nc1nnnn1-c1ccccc1
6079,Nn1cnnc1
6080,O1[As]2O[As]3O[As]1O[As](O2)O3
6081,O=C(/C=C/C=C/c1ccc2c(c1)OCO2)N1CCCCC1
6082,O=C(/C=C/c1ccc(O)c(O)c1)O[C@@H](C(=O)O)[C@@H](OC(=O)/C=C/c1ccc(O)c(O)c1)C(=O)O
6083,O=C(/C=C/c1ccc([N+](=O)[O-])cc1)c1ccccc1
6084,O=C(/C=C/c1cccc(F)c1)NC1CC1
6085,O=C(/C=C/c1ccccc1)NCCO
6086,O=C(C(=O)c1ccc(Br)cc1)c1ccc(Br)cc1
6087,O=C(C(=O)c1ccccc1)c1ccccc1
6088,O=C(C(=O)c1ccco1)c1ccco1
6089,O=C(C(Cl)(Cl)Cl)C(Cl)(Cl)Cl
6090,O=C(C(Cl)Cl)N1CCOC12CCCCC2
6091,O=C(C1CCCCC1)N1CC(=O)N2CCCc3ccccc3C2C1
6092,O=C(C1CCCCC1)N1CC(=O)N2CCc3ccccc3C2C1
6093,O=C(C=Cc1ccc(O)c(O)c1)O[C@@H]1C[C@@](OC(=O)C=Cc2ccc(O)c(O)c2)(C(=O)O)C[C@@H](O)[C@@H]1O
6094,O=C(C=Cc1ccc(O)c(O)c1)O[C@@H]1C[C@](O)(C(=O)O)C[C@@H](O)[C@H]1O
6095,O=C(C=Cc1ccccc1)OCC=Cc1ccccc1
6096,O=C(C=Cc1ccccc1)OCCCc1ccccc1
6097,O=C(C=Cc1ccccc1)OCCc1ccccc1
6098,O=C(C=Cc1ccccc1)OCc1ccccc1
6099,O=C(CBr)Nc1ccc(Cl)cc1C(=O)c1ccccc1F
6100,O=C(CBr)OCc1ccccc1
6101,O=C(CBr)c1ccc(O)cc1
6102,O=C(CBr)c1ccccc1
6103,O=C(CC(=O)C(F)(F)F)c1ccccc1
6104,O=C(CC(=O)c1ccccc1)c1ccccc1
6105,O=C(CC(C(=O)OC1CCCCC1)S(=O)(=O)O)OC1CCCCC1
6106,O=C(CCBr)N1CCN(C(=O)CCBr)CC1
6107,O=C(CCC1CCN(Cc2ccccc2)CC1)c1ccc2c(c1)NCCCC2
6108,O=C(CCCCC(=O)Nc1c(I)cc(I)c(C(=O)O)c1I)Nc1c(I)cc(I)c(C(=O)O)c1I
6109,O=C(CCCCCCC(=O)Nc1ccccc1)NO
6110,O=C(CCCCCCCCC#CI)Oc1ccccc1
6111,O=C(CCCCCCCCCCCCC1CCCC1)Nc1ccc(S(=O)(=O)c2ccc(NC(=O)CCCCCCCCCCCCC3CCCC3)cc2)cc1
6112,O=C(CCCCCCCCc1cccnc1)N1CCC(C=C(c2ccccc2)c2ccccc2)CC1
6113,O=C(CCCCl)c1ccc(F)cc1
6114,O=C(CCCN1CC=C(n2c(=O)[nH]c3ccccc32)CC1)c1ccc(F)cc1
6115,O=C(CCCN1CCC(C(=O)c2ccc(F)cc2)CC1)c1ccc(F)cc1
6116,O=C(CCCN1CCC(O)(c2ccc(Br)cc2)CC1)c1ccc(F)cc1
6117,O=C(CCCN1CCC(O)(c2ccc(Cl)cc2)CC1)c1ccc(F)cc1
6118,O=C(CCCN1CCC(O)(c2cccc(C(F)(F)F)c2)CC1)c1ccc(F)cc1
6119,O=C(CCCN1CCC(n2c(=O)[nH]c3ccccc32)CC1)c1ccc(F)cc1
6120,O=C(CCCN1CCC(n2c(=S)[nH]c3ccccc32)CC1)c1ccc(F)cc1
6121,O=C(CCCN1CCC2(CC1)C(=O)NCN2c1ccccc1)c1ccc(F)cc1
6122,O=C(CCCN1CCN(c2ccc(F)cc2)CC1)NC1c2ccccc2CSc2ccccc21
6123,O=C(CCCN1CCN(c2ccccn2)CC1)c1ccc(F)cc1
6124,O=C(CCCN1CCN2CCCC2C1)c1ccc(F)cc1
6125,O=C(CCCl)NCCc1ccccc1
6126,O=C(CCCl)NCc1ccccc1
6127,O=C(CCN1CC1)OCC(CO)(COC(=O)CCN1CC1)COC(=O)CCN1CC1
6128,O=C(CCN1CCC(c2ccccc2)C1)c1ccc2c(c1)OCCO2
6129,O=C(CCN1CCN(CCO)CC1)N1c2ccccc2Sc2ccc(C(F)(F)F)cc21
6130,O=C(CCN1CCN2CCCC2C1)N1c2ccccc2Sc2ccc(Cl)cc21
6131,O=C(CCNNC(=O)c1ccncc1)NCc1ccccc1
6132,O=C(CCOCCOCCOCCOCCC(=O)Nc1c(I)cc(I)c(C(=O)O)c1I)Nc1c(I)cc(I)c(C(=O)O)c1I
6133,O=C(CCS)OCC(COC(=O)CCS)(COC(=O)CCS)COC(=O)CCS
6134,O=C(CCc1ccc(O)cc1)c1c(O)cc(O)cc1O
6135,O=C(CCl)C(Cl)Cl
6136,O=C(CCl)CCl
6137,O=C(CCl)NCO
6138,O=C(CCl)Nc1ccccc1
6139,O=C(CCl)c1ccc(Cl)cc1Cl
6140,O=C(CCl)c1ccccc1
6141,O=C(CN1CCN(Cc2ccc3c(c2)OCO3)CC1)N1c2ccccc2Sc2ccccc21
6142,O=C(CN1CCNCC1)NC1CCCCC1
6143,O=C(CO)[C@@H](O)[C@H](O)[C@@H](O)C(=O)O
6144,O=C(CO)[C@@H](O)[C@H](O)[C@@H](O)CO
6145,O=C(COCCOCCOCC(=O)Nc1c(I)cc(I)c(C(=O)O)c1I)Nc1c(I)cc(I)c(C(=O)O)c1I
6146,O=C(COc1ccc(Cl)cc1)N1CCN(Cc2ccc3c(c2)OCO3)CC1
6147,O=C(COc1ccc(Cl)cc1)OCCNC12CC3CC(CC(C3)C1)C2
6148,O=C(CS(=O)C(c1ccccc1)c1ccccc1)NO
6149,O=C(CS(=O)Cc1ccco1)NC/C=C\COc1cc(CN2CCCCC2)ccn1
6150,O=C(CS)Nc1ccccc1
6151,O=C(CS)OCCOC(=O)CS
6152,O=C(C[C@@H]1NCCC[C@H]1O)Cn1cnc2cc(Br)c(Cl)cc2c1=O
6153,O=C(Cc1ccccc1)OCCc1ccccc1
6154,O=C(Cc1ccccc1)OCc1ccccc1
6155,O=C(Cc1ccccc1)c1ccccc1
6156,O=C(Cl)/C=C/C(=O)Cl
6157,O=C(Cl)C(Cl)(Cl)Cl
6158,O=C(Cl)C(Cl)Cl
6159,O=C(Cl)CCl
6160,O=C(Cl)OCCOCCOC(=O)Cl
6161,O=C(Cl)OCc1ccccc1
6162,O=C(Cl)c1c(Cl)c(Cl)c(C(=O)Cl)c(Cl)c1Cl
6163,O=C(Cl)c1c(Cl)cccc1Cl
6164,O=C(Cl)c1cc(C(=O)Cl)cc(C(=O)Cl)c1
6165,O=C(Cl)c1cc(Cl)cc(Cl)c1
6166,O=C(Cl)c1ccc(C(=O)Cl)cc1
6167,O=C(Cl)c1ccc(F)c(Cl)c1
6168,O=C(Cl)c1ccc([N+](=O)[O-])cc1
6169,O=C(Cl)c1cccc(C(=O)Cl)c1
6170,O=C(Cl)c1cccc([N+](=O)[O-])c1
6171,O=C(Cl)c1ccccc1
6172,O=C(Cl)c1ccccc1F
6173,O=C(Cl)c1ccccc1[N+](=O)[O-]
6174,O=C(Cn1c(=O)sc2ccc(Cl)cc21)N1CCN(CCO)CC1
6175,O=C(Cn1ccnc1[N+](=O)[O-])NCCO
6176,O=C(Cn1ccnc1[N+](=O)[O-])NCc1ccccc1
6177,O=C(Cn1cnnn1)N[C@@H]1C(=O)N2C(C(=O)O)=C(CSc3nncs3)CS[C@H]12
6178,O=C(N/N=C/c1ccc([N+](=O)[O-])o1)c1cc([N+](=O)[O-])cc([N+](=O)[O-])c1O
6179,O=C(N/N=C/c1ccccc1O)c1ccncc1
6180,O=C(N=NC(=O)OCc1ccccc1)OCc1ccccc1
6181,O=C(NC(=O)c1c(F)cccc1F)Nc1cc(Cl)c(F)c(Cl)c1F
6182,O=C(NC(=O)c1c(F)cccc1F)Nc1cc(Cl)c(OC(F)(F)C(F)C(F)(F)F)cc1Cl
6183,O=C(NC(=O)c1c(F)cccc1F)Nc1cc(Cl)c(Oc2ncc(C(F)(F)F)cc2Cl)c(Cl)c1
6184,O=C(NC(=O)c1c(F)cccc1F)Nc1ccc(Cl)c(Oc2ncc(C(F)(F)F)cc2Cl)c1
6185,O=C(NC(=O)c1c(F)cccc1F)Nc1ccc(Cl)cc1
6186,O=C(NC(=O)c1c(F)cccc1F)Nc1ccc(OC(F)(F)C(F)OC(F)(F)F)c(Cl)c1
6187,O=C(NC(=O)c1c(F)cccc1F)Nc1ccc(Oc2ccc(C(F)(F)F)cc2Cl)cc1F
6188,O=C(NC(=O)c1cc(F)c(F)cc1Cl)Nc1cc(F)ccc1N1CCC(C(=O)O)CC1
6189,O=C(NC(=O)c1ccccc1Cl)Nc1ccc(OC(F)(F)F)cc1
6190,O=C(NC(Cc1cc(=O)[nH]c2ccccc12)C(=O)O)c1ccc(Cl)cc1
6191,O=C(NC(O)C(Cl)(Cl)Cl)NC(O)C(Cl)(Cl)Cl
6192,O=C(NC1CCN(CCc2c[nH]c3ccccc23)CC1)c1ccccc1
6193,O=C(NCC(O)CO)c1c(I)c(C(=O)NCC(O)CO)c(I)c(N(CCO)C(=O)CO)c1I
6194,O=C(NCC1CCCCN1)c1cc(OCC(F)(F)F)ccc1OCC(F)(F)F
6195,O=C(NCC1CN(c2ccc(N3CCOCC3=O)cc2)C(=O)O1)c1ccc(Cl)s1
6196,O=C(NCCCN1CCOCC1)c1ccc(Cl)cc1
6197,O=C(NCCN1CCOCC1)c1ccc(Cl)cc1
6198,O=C(NCCNCC(O)COc1ccc(O)cc1)N1CCOCC1
6199,O=C(NCCO[N+](=O)[O-])c1cccnc1
6200,O=C(NCCc1c[nH]c2ccccc12)c1cccnc1
6201,O=C(NCN1CCOCC1)c1cnccn1
6202,O=C(NCNC(=O)NC1C(=O)NC(=O)N1CO)NC1C(=O)NC(=O)N1CO
6203,O=C(NCO)NCO
6204,O=C(NCc1cccnc1)Nc1ccc([N+](=O)[O-])cc1
6205,O=C(NN1CCCC1)NS(=O)(=O)c1ccc(Cl)cc1
6206,O=C(NN=Cc1ccc([N+](=O)[O-])o1)c1ccc(O)cc1
6207,O=C(NNCNNC(=O)c1ccncc1)c1ccncc1
6208,O=C(NNCS(=O)(=O)O)c1ccncc1
6209,O=C(NO)C1(NS(=O)(=O)c2ccc(Oc3ccc(F)cc3)cc2)CCOCC1
6210,O=C(NO)c1ccccc1
6211,O=C(NOCC1CC1)c1ccc(F)c(F)c1Nc1ccc(I)cc1Cl
6212,O=C(NOC[C@H](O)CO)c1ccc(F)c(F)c1Nc1ccc(I)cc1F
6213,O=C(NS(=O)(=O)/C=C/c1ccccc1)c1ccc(F)cc1Cl
6214,O=C(NS(=O)(=O)/C=C/c1cccs1)c1ccc(F)cc1Br
6215,O=C(N[C@@H](Cc1ccccc1)[C@@H](O)C(=O)N1C[C@@H](O)[C@@H](O)C1)c1cc2cc(Cl)ccc2[nH]1
6216,O=C(N[C@@H](c1ccccc1)[C@@H]1CCCCN1)c1cccc(C(F)(F)F)c1Cl
6217,O=C(N[C@@H]1N=C(c2ccccc2F)c2cccc3c2N(CC3)C1=O)c1cc2ccccc2[nH]1
6218,O=C(N[C@H](CO)[C@H](O)c1ccc([N+](=O)[O-])cc1)C(Cl)Cl
6219,O=C(N[C@H](c1ccccc1)[C@@H]1CN2CCC1CC2)c1c(Cl)ccc(C(F)(F)F)c1Cl
6220,O=C(N[C@H]1CN2CCC1CC2)c1cc2ccoc2cn1
6221,O=C(N[C@H]1CN2CCC1CC2)c1ccc2c(c1)OCCO2
6222,O=C(N[C@H]1N=C(c2ccccc2F)c2cccc3c2N(CC3)C1=O)c1cc2ccccc2[nH]1
6223,O=C(Nc1ccc(/C=C/c2ccc(NC(=O)c3cc(S(=O)(=O)O)c4cccnc4c3O)cc2S(=O)(=O)O)c(S(=O)(=O)O)c1)c1cc(S(=O)(=O)O)c2cccnc2c1O
6224,O=C(Nc1ccc(Br)cc1)c1cc(Br)c(Br)s1
6225,O=C(Nc1ccc(Br)cc1)c1cc(Br)cc(Br)c1O
6226,O=C(Nc1ccc(C(=O)O)c(O)c1)c1ccccc1
6227,O=C(Nc1ccc(Cl)c(Cl)c1)C1CC1
6228,O=C(Nc1ccc(Cl)c(Cl)c1)c1cc(Cl)cc(Cl)c1O
6229,O=C(Nc1ccc(Cl)cc1)Nc1ccc(Cl)c(C(F)(F)F)c1
6230,O=C(Nc1ccc(Cl)cc1)Nc1ccc(Cl)c(Cl)c1
6231,O=C(Nc1ccc(F)cc1F)c1cccnc1Oc1cccc(C(F)(F)F)c1
6232,O=C(Nc1ccc(O)cc1)c1ccccc1O
6233,O=C(Nc1ccc(Oc2ccc(Cl)cc2)c(Cl)c1)c1cc(I)cc(I)c1O
6234,O=C(Nc1ccc(S(=O)(=O)N2CCOCC2)cc1)c1cc(Cl)ccc1NS(=O)(=O)c1ccc(Cl)s1
6235,O=C(Nc1ccc([N+](=O)[O-])cc1)Nc1ccc([N+](=O)[O-])cc1
6236,O=C(Nc1ccc([N+](=O)[O-])cc1Cl)c1cc(Cl)ccc1O
6237,O=C(Nc1ccc2[nH]ccc2c1)c1cc2cc(F)ccc2n1Cc1cccc(F)c1
6238,O=C(Nc1ccc2c(O)c(N=Nc3ccc(N=Nc4ccc(S(=O)(=O)O)cc4)cc3)c(S(=O)(=O)O)cc2c1)c1ccccc1
6239,O=C(Nc1ccc2c(c1)Cc1ccccc1-2)C(F)(F)F
6240,O=C(Nc1cccc(C(F)(F)F)c1)c1cc(Br)cc(Br)c1O
6241,O=C(Nc1cccc(C2=NCCN2)c1)Nc1cccc(C2=NCCN2)c1
6242,O=C(Nc1cccc(Cl)c1)OCC#CCCl
6243,O=C(Nc1cccc([N+](=O)[O-])c1)c1cc2ccccc2cc1O
6244,O=C(Nc1cccc2c(=O)cc(-c3nnn[nH]3)oc12)c1ccc(OCCCCc2ccccc2)cc1
6245,O=C(Nc1ccccc1)N(Cc1ccc(Cl)cc1)C1CCCC1
6246,O=C(Nc1ccccc1)Nc1ccccc1
6247,O=C(Nc1ccccc1)Nc1ccnc(Cl)c1
6248,O=C(Nc1ccccc1)Nc1cnns1
6249,O=C(Nc1ccccc1)OCC(CN1CCCCC1)OC(=O)Nc1ccccc1
6250,O=C(Nc1ccccc1)c1cc(Cl)ccc1O
6251,O=C(Nc1ccccc1)c1cc([N+](=O)[O-])ccc1Cl
6252,O=C(Nc1ccccc1)c1ccccc1I
6253,O=C(Nc1ccccc1)c1ccccc1O
6254,O=C(Nc1ccccc1-c1ccc(Cl)cc1)c1cccnc1Cl
6255,O=C(Nc1ccccc1SSc1ccccc1NC(=O)c1ccccc1)c1ccccc1
6256,O=C(Nc1ncc([N+](=O)[O-])s1)c1cccs1
6257,O=C(O)/C=C(\CC(=O)O)C(=O)O
6258,O=C(O)/C=C/C(=O)O
6259,O=C(O)/C=C/c1c[nH]cn1
6260,O=C(O)/C=C/c1ccc(Cn2ccnc2)cc1
6261,O=C(O)/C=C/c1ccccc1
6262,O=C(O)/C=C\C(=O)O
6263,O=C(O)C(=O)Cc1c[nH]c2ccccc12
6264,O=C(O)C(=O)Cc1ccccc1
6265,O=C(O)C(=O)Nc1cccc(-c2nnn[nH]2)c1
6266,O=C(O)C(=O)O
6267,O=C(O)C(Br)(Br)Br
6268,O=C(O)C(Br)Br
6269,O=C(O)C(Br)CBr
6270,O=C(O)C(Cc1cc(I)c(O)c(I)c1)c1ccccc1
6271,O=C(O)C(Cl)(Cl)Br
6272,O=C(O)C(Cl)(Cl)Cl
6273,O=C(O)C(Cl)Br
6274,O=C(O)C(Cl)Cl
6275,O=C(O)C(F)(F)C(F)(F)C(F)(F)C(F)(F)C(F)(F)C(F)(F)C(F)(F)C(F)(F)C(F)(F)C(F)(F)F
6276,O=C(O)C(F)(F)C(F)(F)C(F)(F)C(F)(F)C(F)(F)C(F)(F)C(F)(F)C(F)(F)C(F)(F)F
6277,O=C(O)C(F)(F)C(F)(F)C(F)(F)C(F)(F)C(F)(F)C(F)(F)C(F)(F)C(F)(F)F
6278,O=C(O)C(F)(F)C(F)(F)C(F)(F)C(F)(F)C(F)(F)C(F)(F)C(F)(F)F
6279,O=C(O)C(F)(F)C(F)(F)C(F)(F)C(F)(F)C(F)(F)C(F)(F)F
6280,O=C(O)C(F)(F)C(F)(F)C(F)(F)C(F)(F)C(F)(F)F
6281,O=C(O)C(O)C(O)C(=O)O
6282,O=C(O)C(c1ccc(Cl)cc1)c1ccc(Cl)cc1
6283,O=C(O)C1(C(=O)Nc2ccc(Cl)cc2Cl)CC1
6284,O=C(O)C1(c2ccc3c(c2)OC[C@H](Cc2ccc(-c4ccccc4)cc2)[C@H]3O)CCCC1
6285,O=C(O)C1=NN(c2ccc(S(=O)(=O)O)cc2)C(=O)C1
6286,O=C(O)C1C(C(=O)O)C2(Cl)C(Cl)=C(Cl)C1(Cl)C2(Cl)Cl
6287,O=C(O)C1C2CCC(O2)C1C(=O)O
6288,O=C(O)C1CCC1
6289,O=C(O)C1CCCN1
6290,O=C(O)C1[O][Sb]2[O]C(=O)C([O]2)C(C(=O)O)[O][Sb]2[O]C(=O)C1[O]2
6291,O=C(O)C=CC(=O)Nc1ccc(S(=O)(=O)Nc2nccs2)cc1
6292,O=C(O)C=Cc1ccc(C=CC(=O)O)cc1
6293,O=C(O)C=Cc1ccc(O)c(O)c1
6294,O=C(O)CBr
6295,O=C(O)CC(=O)C(=O)O
6296,O=C(O)CC(=O)O
6297,O=C(O)CC(C(=O)O)C(CC(=O)O)C(=O)O
6298,O=C(O)CC(C(=O)O)S(=O)(=O)O
6299,O=C(O)CC(Cl)C(=O)O
6300,O=C(O)CC(O)C(=O)O
6301,O=C(O)CC([S][Au])C(=O)O
6302,O=C(O)CC/C=C\CC[C@@H]1[C@@H](N2CCCCC2)[C@@H](O)C[C@@H]1OCc1ccc(-c2ccccc2)cc1
6303,O=C(O)CCC(=O)C(=O)O
6304,O=C(O)CCC(=O)Nc1ccc(S(=O)(=O)Nc2nccs2)cc1
6305,O=C(O)CCC(=O)O
6306,O=C(O)CCC(=O)OC[C@@H](NC(=O)C(Cl)Cl)[C@H](O)c1ccc([N+](=O)[O-])cc1
6307,O=C(O)CCC(=O)c1ccc(-c2ccccc2)cc1
6308,O=C(O)CCC/C=C\C[C@@H]1[C@@H](/C=C/[C@@H](O)COc2cccc(C(F)(F)F)c2)[C@H](O)C[C@@H]1O
6309,O=C(O)CCC/C=C\C[C@@H]1[C@@H](/C=C/[C@@H](O)COc2cccc(Cl)c2)[C@H](O)C[C@@H]1O
6310,O=C(O)CCCC(=O)O
6311,O=C(O)CCCCC(=O)O
6312,O=C(O)CCCCC1CCSS1
6313,O=C(O)CCCCCC(=O)O
6314,O=C(O)CCCCCCC(=O)O
6315,O=C(O)CCCCCCCC(=O)O
6316,O=C(O)CCCCCCCCC(=O)O
6317,O=C(O)CCCCCCCCCC(=O)O
6318,O=C(O)CCCCCCCCCCC(=O)O
6319,O=C(O)CCCCCCCCCCCBr
6320,O=C(O)CCCCCCCCCCCC(=O)O
6321,O=C(O)CCCCCCNC1c2ccccc2CCc2ccccc21
6322,O=C(O)CCCC[C@@H]1SC[C@@H]2NC(=O)N[C@@H]21
6323,O=C(O)CCCC[P+](c1ccccc1)(c1ccccc1)c1ccccc1
6324,O=C(O)CCCc1c[nH]c2ccccc12
6325,O=C(O)CCCc1ccc(N(CCCl)CCCl)cc1
6326,O=C(O)CCCc1ccccc1
6327,O=C(O)CCCl
6328,O=C(O)CCN(C1(C(=O)NO)CCCC1)S(=O)(=O)c1ccc(Oc2ccc(F)cc2)cc1
6329,O=C(O)CCNC(=O)c1ccc(/N=N/c2ccc(O)c(C(=O)O)c2)cc1
6330,O=C(O)CCNC(=O)c1ccccc1
6331,O=C(O)CCS
6332,O=C(O)CCSCCC(=O)O
6333,O=C(O)CCSSCCC(=O)O
6334,O=C(O)CC[N+](=O)[O-]
6335,O=C(O)CCc1ccccc1
6336,O=C(O)CCc1nc(-c2ccccc2)c(-c2ccccc2)o1
6337,O=C(O)CCc1nc2ccccc2[nH]1
6338,O=C(O)CCl
6339,O=C(O)CCn1c2c(c3ccccc31)C[C@H](NS(=O)(=O)c1ccc(F)cc1)CC2
6340,O=C(O)CF
6341,O=C(O)CN(CC(=O)O)CC(=O)O
6342,O=C(O)CN(CC(=O)O)CC1=CC2C(=CC1=O)Oc1cc(O)c(CN(CC(=O)O)CC(=O)O)cc1C21OC(=O)c2ccccc21
6343,O=C(O)CN(CCN(CC(=O)O)CC(=O)O)CCN(CC(=O)O)CC(=O)O
6344,O=C(O)CN(CCOCCOCCN(CC(=O)O)CC(=O)O)CC(=O)O
6345,O=C(O)CN1C(=O)c2cccc3cccc(c23)C1=O
6346,O=C(O)CNC(=O)CNC(=O)CNC(=O)CSC(=O)c1ccccc1
6347,O=C(O)CNC(=O)c1ccc(CO)o1
6348,O=C(O)CNC(=O)c1ccc([N+](=O)[O-])cc1
6349,O=C(O)CNC(=O)c1ccccc1
6350,O=C(O)CNC(=O)c1ccccc1I
6351,O=C(O)CNCC(=O)O
6352,O=C(O)CNc1ccccc1
6353,O=C(O)CO
6354,O=C(O)COC(=O)Cc1ccccc1Nc1c(Cl)cccc1Cl
6355,O=C(O)COCC(=O)O
6356,O=C(O)COCCN1CCN(C(c2ccccc2)c2ccc(Cl)cc2)CC1
6357,O=C(O)CONC(=O)c1ccccc1
6358,O=C(O)COc1cc(Cl)c(Cl)cc1Cl
6359,O=C(O)COc1ccc(C(=O)c2cccs2)c(Cl)c1Cl
6360,O=C(O)COc1ccc(CCNS(=O)(=O)c2ccccc2)s1
6361,O=C(O)COc1ccc(Cl)cc1
6362,O=C(O)COc1ccc(Cl)cc1Cl
6363,O=C(O)COc1ccc2ccccc2c1
6364,O=C(O)COc1ccccc1
6365,O=C(O)COc1ccccc1/C=N/NC(=O)c1ccncc1
6366,O=C(O)COc1nc(Cl)c(Cl)cc1Cl
6367,O=C(O)COc1nn(Cc2ccccc2)c2ccccc12
6368,O=C(O)CP(=O)(O)O
6369,O=C(O)CS
6370,O=C(O)CSCC(=O)NC1CCSC1=O
6371,O=C(O)C[C@H](NC(=O)OCc1ccccc1)C(=O)O
6372,O=C(O)C[C@H](O)CC(O)/C=C/c1c(C2CC2)nc2ccccc2c1-c1ccc(F)cc1
6373,O=C(O)Cc1c(Cl)ccc(Cl)c1Cl
6374,O=C(O)Cc1c[nH]c2ccccc12
6375,O=C(O)Cc1cc(I)c(Oc2cc(I)c(O)c(I)c2)c(I)c1
6376,O=C(O)Cc1cc(I)c(Oc2ccc(O)c(I)c2)c(I)c1
6377,O=C(O)Cc1ccc(-c2ccccc2)cc1
6378,O=C(O)Cc1ccc(CCNS(=O)(=O)c2ccc(Cl)cc2)cc1
6379,O=C(O)Cc1ccc(Cl)cc1Cl
6380,O=C(O)Cc1ccc(OCCNC[C@H](O)c2ccccc2)cc1
6381,O=C(O)Cc1ccc2c(c1)C(=O)c1ccccc1CO2
6382,O=C(O)Cc1cccc(-c2cc(CCCCCCc3ccc(O[C@H]4O[C@H](CO)[C@@H](O)[C@H](O)[C@@H]4O)c(-c4cccc(CC(=O)O)c4)c3)ccc2O[C@H]2O[C@H](CO)[C@@H](O)[C@H](O)[C@@H]2O)c1
6383,O=C(O)Cc1cccc2ccccc12
6384,O=C(O)Cc1ccccc1
6385,O=C(O)Cc1ccccc1Nc1c(Cl)cccc1Cl
6386,O=C(O)Cc1ccccc1Oc1ccc(Cl)cc1Cl
6387,O=C(O)Cc1cn(-c2ccccc2)nc1-c1ccc(Cl)cc1
6388,O=C(O)Cc1csc(-c2ccc(Cl)cc2)n1
6389,O=C(O)Cc1nn(Cc2ccc(Br)cc2F)c(=O)c2ccccc12
6390,O=C(O)Cc1sc(-c2ccccc2)nc1-c1ccc(Cl)cc1
6391,O=C(O)Cn1c(=O)n(Cc2ccc(Br)cc2F)c(=O)c2ccc(Cl)cc21
6392,O=C(O)Cn1c(C(=O)Nc2nc(-c3ccccc3Cl)cs2)cc2ccccc21
6393,O=C(O)Cn1c2ccccc2c(=O)c2ccccc21
6394,O=C(O)Cn1cnnn1
6395,O=C(O)O
6396,O=C(O)P(=O)(O)O
6397,O=C(O)[C@@H](O)[C@H](O)[C@H](O)[C@@H](O)C(=O)O
6398,O=C(O)[C@@H](S)[C@H](S)C(=O)O
6399,O=C(O)[C@@H]1CSCN1
6400,O=C(O)[C@@H]1[C@H]2C[C@H]3c4[nH]c5ccccc5c4CCN3C[C@@H]2CC[C@@H]1O
6401,O=C(O)[C@H](CC(=O)N1C[C@H]2CCCC[C@H]2C1)Cc1ccccc1
6402,O=C(O)[C@H](O)[C@@H](O)C(=O)O
6403,O=C(O)[C@H](O)[C@@H](O)[C@H](O)[C@H](O)CO
6404,O=C(O)[C@H](O)[C@@H](O)[C@H](O[C@@H]1O[C@H](CO)[C@H](O)[C@H](O)[C@H]1O)[C@H](O)CO
6405,O=C(O)[C@H](O)[C@H](O)[C@@H](O)[C@H](O)[C@H](O)CO
6406,O=C(O)[C@H](O)c1ccccc1
6407,O=C(O)[C@H]1/C(=C/CO)O[C@@H]2CC(=O)N21
6408,O=C(O)c1[nH]n(-c2ccc(S(=O)(=O)O)cc2)c(=O)c1/N=N/c1ccc(S(=O)(=O)O)cc1
6409,O=C(O)c1c(Cl)c(Cl)c(Cl)c(Cl)c1-c1c2cc(I)c(=O)c(I)c-2oc2c(I)c(O)c(I)cc12
6410,O=C(O)c1c(Cl)ccc(Cl)c1Cl
6411,O=C(O)c1c(Cl)ccc2cc(Cl)cnc12
6412,O=C(O)c1c(Cl)cccc1Cl
6413,O=C(O)c1c(O)c(-c2ccccc2)nc2ccccc12
6414,O=C(O)c1c2ccccc2cc2ccccc12
6415,O=C(O)c1cc(-c2ccc(F)cc2F)ccc1O
6416,O=C(O)c1cc(-c2ccccc2)nc2ccccc12
6417,O=C(O)c1cc(/N=N/c2ccc(S(=O)(=O)Nc3ccccn3)cc2)ccc1O
6418,O=C(O)c1cc(/N=N/c2ccc([N+](=O)[O-])cc2)ccc1O
6419,O=C(O)c1cc(=O)c2c(OCC(O)COc3cccc4oc(C(=O)O)cc(=O)c34)cccc2o1
6420,O=C(O)c1cc(=O)c2ccccc2o1
6421,O=C(O)c1cc(Br)c(O)c(Br)c1
6422,O=C(O)c1cc(C(=O)O)c(C(=O)O)cc1C(=O)O
6423,O=C(O)c1cc(C(=O)O)cc(C(=O)O)c1
6424,O=C(O)c1cc(C(=O)O)cc(S(=O)(=O)O)c1
6425,O=C(O)c1cc(C(=O)O)cc([N+](=O)[O-])c1
6426,O=C(O)c1cc(Cl)cc(Cl)c1
6427,O=C(O)c1cc(Cl)cc(Cl)c1O
6428,O=C(O)c1cc(Cl)cc([N+](=O)[O-])c1Cl
6429,O=C(O)c1cc(Cl)ccc1Cl
6430,O=C(O)c1cc(I)cc(I)c1I
6431,O=C(O)c1cc(O)c(O)c(O)c1
6432,O=C(O)c1cc(O)c2c(c1)C(=O)c1cccc(O)c1C2=O
6433,O=C(O)c1cc(O)c2c(c1)[C@H]([C@H]1c3cc(C(=O)O)cc(O)c3C(=O)c3c(O[C@@H]4O[C@H](CO)[C@@H](O)[C@H](O)[C@H]4O)cccc31)c1cccc(O[C@@H]3O[C@H](CO)[C@@H](O)[C@H](O)[C@H]3O)c1C2=O
6434,O=C(O)c1cc(O)c2c3nc4ccccc4oc-3cc(=O)c2n1
6435,O=C(O)c1cc(O)c2ccccc2c1O
6436,O=C(O)c1cc(O)nc(O)n1
6437,O=C(O)c1cc2cc(Cc3cccnc3)ccc2o1
6438,O=C(O)c1cc2ccccc2c(Cc2c(O)c(C(=O)O)cc3ccccc23)c1O
6439,O=C(O)c1cc2ccccc2cc1O
6440,O=C(O)c1cc2ccccc2nc1C(=O)O
6441,O=C(O)c1cc[c]([Hg][Cl])cc1
6442,O=C(O)c1ccc(-n2nc(-c3ccccc3O)nc2-c2ccccc2O)cc1
6443,O=C(O)c1ccc(C(=O)O)c(C(=O)O)c1
6444,O=C(O)c1ccc(C(=O)O)cc1
6445,O=C(O)c1ccc(CO)o1
6446,O=C(O)c1ccc(Cl)c(Cl)c1
6447,O=C(O)c1ccc(Cl)cc1
6448,O=C(O)c1ccc(Cl)cc1Cl
6449,O=C(O)c1ccc(NC(=O)[C@H](Cc2ccc(O)cc2)NC(=O)c2ccccc2)cc1
6450,O=C(O)c1ccc(NC2OC[C@@H](O)[C@H](O)[C@H]2O)cc1
6451,O=C(O)c1ccc(O)c(O)c1
6452,O=C(O)c1ccc(O)cc1
6453,O=C(O)c1ccc(O)cc1O
6454,O=C(O)c1ccc(O)nc1
6455,O=C(O)c1ccc(OCCCOc2ccc(C(=O)O)cc2)cc1
6456,O=C(O)c1ccc(OCCN2CCCCC2)cc1
6457,O=C(O)c1ccc(OCCn2ccnc2)cc1
6458,O=C(O)c1ccc(S(=O)(=O)N(Cl)Cl)cc1
6459,O=C(O)c1ccc(S(=O)(=O)O)cc1C(=O)O
6460,O=C(O)c1ccc([N+](=O)[O-])cc1
6461,O=C(O)c1ccc2[nH]cc(CCCCN3CC=C(c4ccccc4)CC3)c2c1
6462,O=C(O)c1ccc2c(c1)C(=O)OC2=O
6463,O=C(O)c1ccc2c(c1)nc(C(=O)NC1CCN(C3CC3)CC1)n2Cc1cc(-c2ccc(Cl)s2)on1
6464,O=C(O)c1ccc2cc(C(=O)O)ccc2c1
6465,O=C(O)c1ccc2cc(O)ccc2c1
6466,O=C(O)c1ccc[n+]([O-])c1
6467,O=C(O)c1cccc(-c2noc(-c3ccccc3F)n2)c1
6468,O=C(O)c1cccc(/C=C2/C[C@@H]3[C@@H](/C=C/[C@@H](O)C4CCCCC4)[C@H](O)C[C@@H]3O2)c1
6469,O=C(O)c1cccc(C(=O)O)c1
6470,O=C(O)c1cccc(C(=O)O)c1C(=O)O
6471,O=C(O)c1cccc(C(=O)O)n1
6472,O=C(O)c1cccc(C(F)(F)F)c1
6473,O=C(O)c1cccc(C[C@@H]2COc3ccc(OCc4nc5cc(F)ccc5s4)cc3[C@@H]2O)c1
6474,O=C(O)c1cccc(Cl)c1
6475,O=C(O)c1cccc(Cl)c1Cl
6476,O=C(O)c1cccc(Cl)n1
6477,O=C(O)c1cccc(N(Cc2cccnc2)c2ccc(OC(F)F)c(OC(F)F)c2)c1
6478,O=C(O)c1cccc(O)c1
6479,O=C(O)c1cccc(Oc2ccccc2)c1
6480,O=C(O)c1cccc([N+](=O)[O-])c1
6481,O=C(O)c1ccccc1-c1c2cc(Br)c(=O)c(Br)c-2oc2c(Br)c(O)c(Br)cc12
6482,O=C(O)c1ccccc1-c1c2cc(I)c(=O)c(I)c-2oc2c(I)c(O)c(I)cc12
6483,O=C(O)c1ccccc1-c1ccc(C(F)(F)F)cc1
6484,O=C(O)c1ccccc1-n1cc(C(=O)O)c(=O)c2cc(Nc3c(F)cc(F)cc3Cl)c(Cl)cc21
6485,O=C(O)c1ccccc1C(=O)Nc1ccc(S(=O)(=O)Nc2nccs2)cc1
6486,O=C(O)c1ccccc1C(=O)Nc1cccc2ccccc12
6487,O=C(O)c1ccccc1C(=O)O
6488,O=C(O)c1ccccc1C(=O)OCc1ccccc1
6489,O=C(O)c1ccccc1C(c1ccc(O)cc1)c1ccc(O)cc1
6490,O=C(O)c1ccccc1Cl
6491,O=C(O)c1ccccc1NCCc1ccccc1
6492,O=C(O)c1ccccc1Nc1cc(Cl)ccc1C(=O)O
6493,O=C(O)c1ccccc1Nc1cccc(C(F)(F)F)c1
6494,O=C(O)c1ccccc1O
6495,O=C(O)c1ccccc1OP(=O)(O)O
6496,O=C(O)c1ccccc1S
6497,O=C(O)c1ccccc1[N+](=O)[O-]
6498,O=C(O)c1ccccn1
6499,O=C(O)c1cccnc1
6500,O=C(O)c1cccnc1C(=O)O
6501,O=C(O)c1cccnc1Nc1cccc(C(F)(F)F)c1
6502,O=C(O)c1ccco1
6503,O=C(O)c1ccncc1
6504,O=C(O)c1cn(-c2ccc(F)cc2)c2cc(N3CCNCC3)c(F)cc2c1=O
6505,O=C(O)c1cn(C2CC2)c2cc(Cl)c(F)cc2c1=O
6506,O=C(O)c1cn(C2CC2)c2cc(N3CCNCC3)c(F)cc2c1=O
6507,O=C(O)c1nc(Cl)c(Cl)c(Cl)c1Cl
6508,O=C(O)c1nc(O)nc(O)n1
6509,O=C(O)c1nn(Cc2ccc(Cl)cc2Cl)c2ccccc12
6510,O=C(O)c1snc(Cl)c1Cl
6511,O=C(OC(=O)c1ccccc1)c1ccccc1
6512,O=C(OC1CCCCC1)c1ccccc1C(=O)OC1CCCCC1
6513,O=C(OC1CN2CCC1CC2)c1ccccc1
6514,O=C(OCC(COC(=O)c1ccccc1)(COC(=O)c1ccccc1)COC(=O)c1ccccc1)c1ccccc1
6515,O=C(OCC(COC(=O)c1cccnc1)(COC(=O)c1cccnc1)COC(=O)c1cccnc1)c1cccnc1
6516,O=C(OCC(O)CO)c1ccccc1Nc1ccnc2c(C(F)(F)F)cccc12
6517,O=C(OCC(O)CO)c1ccccc1Nc1ccnc2cc(Cl)ccc12
6518,O=C(OCC1(COC(=O)c2cccnc2)CCCC(COC(=O)c2cccnc2)(COC(=O)c2cccnc2)C1O)c1cccnc1
6519,O=C(OCC1CO1)C1CCCCC1C(=O)OCC1CO1
6520,O=C(OCCCCCCOC(=O)c1ccccc1)c1ccccc1
6521,O=C(OCCCCCOC(=O)c1ccccc1)c1ccccc1
6522,O=C(OCCN1CCCCC1)C(O)(c1ccccc1)c1ccccc1
6523,O=C(OCCN1CCOCC1)c1cccnc1Nc1cccc(C(F)(F)F)c1
6524,O=C(OCCO)c1ccccc1O
6525,O=C(OCCOCCO)c1ccccc1Nc1cccc(C(F)(F)F)c1
6526,O=C(OCCOCCOC(=O)c1ccccc1)c1ccccc1
6527,O=C(OCCOCCOCCOC(=O)c1ccccc1)c1ccccc1
6528,O=C(OCCc1ccccc1)c1ccccc1
6529,O=C(OC[C@H]1O[C@@H](OC(=O)c2cc(O)c(O)c(OC(=O)c3cc(O)c(O)c(O)c3)c2)[C@H](OC(=O)c2cc(O)c(O)c(OC(=O)c3cc(O)c(O)c(O)c3)c2)[C@@H](OC(=O)c2cc(O)c(O)c(OC(=O)c3cc(O)c(O)c(O)c3)c2)[C@@H]1OC(=O)c1cc(O)c(O)c(OC(=O)c2cc(O)c(O)c(O)c2)c1)c1cc(O)c(O)c(OC(=O)c2cc(O)c(O)c(O)c2)c1
6530,O=C(OCc1ccccc1)C(=O)OCc1ccccc1
6531,O=C(OCc1ccccc1)c1ccc(O)cc1
6532,O=C(OCc1ccccc1)c1ccccc1
6533,O=C(OCc1ccccc1)c1ccccc1O
6534,O=C(OCc1ccccc1)c1cccnc1
6535,O=C(OOC(=O)c1ccccc1)c1ccccc1
6536,O=C(O[C@@H](C(=O)O)[C@@H](OC(=O)c1ccccc1)C(=O)O)c1ccccc1
6537,O=C(O[C@@H]1C[C@@H]2C[C@@H]3C[C@H](C1)N2CC3=O)c1c[nH]c2ccccc12
6538,O=C(O[C@@H]1Cc2c(O)cc(O)cc2O[C@@H]1c1cc(O)c(O)c(O)c1)c1cc(O)c(O)c(O)c1
6539,O=C(O[C@H]1CN2CCC1CC2)N1CCc2ccccc2[C@@H]1c1ccccc1
6540,O=C(O[C@H]1C[C@H]2CC[C@@H](C1)[N+]21CCCC1)C(O)(c1ccccc1)c1ccccc1
6541,O=C(Oc1ccc(Br)cc1)N1CCN2CCC1CC2
6542,O=C(Oc1cccc2cccnc12)c1ccccc1
6543,O=C(Oc1ccccc1)Oc1ccccc1
6544,O=C(Oc1ccccc1)c1ccc(O)cc1
6545,O=C(Oc1ccccc1)c1ccc2ccccc2c1O
6546,O=C(Oc1ccccc1)c1cccc(C(=O)Oc2ccccc2)c1
6547,O=C(Oc1ccccc1)c1ccccc1
6548,O=C(Oc1ccccc1)c1ccccc1C(=O)Oc1ccccc1
6549,O=C(Oc1ccccc1)c1ccccc1O
6550,O=C(Oc1ccccc1C(=O)O)c1ccccc1O
6551,O=C(c1cc(O)c(O)c(O)c1)c1ccc(O)c(O)c1O
6552,O=C(c1cc2ccccc2o1)N1CCN(Cc2ccccc2)CC1
6553,O=C(c1ccc(Cl)cc1)c1ccc(Cl)cc1
6554,O=C(c1ccc(F)cc1)C1CCN(CCn2c(=O)[nH]c3ccccc3c2=O)CC1
6555,O=C(c1ccc(F)cc1)C1CCN(CCn2c(=S)[nH]c3ccccc3c2=O)CC1
6556,O=C(c1ccc(O)c(O)c1)c1ccc(O)cc1O
6557,O=C(c1ccc(O)cc1)c1ccc(Cl)cc1
6558,O=C(c1ccc(O)cc1)c1ccc(O)c(O)c1O
6559,O=C(c1ccc(O)cc1)c1ccc(O)cc1
6560,O=C(c1ccc(O)cc1)c1ccc(O)cc1O
6561,O=C(c1ccc(O)cc1O)c1ccc(O)cc1O
6562,O=C(c1ccc(OCCN2CCCCC2)cc1)c1c(-c2ccc(O)cc2)sc2cc(O)ccc12
6563,O=C(c1ccc2c(c1)C(=O)OC2=O)c1ccc2c(c1)C(=O)OC2=O
6564,O=C(c1ccccc1)C(O)c1ccccc1
6565,O=C(c1ccccc1)C1(O)CCCCC1
6566,O=C(c1ccccc1)C1CCC1
6567,O=C(c1ccccc1)c1cc(Cl)ccc1O
6568,O=C(c1ccccc1)c1ccc(O)c(O)c1O
6569,O=C(c1ccccc1)c1ccc(O)cc1
6570,O=C(c1ccccc1)c1ccc(O)cc1O
6571,O=C(c1ccccc1)c1ccc2n1CC[C@H]2C(=O)O
6572,O=C(c1ccccc1)c1cccc(O)c1
6573,O=C(c1ccccc1)c1ccccc1
6574,O=C(c1ccccc1)c1ccccc1O
6575,O=C(c1ccccc1O)c1ccccc1O
6576,O=C(c1ccco1)N1CCNCC1
6577,O=C/C(Cl)=C(/Cl)C(=O)O
6578,O=C/C=C/c1ccccc1
6579,O=C/C=C/c1ccco1
6580,O=C1/C(=C2\Nc3ccccc3C2=O)Nc2ccccc21
6581,O=C1C(=Cc2cccs2)CCCC1=Cc1cccs1
6582,O=C1C(=O)c2cccc3cccc1c23
6583,O=C1C(=O)c2ncccc2-c2cccnc21
6584,O=C1C(CCS(=O)c2ccccc2)C(=O)N(c2ccccc2)N1c1ccccc1
6585,O=C1C(Cl)=C(Cl)C(=O)C(Cl)=C1Cl
6586,O=C1C(Cl)=C(Cl)C(=O)c2ccccc21
6587,O=C1C(Cl)C(CCl)CN1c1cccc(C(F)(F)F)c1
6588,O=C1C(N(CO)C(=O)NCO)N(CO)C(=O)N1CO
6589,O=C1C(O)=C(O)C(=O)C(O)=C1O
6590,O=C1C(O)=C([C@H]2CC[C@H](c3ccc(Cl)cc3)CC2)C(=O)c2ccccc21
6591,O=C1C2CC=CCC2C(=O)N1SC(Cl)(Cl)C(Cl)Cl
6592,O=C1C2CC=CCC2C(=O)N1SC(Cl)(Cl)Cl
6593,O=C1C=C2C=C[C@@H]3C[C@@]2(O1)[C@H]1CCCCN31
6594,O=C1C=CC(=O)C=C1
6595,O=C1C=CC(=O)N1
6596,O=C1C=CC(=O)N1c1ccc(Cc2ccc(N3C(=O)C=CC3=O)cc2)cc1
6597,O=C1C=CC(=O)N1c1ccccc1
6598,O=C1C=CC(=O)O1
6599,O=C1C=CCCC1
6600,O=C1CC(=O)NC(=O)N1
6601,O=C1CC(c2ccc(Cl)cc2)CC(=O)N1
6602,O=C1CC2(CCCC2)CC(=O)N1
6603,O=C1CC2(CCCC2)CC(=O)N1CCCCN1CCN(c2ncccn2)CC1
6604,O=C1CC2(CCCC2)CC(=O)N1CCNCC1COc2ccccc2O1
6605,O=C1CC2CC1C1CCCC21
6606,O=C1CCC(=O)N1CO
6607,O=C1CCC(=O)N1Cl
6608,O=C1CCC(=O)O1
6609,O=C1CCC(C2CCCCC2)CC1
6610,O=C1CCC(N2C(=O)c3ccccc3C2=O)C(=O)N1
6611,O=C1CCC(c2ccc(-n3ccnc3)cc2)=NN1
6612,O=C1CCC(c2ccccc2)(C2CCN(Cc3ccccc3)CC2)C(=O)N1
6613,O=C1CCCC(=O)C1
6614,O=C1CCCC(=O)O1
6615,O=C1CCCC1
6616,O=C1CCCC=CCCCCCCCCCC1
6617,O=C1CCCCC1
6618,O=C1CCCCC1C1CCCCC1
6619,O=C1CCCCC1CN1CCCCC1
6620,O=C1CCCCC1Cl
6621,O=C1CCCCCCCCCCC(=O)OCCO1
6622,O=C1CCCCCCCCCCC1
6623,O=C1CCCCCCCCCCCC(=O)OCCO1
6624,O=C1CCCCCCCCCCCCCC1
6625,O=C1CCCCCCCCCCCCCCCO1
6626,O=C1CCCCCCCCCCCCCCO1
6627,O=C1CCCCCCCCCCCN1
6628,O=C1CCCCCCCCCCOCCCCO1
6629,O=C1CCCCCN1
6630,O=C1CCCCCN1SSN1CCCCCC1=O
6631,O=C1CCCCCO1
6632,O=C1CCCCO1
6633,O=C1CCCN1
6634,O=C1CCCN1C1CCCCC1
6635,O=C1CCCN1CCO
6636,O=C1CCCO1
6637,O=C1CCCc2c(O)cccc21
6638,O=C1CCCc2c1cc1ccc3cccc4ccc2c1c34
6639,O=C1CCCc2ccccc21
6640,O=C1CCN(c2ccccc2)N1
6641,O=C1CC[C@@H](C(=O)N2CSC[C@H]2C(=O)O)N1
6642,O=C1CC[C@@H](C(=O)N[C@H]2C[C@@H]2c2ccccc2)N1
6643,O=C1CC[C@@H](C(=O)O)N1
6644,O=C1CC[C@@]2(O)[C@H]3Cc4ccc(O)c5c4[C@@]2(CCN3CC2CC2)[C@H]1O5
6645,O=C1CC[C@H](C(=O)N2CCCCC2)N1
6646,O=C1CCc2cc(OCCCCc3nnnn3C3CCCCC3)ccc2N1
6647,O=C1CCc2ccc(OCCCCN3CCN(c4cccc(Cl)c4Cl)CC3)cc2N1
6648,O=C1CCc2ccccc2O1
6649,O=C1CN(N=Cc2ccc(-c3ccc([N+](=O)[O-])cc3)o2)C(=O)N1
6650,O=C1CN(N=Cc2ccc([N+](=O)[O-])o2)C(=O)N1
6651,O=C1CN2CCOC2(c2ccccc2Cl)c2cc(Cl)ccc2N1
6652,O=C1CN=C(c2ccccc2)c2cc(Cl)ccc2N1
6653,O=C1CN=C(c2ccccc2)c2cc(Cl)ccc2N1CC1CC1
6654,O=C1CN=C(c2ccccc2)c2cc([N+](=O)[O-])ccc2N1
6655,O=C1CSC2(CCN(CCCN3c4ccccc4Sc4ccc(Cl)cc43)CC2)N1
6656,O=C1C[C@@H]2OCC=C3CN4CC[C@]56c7ccccc7N1[C@H]5[C@H]2[C@H]3C[C@H]46
6657,O=C1C[N+]([O-])=C(c2ccccc2)c2cc(Cl)ccc2N1
6658,O=C1Cc2cc(CCN3CCN(c4nsc5ccccc45)CC3)c(Cl)cc2N1
6659,O=C1Cc2cc(Cl)ccc2N1
6660,O=C1Cc2ccccc2N1c1c(Cl)cccc1Cl
6661,O=C1N(c2ccccc2)c2ccccc2C1(Cc1ccncc1)Cc1ccncc1
6662,O=C1N=C2SCCN2C(=O)C1Cc1ccc(Cl)cc1
6663,O=C1NC(=O)C(=O)C(=O)N1
6664,O=C1NC(=O)C(c2ccccc2)(c2ccccc2)N1
6665,O=C1NC(=O)C2CC=CCC12
6666,O=C1NC(=O)[C@@H]2CC=CC[C@H]12
6667,O=C1NC(=O)[C@@]2(CCOc3ccc(F)cc32)N1
6668,O=C1NC(=O)[C@H]2[C@@H]1[C@@H]1C=C[C@H]2C1
6669,O=C1NC(=O)c2cc([N+](=O)[O-])ccc21
6670,O=C1NC(=O)c2cccc3cccc1c23
6671,O=C1NC(=O)c2ccccc21
6672,O=C1NC(c2ccccc2)(c2ccccc2)C(=O)N1COP(=O)(O)O
6673,O=C1NC2CCCCN2C12CCN(CCCN1c3ccccc3CCc3ccc(Cl)cc31)CC2
6674,O=C1NC2NC(=O)NC2N1
6675,O=C1NCC2(CCN(CCc3ccccc3)CC2)O1
6676,O=C1NCCN1
6677,O=C1NCCN1CCN1CCC(c2cn(-c3ccc(F)cc3)c3ccc(Cl)cc23)CC1
6678,O=C1NCCN1CCO
6679,O=C1NCCN1c1ncc([N+](=O)[O-])s1
6680,O=C1NCN(c2ccccc2)C12CCN(CC1COc3ccccc3O1)CC2
6681,O=C1NCN(c2ccccc2)C12CCN(CCCC(c1ccc(F)cc1)c1ccc(F)cc1)CC2
6682,O=C1NCN(c2ccccc2)C12CCN(CCCOc1ccc(F)cc1)CC2
6683,O=C1Nc2cc(Cl)ccc2Oc2ccccc21
6684,O=C1Nc2ccc(Cl)cc2C(c2ccccc2)=NC1O
6685,O=C1Nc2ccc(Cl)cc2C(c2ccccc2Cl)=NC1O
6686,O=C1Nc2ccc(Cl)cc2[C@@](C#CC2CC2)(C(F)(F)F)O1
6687,O=C1Nc2ccc([N+](=O)[O-])cc2C1=O
6688,O=C1Nc2ccccc2C1(c1ccc(O)cc1)c1ccc(O)cc1
6689,O=C1Nc2ccccc2C1=O
6690,O=C1OC(=O)C2C3C=CC(C3)C12
6691,O=C1OC(=O)C2CC=CCC12
6692,O=C1OC(=O)C2CCCCC12
6693,O=C1OC(=O)c2c(Br)c(Br)c(Br)c(Br)c21
6694,O=C1OC(=O)c2c(Cl)c(Cl)c(Cl)c(Cl)c21
6695,O=C1OC(=O)c2cc(-c3ccc4c(c3)C(=O)OC4=O)ccc21
6696,O=C1OC(=O)c2cc([N+](=O)[O-])ccc21
6697,O=C1OC(=O)c2cccc3cccc1c23
6698,O=C1OC(=O)c2ccccc21
6699,O=C1OC(CN2CCOCC2)CN1N=Cc1ccc([N+](=O)[O-])o1
6700,O=C1OC(O)C(C(Cl)Cl)=C1Cl
6701,O=C1OC(OC(=O)c2cccnc2Nc2cccc(C(F)(F)F)c2)c2ccccc21
6702,O=C1OC(c2ccc(O)c(S(=O)(=O)O)c2)(c2ccc(O)c(S(=O)(=O)O)c2)c2c(Br)c(Br)c(Br)c(Br)c21
6703,O=C1OC(c2ccc(O)cc2)(c2ccc(O)cc2)c2ccccc21
6704,O=C1OC2(c3cc(Br)c(O)c(Br)c3Oc3c2cc(Br)c(O)c3Br)c2c(Cl)c(Cl)c(Cl)c(Cl)c21
6705,O=C1OC2(c3cc(Br)c(O)cc3Oc3c2cc(Br)c(O)[c]3[Hg][OH])c2ccccc21
6706,O=C1OC2(c3ccccc31)c1cc(Br)c(O)c(Br)c1Oc1c2cc(Br)c(O)c1Br
6707,O=C1OC2(c3ccccc31)c1cc(I)c(O)c(I)c1Oc1c2cc(I)c(O)c1I
6708,O=C1OCCN1/N=C/c1ccc([N+](=O)[O-])o1
6709,O=C1OCCO1
6710,O=C1OC[C@H](Cc2cccc(O)c2)[C@H]1Cc1cccc(O)c1
6711,O=C1O[C@@H]2[C@@H](O)[C@H](O)O[C@@H]2[C@H]1O
6712,O=C1O[C@H](CO)[C@@H](O)[C@H](O)[C@H]1O
6713,O=C1O[C@H]([C@H](O)CO)C(O)=C1O
6714,O=C1[C@@H]2[C@H]3CC[C@H](C3)[C@@H]2C(=O)N1CCCCN1CCN(c2ncccn2)CC1
6715,O=C1[C@H](CC[C@H](O)c2ccc(F)cc2)[C@@H](c2ccc(O)cc2)N1c1ccc(F)cc1
6716,O=C1[C@H]2CCCC[C@H]2C(=O)N1CCCCN1CCN(c2nsc3ccccc23)CC1
6717,O=C1[O][Pt]2([NH][C@@H]3CCCC[C@H]3[NH]2)[O]C1=O
6718,O=C1c2c(O)ccc(Nc3ccc(CCO)cc3)c2C(=O)c2c([N+](=O)[O-])ccc(O)c21
6719,O=C1c2c(O)ccc(O)c2C(=O)c2c(NCCNCCO)ccc(NCCNCCO)c21
6720,O=C1c2c(O)ccc([N+](=O)[O-])c2C(=O)c2c([N+](=O)[O-])ccc(O)c21
6721,O=C1c2c(O)cccc2Cc2cccc(O)c21
6722,O=C1c2c(O)cccc2[C@H]([C@@H]2O[C@H](CO)[C@@H](O)[C@H](O)[C@H]2O)c2cc(CO)cc(O)c21
6723,O=C1c2cccc(O)c2C(=O)c2c(O)cc(CO)cc21
6724,O=C1c2cccc(O)c2C(=O)c2c(O)cccc21
6725,O=C1c2cccc3c2[C@H](CCC3)CN1[C@@H]1CN2CCC1CC2
6726,O=C1c2ccccc2-c2ccccc21
6727,O=C1c2ccccc2-c2n[nH]c3cccc1c23
6728,O=C1c2ccccc2C(=O)C1(O)O
6729,O=C1c2ccccc2C(=O)C1C(=O)C(c1ccccc1)c1ccc(Cl)cc1
6730,O=C1c2ccccc2C(=O)C1C(=O)C(c1ccccc1)c1ccccc1
6731,O=C1c2ccccc2C(=O)C1c1ccc(Br)cc1
6732,O=C1c2ccccc2C(=O)C1c1ccc(Cl)cc1
6733,O=C1c2ccccc2C(=O)C1c1ccc2cc(S(=O)(=O)O)cc(S(=O)(=O)O)c2n1
6734,O=C1c2ccccc2C(=O)C1c1ccc2ccccc2n1
6735,O=C1c2ccccc2C(=O)C1c1ccccc1
6736,O=C1c2ccccc2C(=O)C1c1nc2ccccc2c(Br)c1O
6737,O=C1c2ccccc2C(=O)N1CCc1noc(-c2ccc(CN3CCCCCC3)s2)n1
6738,O=C1c2ccccc2C(=O)N1CCl
6739,O=C1c2ccccc2C(=O)N1CO
6740,O=C1c2ccccc2C(=O)N1SC(Cl)(Cl)Cl
6741,O=C1c2ccccc2C(=O)N1SC1CCCCC1
6742,O=C1c2ccccc2C(=O)c2c(O)c(O)cc(O)c21
6743,O=C1c2ccccc2C(=O)c2c(O)ccc(O)c21
6744,O=C1c2ccccc2C(=O)c2c1ccc(O)c2O
6745,O=C1c2ccccc2C(=O)c2cc(Cl)ccc21
6746,O=C1c2ccccc2C(=O)c2cc(O)ccc21
6747,O=C1c2ccccc2C(=O)c2cc(S(=O)(=O)O)ccc21
6748,O=C1c2ccccc2C(=O)c2ccccc21
6749,O=C1c2ccccc2CCc2ccccc21
6750,O=C1c2ccccc2CN2C(=O)c3ccccc3CN12
6751,O=C1c2ccccc2Cc2ccccc21
6752,O=C1c2ccccc2S(=O)(=O)N1CCCCN1CCN(c2ncccn2)CC1
6753,O=C=NC1CCC(CC2CCC(N=C=O)CC2)CC1
6754,O=C=NC1CCCCC1
6755,O=C=NCC1CCCC(CN=C=O)C1
6756,O=C=NCCCCCCN=C=O
6757,O=C=Nc1ccc(Cc2ccc(N=C=O)cc2)cc1
6758,O=C=Nc1ccc(Cl)c(Cl)c1
6759,O=C=Nc1ccc(Cl)cc1
6760,O=C=Nc1cccc(C(F)(F)F)c1
6761,O=CC(=O)c1ccccc1
6762,O=CC(Br)(Br)Br
6763,O=CC1CC=CCC1
6764,O=CC=C(c1ccccc1)c1ccccc1
6765,O=CC=Cc1ccccc1
6766,O=CC=O
6767,O=CCCCC=O
6768,O=CCCc1ccccc1
6769,O=CCCl
6770,O=CCc1ccccc1
6771,O=CN(CCO)CCO
6772,O=CN1CCCCC1
6773,O=CN1CCOCC1
6774,O=CNNC=O
6775,O=CNc1ccccc1
6776,O=CO
6777,O=C[C@@H](O)[C@H](O)[C@H](O)CO
6778,O=Cc1c(Cl)cccc1Cl
6779,O=Cc1c2ccccc2c(Cl)c2ccccc12
6780,O=Cc1cc(O)ccc1Br
6781,O=Cc1cc2ccccc2o1
6782,O=Cc1ccc(C(=O)O)cc1
6783,O=Cc1ccc(CO)o1
6784,O=Cc1ccc(Cl)c(Cl)c1
6785,O=Cc1ccc(Cl)c([N+](=O)[O-])c1
6786,O=Cc1ccc(Cl)cc1
6787,O=Cc1ccc(Cl)cc1Cl
6788,O=Cc1ccc(F)c(Br)c1
6789,O=Cc1ccc(F)cc1
6790,O=Cc1ccc(O)c(O)c1O
6791,O=Cc1ccc([N+](=O)[O-])cc1
6792,O=Cc1ccc2c(c1)OCO2
6793,O=Cc1cccc(Br)c1
6794,O=Cc1cccc(Oc2ccccc2)c1
6795,O=Cc1cccc([N+](=O)[O-])c1
6796,O=Cc1ccccc1
6797,O=Cc1ccccc1C=O
6798,O=Cc1ccccc1Cl
6799,O=Cc1ccccc1O
6800,O=Cc1ccccc1S(=O)(=O)O
6801,O=Cc1ccccc1[N+](=O)[O-]
6802,O=Cc1ccco1
6803,O=NN(CCCl)C(=O)NC1CCCCC1
6804,O=NN(CCCl)C(=O)NCCCl
6805,O=NN(CCO)CCO
6806,O=NN(O)c1ccccc1
6807,O=NN(c1ccccc1)c1ccccc1
6808,O=NN1CCCC1
6809,O=NN1CCCCC1
6810,O=NN1CCCCCC1
6811,O=NN1CCCCCCC1
6812,O=NN1CCN(N=O)CC1
6813,O=NN1CCNCC1
6814,O=NN1CCOCC1
6815,O=NO
6816,O=Nc1ccc(Nc2ccccc2)cc1
6817,O=Nc1ccc(O)cc1
6818,O=P(Cl)(Cl)Cl
6819,O=P(Cl)(Oc1ccccc1)Oc1ccccc1
6820,O=P(O)(O)C(Cl)(Cl)P(=O)(O)O
6821,O=P(O)(O)C(O)(Cc1cccnc1)P(=O)(O)O
6822,O=P(O)(O)C(O)(Cc1cnc2ccccn12)P(=O)(O)O
6823,O=P(O)(O)C(Sc1ccc(Cl)cc1)P(=O)(O)O
6824,O=P(O)(O)CCCl
6825,O=P(O)(O)CN(CP(=O)(O)O)CP(=O)(O)O
6826,O=P(O)(O)O
6827,O=P(O)(O)OC(CO)CO
6828,O=P(O)(O)OC(Cn1cncn1)(Cn1cncn1)c1ccc(F)cc1F
6829,O=P(O)(O)OC[C@H]1O[C@](O)(COP(=O)(O)O)[C@@H](O)[C@@H]1O
6830,O=P(O)(O)Oc1ccccc1
6831,O=P(O)(O)c1ccccc1
6832,O=P(O)(OCc1ccccc1)OCc1ccccc1
6833,O=P(O)(Oc1ccccc1)Oc1ccccc1
6834,O=P(OC(CCl)CCl)(OC(CCl)CCl)OC(CCl)CCl
6835,O=P(OCC(Br)CBr)(OCC(Br)CBr)OCC(Br)CBr
6836,O=P(OCCCl)(OCCCl)OCCCl
6837,O=P(Oc1ccccc1)(Oc1ccccc1)Oc1ccccc1
6838,O=P(c1ccccc1)(c1ccccc1)c1ccccc1
6839,O=P1(N(CCCl)CCCl)NC(OO)CCO1
6840,O=P1(N(CCCl)CCCl)NCCCO1
6841,O=P1(NCCCl)OCCCN1CCCl
6842,O=S(=O)(Cl)Cl
6843,O=S(=O)(Cl)c1c(Cl)cccc1Cl
6844,O=S(=O)(Cl)c1ccccc1
6845,O=S(=O)(O)C(F)(F)C(F)(F)C(F)(F)C(F)(F)C(F)(F)C(F)(F)C(F)(F)C(F)(F)F
6846,O=S(=O)(O)C(F)(F)C(F)(F)C(F)(F)C(F)(F)C(F)(F)C(F)(F)F
6847,O=S(=O)(O)C(F)(F)F
6848,O=S(=O)(O)CC(O)CCl
6849,O=S(=O)(O)CC(S)CS
6850,O=S(=O)(O)CCCN1CCOCC1
6851,O=S(=O)(O)CCCS(=O)(=O)O
6852,O=S(=O)(O)CCN1CCN(CCO)CC1
6853,O=S(=O)(O)CCO
6854,O=S(=O)(O)CCS
6855,O=S(=O)(O)CO
6856,O=S(=O)(O)F
6857,O=S(=O)(O)NC1CCCCC1
6858,O=S(=O)(O)O
6859,O=S(=O)(O)OOS(=O)(=O)O
6860,O=S(=O)(O)S
6861,O=S(=O)(O)SSS(=O)(=O)O
6862,O=S(=O)(O)c1cc(Cl)c(Cl)cc1Cl
6863,O=S(=O)(O)c1cc(I)c(O)c2ncccc12
6864,O=S(=O)(O)c1cc(O)c(O)c(S(=O)(=O)O)c1
6865,O=S(=O)(O)c1cc(O)c2c(N=Nc3ccc(Nc4ccccc4)c4c(S(=O)(=O)O)cccc34)cc(S(=O)(=O)O)cc2c1
6866,O=S(=O)(O)c1cc(O)c2ccc(Nc3ccccc3)cc2c1
6867,O=S(=O)(O)c1cc(O)ccc1O
6868,O=S(=O)(O)c1cc(S(=O)(=O)O)c2c(/N=N/c3ccccc3)c(O)ccc2c1
6869,O=S(=O)(O)c1ccc(/N=N/c2c(O)ccc3cc(S(=O)(=O)O)ccc23)cc1
6870,O=S(=O)(O)c1ccc(Cl)cc1
6871,O=S(=O)(O)c1ccc(N=Nc2c(O)ccc3ccccc23)cc1
6872,O=S(=O)(O)c1ccc(Nc2nc(Nc3ccc(/C=C/c4ccc(Nc5nc(Nc6ccc(S(=O)(=O)O)cc6)nc(N(CCO)CCO)n5)cc4S(=O)(=O)O)c(S(=O)(=O)O)c3)nc(N(CCO)CCO)n2)cc1
6873,O=S(=O)(O)c1ccc(O)c2ncccc12
6874,O=S(=O)(O)c1ccc2[nH]c(-c3ccccc3)nc2c1
6875,O=S(=O)(O)c1ccc2c(/N=N\c3ccc(S(=O)(=O)O)c4ccccc34)c(O)c(S(=O)(=O)O)cc2c1
6876,O=S(=O)(O)c1ccc2cc(O)c(S(=O)(=O)O)cc2c1
6877,O=S(=O)(O)c1ccc2cc(O)ccc2c1
6878,O=S(=O)(O)c1cccc(S(=O)(=O)O)c1
6879,O=S(=O)(O)c1cccc2ccccc12
6880,O=S(=O)(O)c1ccccc1
6881,O=S(=O)(O)c1ccccc1C=Cc1ccc(-c2ccc(C=Cc3ccccc3S(=O)(=O)O)cc2)cc1
6882,O=S(=O)(O)c1ccccc1O
6883,O=S(=O)(Oc1ccc(Cl)cc1)c1ccc(Cl)cc1
6884,O=S(=O)(Oc1ccc(Cl)cc1)c1ccccc1
6885,O=S(=O)(Oc1ccc(Cl)cc1Cl)c1ccccc1
6886,O=S(=O)(c1ccc(Cl)cc1)c1cc(Cl)c(Cl)cc1Cl
6887,O=S(=O)(c1ccc(Cl)cc1)c1ccc(Cl)cc1
6888,O=S(=O)(c1ccc(O)cc1)c1ccc(O)cc1
6889,O=S(=O)(c1cccc2cnccc12)N1CCCNCC1
6890,O=S(=O)(c1ccccc1)c1ccc(Cl)cc1
6891,O=S(=O)(c1ccccc1)c1ccccc1
6892,O=S(O)CNc1ccc(S(=O)(=O)c2ccc(NCS(=O)O)cc2)cc1
6893,O=S(O)CO
6894,O=S(O)C[O][Na]
6895,O=S(c1cc(Cl)cc(Cl)c1O)c1cc(Cl)cc(Cl)c1O
6896,O=S1(=O)CC(Cl)(Cl)C(Cl)(Cl)C1
6897,O=S1(=O)CC=CC1
6898,O=S1(=O)CCCC1
6899,O=S1(=O)CCCO1
6900,O=S1(=O)OC(c2cc(Br)c(O)c(Br)c2)(c2cc(Br)c(O)c(Br)c2)c2ccccc21
6901,O=S1(=O)OCC2C(CO1)C1(Cl)C(Cl)=C(Cl)C2(Cl)C1(Cl)Cl
6902,O=S1(=O)OCCO1
6903,O=S1(=O)c2cccc3cccc(c23)N1CCCN1CCN(c2ccc(F)cc2)CC1
6904,O=S1OCC2C(CO1)C1(Cl)C(Cl)=C(Cl)C2(Cl)C1(Cl)Cl
6905,O=S1OCCO1
6906,O=S1OC[C@@H]2[C@H](CO1)[C@]1(Cl)C(Cl)=C(Cl)[C@@]2(Cl)C1(Cl)Cl
6907,O=[N+]([O-])/C=C/c1ccccc1
6908,O=[N+]([O-])/N=C1\NCCN1Cc1ccc(Cl)nc1
6909,O=[N+]([O-])C(Br)(CO)CO
6910,O=[N+]([O-])C(Br)Br
6911,O=[N+]([O-])C(CO)(CO)CO
6912,O=[N+]([O-])C(Cl)(Cl)Cl
6913,O=[N+]([O-])C([N+](=O)[O-])([N+](=O)[O-])[N+](=O)[O-]
6914,O=[N+]([O-])C1(Br)COCOC1
6915,O=[N+]([O-])C=Cc1ccccc1
6916,O=[N+]([O-])CCO
6917,O=[N+]([O-])O
6918,O=[N+]([O-])OCC(CO[N+](=O)[O-])(CO[N+](=O)[O-])CO[N+](=O)[O-]
6919,O=[N+]([O-])OCCN(CCO[N+](=O)[O-])CCO[N+](=O)[O-]
6920,O=[N+]([O-])O[C@@H]1CO[C@H]2[C@@H]1OC[C@@H]2O
6921,O=[N+]([O-])O[C@H]1CO[C@H]2[C@@H]1OC[C@H]2O[N+](=O)[O-]
6922,O=[N+]([O-])[O][Cd][O][N+](=O)[O-]
6923,O=[N+]([O-])c1c(Cl)c(Cl)c(Cl)c(Cl)c1Cl
6924,O=[N+]([O-])c1c(Cl)c(Cl)cc(Cl)c1Cl
6925,O=[N+]([O-])c1c(Cl)cc(Cl)cc1Cl
6926,O=[N+]([O-])c1c(Cl)cccc1-c1c[nH]cc1Cl
6927,O=[N+]([O-])c1cc(C(F)(F)F)c(Cl)c([N+](=O)[O-])c1Cl
6928,O=[N+]([O-])c1cc(C(F)(F)F)c(Cl)c([N+](=O)[O-])c1Nc1ncc(C(F)(F)F)cc1Cl
6929,O=[N+]([O-])c1cc(C(F)(F)F)cc([N+](=O)[O-])c1Cl
6930,O=[N+]([O-])c1cc(C(F)(F)F)ccc1Cl
6931,O=[N+]([O-])c1cc(C2CCCCC2)c(O)c([N+](=O)[O-])c1
6932,O=[N+]([O-])c1cc(Cl)c(Cl)c(Cl)c1
6933,O=[N+]([O-])c1cc(Cl)c(Cl)c(Cl)c1Cl
6934,O=[N+]([O-])c1cc(Cl)c(Cl)cc1Cl
6935,O=[N+]([O-])c1cc(I)c(O)c(I)c1
6936,O=[N+]([O-])c1cc(N(CCO)CCO)ccc1NCCO
6937,O=[N+]([O-])c1cc([As](=O)(O)O)ccc1O
6938,O=[N+]([O-])c1cc([N+](=O)[O-])c2ccc(S(=O)(=O)O)cc2c1O
6939,O=[N+]([O-])c1cc([N+](=O)[O-])c2ccccc2c1
6940,O=[N+]([O-])c1cc[n+]([O-])cc1
6941,O=[N+]([O-])c1ccc(-c2nnc(O)o2)o1
6942,O=[N+]([O-])c1ccc(C=Cc2ccc([N+](=O)[O-])cc2S(=O)(=O)O)c(S(=O)(=O)O)c1
6943,O=[N+]([O-])c1ccc(C=NO)o1
6944,O=[N+]([O-])c1ccc(CBr)cc1
6945,O=[N+]([O-])c1ccc(CCO)cc1
6946,O=[N+]([O-])c1ccc(CCl)cc1
6947,O=[N+]([O-])c1ccc(Cl)c(Cl)c1
6948,O=[N+]([O-])c1ccc(Cl)c(Cl)c1Cl
6949,O=[N+]([O-])c1ccc(Cl)c([N+](=O)[O-])c1
6950,O=[N+]([O-])c1ccc(Cl)cc1
6951,O=[N+]([O-])c1ccc(Cl)cc1Cl
6952,O=[N+]([O-])c1ccc(F)c(Cl)c1
6953,O=[N+]([O-])c1ccc(F)c([N+](=O)[O-])c1
6954,O=[N+]([O-])c1ccc(F)cc1F
6955,O=[N+]([O-])c1ccc(NCCO)c(OCCO)c1
6956,O=[N+]([O-])c1ccc(Nc2ccc(Nc3ccccc3)c(S(=O)(=O)O)c2)c([N+](=O)[O-])c1
6957,O=[N+]([O-])c1ccc(Nc2ccccc2)cc1
6958,O=[N+]([O-])c1ccc(O)c([N+](=O)[O-])c1
6959,O=[N+]([O-])c1ccc(O)c2ncccc12
6960,O=[N+]([O-])c1ccc(O)cc1C(F)(F)F
6961,O=[N+]([O-])c1ccc(O/N=C/c2cc(Br)c(O)c(Br)c2)c([N+](=O)[O-])c1
6962,O=[N+]([O-])c1ccc(Oc2ccc(C(F)(F)F)cc2[N+](=O)[O-])cc1
6963,O=[N+]([O-])c1ccc(Oc2ccc(Cl)cc2Cl)cc1
6964,O=[N+]([O-])c1ccc(Oc2ccc(N=C=S)cc2)cc1
6965,O=[N+]([O-])c1ccc(Oc2ccc([N+](=O)[O-])cc2)cc1
6966,O=[N+]([O-])c1ccc(S(=O)(=O)O)c([N+](=O)[O-])c1
6967,O=[N+]([O-])c1ccc([As](=O)(O)O)cc1
6968,O=[N+]([O-])c1ccc2[nH]cnc2c1
6969,O=[N+]([O-])c1ccc2[nH]ncc2c1
6970,O=[N+]([O-])c1ccc2c(c1)Cc1ccccc1-2
6971,O=[N+]([O-])c1ccc2c3c(cccc13)CC2
6972,O=[N+]([O-])c1ccc2ccc3cccc4ccc1c2c34
6973,O=[N+]([O-])c1ccc2ncccc2c1
6974,O=[N+]([O-])c1cccc(C(F)(F)F)c1
6975,O=[N+]([O-])c1cccc(CCl)c1
6976,O=[N+]([O-])c1cccc(Cl)c1
6977,O=[N+]([O-])c1cccc(Cl)c1Cl
6978,O=[N+]([O-])c1cccc(I)c1
6979,O=[N+]([O-])c1cccc(O)c1
6980,O=[N+]([O-])c1cccc(S(=O)(=O)NCCNS(=O)(=O)c2cccc([N+](=O)[O-])c2)c1
6981,O=[N+]([O-])c1cccc(S(=O)(=O)O)c1
6982,O=[N+]([O-])c1cccc([N+](=O)[O-])c1
6983,O=[N+]([O-])c1cccc2c([N+](=O)[O-])cccc12
6984,O=[N+]([O-])c1cccc2cccc([N+](=O)[O-])c12
6985,O=[N+]([O-])c1cccc2ccccc12
6986,O=[N+]([O-])c1cccc2cccnc12
6987,O=[N+]([O-])c1ccccc1
6988,O=[N+]([O-])c1ccccc1-c1ccccc1
6989,O=[N+]([O-])c1ccccc1C(F)(F)F
6990,O=[N+]([O-])c1ccccc1CCO
6991,O=[N+]([O-])c1ccccc1CCl
6992,O=[N+]([O-])c1ccccc1Cl
6993,O=[N+]([O-])c1ccccc1Nc1ccccc1
6994,O=[N+]([O-])c1ccccc1O
6995,O=[N+]([O-])c1ccccc1[N+](=O)[O-]
6996,O=[N+]([O-])c1cncn1CCN1CCOCC1
6997,O=[N+]([O-])c1nccn1CO[C@@H](CO)[C@H](O)CO
6998,O=[PH](O)c1ccccc1
6999,O=[PH](Oc1ccccc1)Oc1ccccc1
7000,O=[PH]1Oc2ccccc2-c2ccccc21
7001,O=[Se]=O
7002,O=[Si]=O
7003,O=c1[nH][nH]c(=O)c2cc([N+](=O)[O-])ccc12
7004,O=c1[nH][nH]c2ccccc12
7005,O=c1[nH]c(=O)c2[nH]c(=O)[nH]c2[nH]1
7006,O=c1[nH]c(=O)c2c[nH]nc2[nH]1
7007,O=c1[nH]c(=O)c2ccccc2o1
7008,O=c1[nH]c(=O)n(C2CCCO2)cc1F
7009,O=c1[nH]c(=O)n([C@H]2C[C@H](O)[C@@H](CO)O2)cc1/C=C/Br
7010,O=c1[nH]c(=O)n([C@H]2C[C@H](O)[C@@H](CO)O2)cc1Br
7011,O=c1[nH]c(=O)n([C@H]2C[C@H](O)[C@@H](CO)O2)cc1C(F)(F)F
7012,O=c1[nH]c(=O)n([C@H]2C[C@H](O)[C@@H](CO)O2)cc1F
7013,O=c1[nH]c(=O)n([C@H]2C[C@H](O)[C@@H](CO)O2)cc1I
7014,O=c1[nH]c(=O)n([C@H]2O[C@H](CO)[C@@H](O)[C@@H]2O)cc1/C=C\Br
7015,O=c1[nH]c2cc(C(F)(F)F)c(N3CCOCC3)cc2n(CP(=O)(O)O)c1=O
7016,O=c1[nH]c2cc(Cl)ccc2n1C1CCNCC1
7017,O=c1[nH]c2cc(Cl)ccc2o1
7018,O=c1[nH]c2ccc(Cl)cc2o1
7019,O=c1[nH]c2ccc(S(=O)CCN3CCC(Cc4ccc(F)cc4)CC3)cc2o1
7020,O=c1[nH]c2ccccc2c(=O)n1CCCl
7021,O=c1[nH]c2ccccc2c(=O)o1
7022,O=c1[nH]c2ccccc2n1C1CCN(CCCC(c2ccc(F)cc2)c2ccc(F)cc2)CC1
7023,O=c1[nH]c2ccccc2n1C1CCNCC1
7024,O=c1[nH]c2ccccc2n1CCCN1CCC(n2c(=O)[nH]c3cc(Cl)ccc32)CC1
7025,O=c1[nH]c2ccccc2n1CCCN1CCN(C(c2ccccc2)c2ccccc2)CC1
7026,O=c1[nH]c2ccccc2o1
7027,O=c1[nH]cc(F)c(=O)[nH]1
7028,O=c1[nH]cnc2[nH]cc(CN3CCCCC3)c12
7029,O=c1[nH]cnc2c1ncn2[C@H]1CC[C@@H](CO)O1
7030,O=c1[nH]cnc2ccccc12
7031,O=c1[nH]cnc2nc[nH]c12
7032,O=c1[nH]ncc2ccccc12
7033,O=c1[nH]oc2c1CCNC2
7034,O=c1[nH]sc2cc(Cl)ccc12
7035,O=c1[nH]sc2ccccc12
7036,O=c1c(-c2ccc(O)cc2)coc2cc(O)cc(O)c12
7037,O=c1c(-c2ccc(O)cc2)coc2cc(O)ccc12
7038,O=c1c(-c2ccccc2)c1-c1ccccc1
7039,O=c1c(O)c(-c2ccc(O)c(O)c2)oc2cc(O)cc(O)c12
7040,O=c1c(O)c(-c2ccc(O)cc2)oc2cc(O)cc(O)c12
7041,O=c1c(O)c(-c2ccc(O)cc2O)oc2cc(O)cc(O)c12
7042,O=c1c(O)c(O)c1=O
7043,O=c1c2ccccc2[se]n1-c1ccccc1
7044,O=c1c2ccccc2c(=O)c2c1cc(Cl)c1[nH]c3c([nH]c12)c(Cl)cc1c(=O)c2ccccc2c(=O)c13
7045,O=c1c2ccccc2oc2ccccc12
7046,O=c1cc(-c2ccc(O)cc2)oc2cc(O)cc(O)c12
7047,O=c1cc(-c2ccccc2)oc2cc(O)cc(O)c12
7048,O=c1cc(-c2ccccc2)oc2ccc3ccccc3c12
7049,O=c1cc(-c2ccccc2)oc2ccccc12
7050,O=c1cc(CO)occ1O
7051,O=c1cc(O)c(Cl)c[nH]1
7052,O=c1cc[nH]c(=O)[nH]1
7053,O=c1cc[nH]c(=S)[nH]1
7054,O=c1ccc(=O)[nH][nH]1
7055,O=c1ccc2cc(O[C@@H]3O[C@H](CO)[C@@H](O)[C@H](O)[C@H]3O)c(O)cc2o1
7056,O=c1ccc2ccccc2o1
7057,O=c1cccccc1O
7058,O=c1n(CC2CO2)c(=O)n(CC2CO2)c(=O)n1CC1CO1
7059,O=c1n(CCCN2CCN(c3cccc(Cl)c3)CC2)nc2ccccn12
7060,O=c1n(CCO)c(=O)n(CCO)c(=O)n1CCO
7061,O=c1n(Cl)c(=O)n(Cl)c(=O)n1Cl
7062,O=c1nc(O)n(Cl)c(=O)n1Cl
7063,O=c1nn[nH]c2ccccc12
7064,O=c1oc(=O)c2cc3c(=O)oc(=O)c3cc12
7065,O=c1oc2c(O)c(O)cc3c(=O)oc4c(O)c(O)cc1c4c23
7066,O=c1oc2cc(O)ccc2c2oc3cc(O)ccc3c12
7067,O=c1oc2cc(O)ccc2s1
7068,O=c1oc2ccccc2c(O)c1C(CC(O)c1ccc(-c2ccc(Br)cc2)cc1)c1ccccc1
7069,O=c1oc2ccccc2c(O)c1C1CCCc2ccccc21
7070,O=c1oc2ccccc2c(O)c1Cc1c(O)c2ccccc2oc1=O
7071,O=c1sc2ccccc2c(O)c1C1CC(c2ccc(-c3ccc(Br)cc3)cc2)Cc2ccccc21
7072,O=c1ssc(Cl)c1Cl
7073,OB(O)O
7074,OB(O)[O][Hg][c]1ccccc1
7075,OC(C#CCN1CCCC1)(c1ccccc1)c1ccccc1
7076,OC(CCCN1CCCCC1)(c1ccccc1)c1ccccc1
7077,OC(CCN1CCCC1)(c1ccccc1)C1CCCCC1
7078,OC(CCN1CCCCC1)(c1ccccc1)C1CC2C=CC1C2
7079,OC(CCN1CCCCC1)(c1ccccc1)C1CCCCC1
7080,OC(CCN1CCCCC1)(c1ccccc1)c1ccccc1
7081,OC(CCl)CCl
7082,OC(CN1CCC(Cc2ccc(F)cc2)CC1)c1ccc(Cl)cc1
7083,OC(Cn1cncn1)(Cn1cncn1)c1ccc(F)cc1F
7084,OC(Cn1cncn1)(c1ccc(F)cc1)c1ccccc1F
7085,OC(O)C(Cl)(Cl)Cl
7086,OC(c1ccc(Cl)cc1)(c1ccc(Cl)cc1)C(Cl)(Cl)Cl
7087,OC(c1ccc(Cl)cc1)(c1ccc(Cl)cc1)c1cccnc1
7088,OC(c1ccc(Cl)cc1)(c1cncnc1)c1ccccc1Cl
7089,OC(c1ccc(F)cc1)(c1cncnc1)c1ccccc1Cl
7090,OC(c1ccccc1)(c1ccccc1)C1CCNCC1
7091,OC(c1ccccc1)(c1ccccc1)C1CN2CCC1CC2
7092,OC/C=C/CO
7093,OC1(c2ccc(Cl)c(C(F)(F)F)c2)CCN(CCCC(c2ccc(F)cc2)c2ccc(F)cc2)CC1
7094,OC1(c2ccc(Cl)cc2)CCNCC1
7095,OC1(c2ccccc2)CCNCC1
7096,OC12N=C(c3ccccc3)SC1Cc1cc(Cl)ccc12
7097,OC1CCC(C2CCCCC2)CC1
7098,OC1CCCC1
7099,OC1CCCCC1
7100,OC1CCCCC1c1ccccc1
7101,OC1CCCCCCCCCCC1
7102,OC1CCCc2ccccc21
7103,OC1OCCOC1O
7104,OC1OC[C@@H](O)[C@H](O)[C@@H]1O
7105,OC1OC[C@@H](O)[C@H](O)[C@H]1O
7106,OCC#CCO
7107,OCC(Br)=C(Br)CO
7108,OCC(Br)CBr
7109,OCC(CBr)(CBr)CBr
7110,OCC(CO)(CBr)CBr
7111,OCC(CO)(CO)CO
7112,OCC(CO)(CO)COCC(CO)(CO)CO
7113,OCC(CO)N[C@H]1C[C@](O)(CO)[C@@H](O)[C@H](O)[C@H]1O
7114,OCC(CO)n1cnc(-c2ccc(F)cc2)c1-c1ccnc(Oc2ccccc2)n1
7115,OCC(Cl)CCl
7116,OCC(F)(F)F
7117,OCC(O)CCl
7118,OCC(O)CN1CCN(c2ccccc2)CC1
7119,OCC(O)CO
7120,OCC(O)COc1ccc(Cl)cc1
7121,OCC(O)CS
7122,OCC(O)c1ccccc1
7123,OCC(S)CS
7124,OCC(c1ccc(Cl)cc1)c1ccc(Cl)cc1
7125,OCC1(CO)COC(C(Cl)(Cl)Cl)OC1
7126,OCC1(CO)COCOC1
7127,OCC1CC2CC1C1CCC(CO)C21
7128,OCC1CC=CCC1
7129,OCC1CCC(CO)CC1
7130,OCC1CCCO1
7131,OCC1CO1
7132,OCC=Cc1ccccc1
7133,OCCBr
7134,OCCC(F)(F)C(F)(F)C(F)(F)C(F)(F)C(F)(F)C(F)(F)C(F)(F)C(F)(F)F
7135,OCCC(F)(F)C(F)(F)C(F)(F)C(F)(F)C(F)(F)C(F)(F)F
7136,OCCC1CCCCN1
7137,OCCCBr
7138,OCCCC1CCCCC1
7139,OCCCCC(O)CO
7140,OCCCCCCCCCCCCBr
7141,OCCCCCCCl
7142,OCCCCCCO
7143,OCCCCCO
7144,OCCCCO
7145,OCCCO
7146,OCCCc1ccccc1
7147,OCCCl
7148,OCCN(CCO)CCN(CCO)CCO
7149,OCCN(CCO)CCO
7150,OCCN(CCO)c1cccc(Cl)c1
7151,OCCN(CCO)c1ccccc1
7152,OCCN(CCO)c1nc(N2CCCCC2)c2nc(N(CCO)CCO)nc(N3CCCCC3)c2n1
7153,OCCN1CCN(CC/C=C2/c3ccccc3Sc3ccc(C(F)(F)F)cc32)CC1
7154,OCCN1CCN(CC/C=C2/c3ccccc3Sc3ccc(Cl)cc32)CC1
7155,OCCN1CCN(CCCN2c3ccccc3C=Cc3ccccc32)CC1
7156,OCCN1CCN(CCCN2c3ccccc3Sc3ccc(C(F)(F)F)cc32)CC1
7157,OCCN1CCN(CCCN2c3ccccc3Sc3ccc(Cl)cc32)CC1
7158,OCCN1CCN(CCO)CC1
7159,OCCN1CCNCC1
7160,OCCN1CCOCC1
7161,OCCN1C[C@H](O)[C@@H](O)[C@H](O)[C@H]1CO
7162,OCCNCCO
7163,OCCNCc1ccccc1
7164,OCCO
7165,OCCOCC#CCOCCO
7166,OCCOCCN1CCN(C(c2ccccc2)c2ccc(Cl)cc2)CC1
7167,OCCOCCO
7168,OCCOCCOCCO
7169,OCCOCCOCCOCCO
7170,OCCOCCOCCOCCOCCO
7171,OCCO[C@@H]1[C@@H](O)[C@H](O)[C@@H](CO)O[C@@H]1O
7172,OCCOc1cccc(OCCO)c1
7173,OCCOc1ccccc1
7174,OCCSCCO
7175,OCCSCSCCO
7176,OCCSSCCO
7177,OCCSc1ccccc1
7178,OCCc1ccccc1
7179,OCCc1ccccn1
7180,OCCc1ccncc1
7181,OC[C@@H](O)C(O)[C@H](O)CO
7182,OC[C@@H](O)[C@@H](O)CO
7183,OC[C@@H](O)[C@@H](O)[C@H](O)[C@@H](O)CO
7184,OC[C@@H](O)[C@@H](O)[C@H](O)[C@H](O)CO
7185,OC[C@@H](O)[C@@H](O)[C@H](O)[C@H](O)CO[C@H]1O[C@H](CO)[C@@H](O)[C@H](O)[C@H]1O
7186,OC[C@@H](O)[C@@H](O[C@@H]1O[C@H](CO)[C@H](O)[C@H](O)[C@H]1O)[C@H](O)[C@@H](O)CO
7187,OC[C@@H](O)[C@H](O)[C@@H](O)CO
7188,OC[C@@H](O)[C@H](O)[C@@H](O)[C@@H](O)CO
7189,OC[C@@H](O)[C@H](O)[C@H](O)[C@@H](O)CO
7190,OC[C@@H](O)[C@H]1O[C@@H]2O[C@@H](C(Cl)(Cl)Cl)O[C@@H]2[C@H]1O
7191,OC[C@@H](O)[C@H]1O[C@@H]2O[C@H](C(Cl)(Cl)Cl)O[C@@H]2[C@H]1O
7192,OC[C@H](Cc1cccc(O)c1)[C@H](CO)Cc1cccc(O)c1
7193,OC[C@H]1OC(O)[C@H](O)[C@@H](O)[C@@H]1O
7194,OC[C@H]1OC(O)[C@H](O)[C@@H](O)[C@H]1O
7195,OC[C@H]1OC([S][Au])[C@H](O)[C@@H](O)[C@@H]1O
7196,OC[C@H]1O[C@@H](OCCc2ccc(O)cc2)[C@H](O)[C@@H](O)[C@@H]1O
7197,OC[C@H]1O[C@@H](O[C@@H]2[C@@H](CO)O[C@](O)(CO)[C@H]2O)[C@H](O)[C@@H](O)[C@H]1O
7198,OC[C@H]1O[C@@H](O[C@H]2[C@H](O)[C@@H](O)[C@H](O)O[C@@H]2CO)[C@H](O)[C@@H](O)[C@@H]1O
7199,OC[C@H]1O[C@@H](O[C@H]2[C@H](O)[C@@H](O)[C@H](O)O[C@@H]2CO)[C@H](O)[C@@H](O)[C@H]1O
7200,OC[C@H]1O[C@@H](Oc2ccc(O)cc2)[C@H](O)[C@@H](O)[C@@H]1O
7201,OC[C@H]1O[C@@H](n2cnc3c(O)ncnc32)[C@H](O)[C@@H]1O
7202,OC[C@H]1O[C@@H](n2cnc3c(S)ncnc32)[C@H](O)[C@@H]1O
7203,OC[C@H]1O[C@@H]2O[C@H]3[C@H](O)[C@@H](O)[C@@H](O[C@H]4[C@H](O)[C@@H](O)[C@@H](O[C@H]5[C@H](O)[C@@H](O)[C@@H](O[C@H]6[C@H](O)[C@@H](O)[C@@H](O[C@H]7[C@H](O)[C@@H](O)[C@@H](O[C@H]1[C@H](O)[C@H]2O)O[C@@H]7CO)O[C@@H]6CO)O[C@@H]5CO)O[C@@H]4CO)O[C@@H]3CO
7204,OC[C@H]1O[C@@H]2O[C@H]3[C@H](O)[C@@H](O)[C@@H](O[C@H]4[C@H](O)[C@@H](O)[C@@H](O[C@H]5[C@H](O)[C@@H](O)[C@@H](O[C@H]6[C@H](O)[C@@H](O)[C@@H](O[C@H]7[C@H](O)[C@@H](O)[C@@H](O[C@H]8[C@H](O)[C@@H](O)[C@@H](O[C@H]1[C@H](O)[C@H]2O)O[C@@H]8CO)O[C@@H]7CO)O[C@@H]6CO)O[C@@H]5CO)O[C@@H]4CO)O[C@@H]3CO
7205,OC[C@H]1O[C@@H]2O[C@H]3[C@H](O)[C@@H](O)[C@@H](O[C@H]4[C@H](O)[C@@H](O)[C@@H](O[C@H]5[C@H](O)[C@@H](O)[C@@H](O[C@H]6[C@H](O)[C@@H](O)[C@@H](O[C@H]7[C@H](O)[C@@H](O)[C@@H](O[C@H]8[C@H](O)[C@@H](O)[C@@H](O[C@H]9[C@H](O)[C@@H](O)[C@@H](O[C@H]1[C@H](O)[C@H]2O)O[C@@H]9CO)O[C@@H]8CO)O[C@@H]7CO)O[C@@H]6CO)O[C@@H]5CO)O[C@@H]4CO)O[C@@H]3CO
7206,OC[C@H]1O[C@@](CO)(O[C@H]2O[C@H](CO)[C@@H](O)[C@H](O)[C@H]2O)[C@@H](O)[C@@H]1O
7207,OC[C@H]1O[C@H](O[C@@]2(CO)O[C@@H](O)[C@H](O)[C@@H]2O)[C@H](O)[C@@H](O)[C@@H]1O
7208,OC[C@H]1O[C@H](O[C@H]2O[C@H](CO)[C@@H](O)[C@H](O)[C@H]2O)[C@H](O)[C@@H](O)[C@@H]1O
7209,OC[C@H]1O[C@H](O[C@H]2[C@H](O)[C@@H](O)[C@@H](O[C@H]3[C@H](O)[C@@H](O)[C@@H](O)O[C@@H]3CO)O[C@@H]2CO)[C@H](O)[C@@H](O)[C@@H]1O
7210,OC[C@H]1O[C@H](O[C@]2(CCl)O[C@H](CCl)[C@@H](O)[C@@H]2O)[C@H](O)[C@@H](O)[C@H]1Cl
7211,OC[C@H]1O[C@](O)(CO)[C@@H](O)[C@@H]1O
7212,OC[C@]1(O)OC[C@@H](O)[C@H](O)[C@@H]1O
7213,OC[P+](CO)(CO)CO
7214,OCc1c2ccccc2cc2ccccc12
7215,OCc1c[nH]c2ccccc12
7216,OCc1ccc(Cl)cc1Cl
7217,OCc1cccc(Oc2ccccc2)c1
7218,OCc1ccccc1
7219,OCc1ccccc1O
7220,OCc1ccccn1
7221,OCc1cccnc1
7222,OCc1ccco1
7223,ON(Cc1ccccc1)Cc1ccccc1
7224,ON=C1C=CC(=NO)C=C1
7225,ON=C1CCCC1
7226,ON=C1CCCCC1
7227,ON=CC=NO
7228,ONc1ccccc1
7229,O[C@@H](CNC[C@H](O)[C@H]1CCc2cc(F)ccc2O1)[C@@H]1CCc2cc(F)ccc2O1
7230,O[C@@H]([C@H](O)[C@H](O)CBr)[C@H](O)CBr
7231,O[C@@H](c1cc(C(F)(F)F)nc2c(C(F)(F)F)cccc12)[C@H]1CCCCN1
7232,O[C@@H]1CO[C@H]2[C@@H]1OC[C@@H]2O
7233,O[C@H]1[C@H](O)[C@@H](O)[C@H](O)[C@@H](O)[C@H]1O
7234,O[C@H]1[C@H]2[C@H](O)CCCN2C[C@H]1O
7235,Oc1c(Br)c(Br)c(Br)c(Br)c1Br
7236,Oc1c(Br)cc(Br)c2cccnc12
7237,Oc1c(Br)cc(Br)cc1Br
7238,Oc1c(Cl)c(Cl)c(Cl)c(Cl)c1Cl
7239,Oc1c(Cl)c(Cl)cc(Cl)c1Cl
7240,Oc1c(Cl)cc(Cl)c(Cl)c1Cc1c(O)c(Cl)cc(Cl)c1Cl
7241,Oc1c(Cl)cc(Cl)c(Cl)c1Cl
7242,Oc1c(Cl)cc(Cl)c2cccnc12
7243,Oc1c(Cl)cc(Cl)cc1Cl
7244,Oc1c(Cl)ccc(Cl)c1Cl
7245,Oc1c(Cl)cccc1Cl
7246,Oc1c(I)cc(Cl)c2cccnc12
7247,Oc1c(I)cc(I)c2cccnc12
7248,Oc1cc(Cl)c(Cl)c(Cl)c1
7249,Oc1cc(Cl)c(Cl)c(Cl)c1Cl
7250,Oc1cc(Cl)cc(Cl)c1
7251,Oc1cc(Cl)cc(Cl)c1Cl
7252,Oc1cc(Cl)ccc1Cl
7253,Oc1cc(Cl)ccc1Oc1ccc(Cl)cc1Cl
7254,Oc1cc(O)c(Cl)cc1Cl
7255,Oc1cc(O)c2c(c1)O[C@H](c1ccc(O)c(O)c1)[C@H](O)C2
7256,Oc1cc(O)cc(O)c1
7257,Oc1cc2c(cc1O)[C@H]1c3ccc(O)c(O)c3OC[C@@]1(O)C2
7258,Oc1cc2ccccc2c2ccccc12
7259,Oc1cc[c]([Hg][Cl])cc1
7260,Oc1ccc(-c2ccc(O)cc2)cc1
7261,Oc1ccc(-c2ccccc2)c(Cl)c1
7262,Oc1ccc(-c2ccccc2)cc1
7263,Oc1ccc(/C=C/c2cc(O)cc(O)c2)cc1
7264,Oc1ccc(/N=N/c2ccccc2)cc1
7265,Oc1ccc(C(=C(Cl)Cl)c2ccc(O)cc2)cc1
7266,Oc1ccc(C(O)CNCCCCCCNCC(O)c2ccc(O)c(O)c2)cc1O
7267,Oc1ccc(C(c2ccc(O)cc2)(C(F)(F)F)C(F)(F)F)cc1
7268,Oc1ccc(C(c2ccc(O)cc2)C(Cl)(Cl)Cl)cc1
7269,Oc1ccc(C2(c3ccc(O)cc3)CC3CC2C2CCCC32)cc1
7270,Oc1ccc(C2(c3ccc(O)cc3)CCCCC2)cc1
7271,Oc1ccc(C2(c3ccc(O)cc3)c3ccccc3-c3ccccc32)cc1
7272,Oc1ccc(C2CNCCc3c2cc(O)c(O)c3Cl)cc1
7273,Oc1ccc(CCNCCCCCCNCCc2ccccc2)cc1O
7274,Oc1ccc(Cc2ccc(O)cc2)cc1
7275,Oc1ccc(Cc2ccccc2)cc1
7276,Oc1ccc(Cc2ccccc2O)cc1
7277,Oc1ccc(Cl)c(Cl)c1
7278,Oc1ccc(Cl)c(Cl)c1Cl
7279,Oc1ccc(Cl)c2c1CCC2
7280,Oc1ccc(Cl)c2cccnc12
7281,Oc1ccc(Cl)cc1
7282,Oc1ccc(Cl)cc1C1CCCC1
7283,Oc1ccc(Cl)cc1Cc1cc(Cl)ccc1O
7284,Oc1ccc(Cl)cc1Cc1ccccc1
7285,Oc1ccc(Cl)cc1Cl
7286,Oc1ccc(Cl)cc1Sc1cc(Cl)ccc1O
7287,Oc1ccc(Nc2ccccc2)cc1
7288,Oc1ccc(O)c2c(O)cccc12
7289,Oc1ccc(O)cc1
7290,Oc1ccc(OCc2ccccc2)cc1
7291,Oc1ccc(Oc2ccccc2)cc1
7292,Oc1ccc(Sc2ccc(O)cc2)cc1
7293,Oc1ccc2[nH]cc(CCCCN3CC=C(c4ccccc4)CC3)c2c1
7294,Oc1ccc2c(c1)-c1ccccc1C2
7295,Oc1ccc2c(c1)Cc1ccccc1-2
7296,Oc1ccc2c(c1)OCO2
7297,Oc1ccc2c(c1)OC[C@@H](N1CCC(O)(c3ccc(F)cc3)CC1)[C@H]2O
7298,Oc1ccc2c3c1O[C@H]1[C@@H](O)CC[C@@]4(O)[C@@H](C2)N(CC2CCC2)CC[C@]314
7299,Oc1ccc2cc(SSc3ccc4cc(O)ccc4c3)ccc2c1
7300,Oc1ccc2ccc3cccc4ccc1c2c34
7301,Oc1ccc2ccccc2c1
7302,Oc1ccc2ccccc2c1/N=N/c1ccccc1
7303,Oc1cccc(-c2c3nc(c(-c4cccc(O)c4)c4ccc([nH]4)c(-c4cccc(O)c4)c4nc(c(-c5cccc(O)c5)c5ccc2[nH]5)CC4)C=C3)c1
7304,Oc1cccc(Cl)c1
7305,Oc1cccc(Cl)c1Cl
7306,Oc1cccc(Nc2ccccc2)c1
7307,Oc1cccc(O)c1
7308,Oc1cccc(O)c1O
7309,Oc1cccc2[nH]ccc12
7310,Oc1cccc2cc3cccc(O)c3c(O)c12
7311,Oc1cccc2ccccc12
7312,Oc1cccc[c]1[Hg][Cl]
7313,Oc1ccccc1
7314,Oc1ccccc1-c1nnco1
7315,Oc1ccccc1C=NCc1ccccc1
7316,Oc1ccccc1Cc1ccccc1O
7317,Oc1ccccc1Cl
7318,Oc1ccccc1F
7319,Oc1ccccc1O
7320,Oc1cn2c(n1)Nc1ccc(Cl)c(Cl)c1C2
7321,Oc1nc(Cl)c(Cl)cc1Cl
7322,Oc1nc(O)nc(O)n1
7323,Oc1ncnc2[nH]ncc12
7324,On1nnc2ccccc21
7325,S=C(NC1CCCCC1)NC1CCCCC1
7326,S=C(Nc1ccccc1)Nc1ccccc1
7327,S=C(S)NCCNC(=S)S
7328,S=C(SSC(=S)N1CCCCC1)N1CCCCC1
7329,S=C(SSSSSSC(=S)N1CCCCC1)N1CCCCC1
7330,S=C1NC=NC2N=CNC12
7331,S=C1NCCN1
7332,S=C1SCN(Cc2ccccc2)CN1Cc1ccccc1
7333,S=C=NCCc1ccccc1
7334,S=C=NCc1ccccc1
7335,S=C=Nc1ccccc1
7336,S=C=S
7337,S=P(N1CC1)(N1CC1)N1CC1
7338,S=c1[nH]c2ccccc2[nH]1
7339,S=c1[nH]cnc2[nH]cnc12
7340,S=c1nccc[nH]1
7341,SC1CCCC1
7342,SC1CCCCC1
7343,SCCCCCCCCS
7344,SCCSCCS
7345,SCc1ccccc1
7346,Sc1ccccc1Cl
7347,Sc1nnc(S)s1
7348,[2H]C([2H])([2H])[C@H](N)Cc1ccccc1
7349,[As]#[In]
7350,[Ba+2]
7351,[Be+2]
7352,[Br][Ca][Br]
7353,[CH3][Hg][Cl]
7354,[CH3][Sn]([CH3])([Cl])[Cl]
7355,[CH3][Sn]([Cl])([Cl])[Cl]
7356,[Ca+2]
7357,[Cd+2]
7358,[Cl][Au]([Cl])[Cl]
7359,[Cl][Ba][Cl]
7360,[Cl][Dy]([Cl])[Cl]
7361,[Cl][Hg][c]1ccccc1
7362,[Cl][In]([Cl])[Cl]
7363,[Cl][Nd]([Cl])[Cl]
7364,[Cl][Ni][Cl]
7365,[Cl][Pd][Cl]
7366,[Cl][Sb]([Cl])[Cl]
7367,[Cl][Sn]([Cl])([Cl])[Cl]
7368,[Cl][V]([Cl])([CH]1C=CC=C1)[CH]1C=CC=C1
7369,[Cl][Yb]([Cl])[Cl]
7370,[Cl][Zn][Cl]
7371,[Cl][Zr]([Cl])([C]1=CC=CC1)[CH]1C=CC=C1
7372,[Co+2]
7373,[Cr+3]
7374,[Cu+2]
7375,[Cu][I]
7376,[F][Sn]([c]1ccccc1)([c]1ccccc1)[c]1ccccc1
7377,[Fe+2]
7378,[Fe+3]
7379,[Hg+2]
7380,[Mn+2]
7381,[N-]=[N+]=C1C=Cc2c(cccc2S(=O)(=O)O)C1=O
7382,[N-]=[N+]=CC(=O)OC[C@H](N)C(=O)O
7383,[N-]=[N+]=[N-]
7384,[NH2][Pt]([NH2])([Cl])[Cl]
7385,[NH2][Pt]1([NH2])[O]C(=O)C2(CCC2)C(=O)[O]1
7386,[Na][I]
7387,[Ni+2]
7388,[O-][Cl+3]([O-])([O-])O
7389,[O-][N+](=Nc1ccccc1)c1ccccc1
7390,[O-][n+]1cc[n+]([O-])c2ccccc21
7391,[O-][n+]1ccc(Cl)cc1
7392,[O-][n+]1cccc(/C(Cl)=N/OC[C@H](O)CN2CCCCC2)c1
7393,[O-][n+]1cccc(CO)c1
7394,[O-][n+]1ccccc1S
7395,[O-][n+]1ccccc1SSc1cccc[n+]1[O-]
7396,[O-][n+]1ccccc1[S][Zn][S]c1cccc[n+]1[O-]
7397,[OH][Sn]([c]1ccccc1)([c]1ccccc1)[c]1ccccc1
7398,[O]=[Bi][Cl]
7399,[O]=[Cd]
7400,[O]=[Cr](=[O])([OH])[O][Cr](=[O])(=[O])[OH]
7401,[O]=[Cr][O][Cr]=[O]
7402,[O]=[Mo](=[O])=[O]
7403,[O]=[Zr]([Cl])[Cl]
7404,[P]#[In]
7405,[PbH4]
7406,[SbH9]
7407,[SnH4]
7408,[TlH3]
7409,[Zn+2]
7410,c1c[nH]cn1
7411,c1cc(-c2ccncc2)ccn1
7412,c1cc(C(c2ccc(OCC3CO3)cc2)c2ccc(OCC3CO3)cc2)ccc1OCC1CO1
7413,c1cc(CCCc2ccncc2)ccn1
7414,c1cc(CN2CCCCC2)cc(OCCCNc2nc3ccccc3s2)c1
7415,c1cc(N(CC2CO2)CC2CO2)ccc1Cc1ccc(N(CC2CO2)CC2CO2)cc1
7416,c1cc(N(CC2CO2)CC2CO2)ccc1OCC1CO1
7417,c1cc(OCC2CO2)cc(OCC2CO2)c1
7418,c1cc(OCC2CO2)ccc1Cc1ccc(OCC2CO2)cc1
7419,c1cc2c(c(N3CCNCC3)c1)OCCO2
7420,c1cc2c(c(NC3=NCCN3)c1)CCCC2
7421,c1cc2c3c(c1)ccc1cccc(c13)C2
7422,c1cc2c3c(cccc3c1)CC2
7423,c1cc2ccc3ccc4ccc5cccc6c(c1)c2c3c4c56
7424,c1cc[c]([Bi]([c]2ccccc2)[c]2ccccc2)cc1
7425,c1cc[c]([Hg][c]2ccccc2)cc1
7426,c1cc[n+]2c(c1)-c1cccc[n+]1CC2
7427,c1ccc(-c2ccc(-c3ccccc3)cc2)cc1
7428,c1ccc(-c2ccc(C(c3ccccc3)n3ccnc3)cc2)cc1
7429,c1ccc(-c2cccc(-c3ccccc3)c2)cc1
7430,c1ccc(-c2ccccc2)cc1
7431,c1ccc(-c2ccccn2)nc1
7432,c1ccc(-c2nc[nH]c2-c2ccccc2)cc1
7433,c1ccc(-c2nnn[nH]2)cc1
7434,c1ccc(B(c2ccccc2)c2ccccc2)cc1
7435,c1ccc(C(O[C@@H]2CCCN(CCc3ccc4c(c3)OCO4)C2)c2ccccc2)cc1
7436,c1ccc(C(O[C@H]2CCCN(CCc3ccc4c(c3)OCO4)C2)c2ccccc2)cc1
7437,c1ccc(C2(c3ccccc3)CC2C2=NCCN2)cc1
7438,c1ccc(C2CC2)c(OCC2=NCCN2)c1
7439,c1ccc(C2CO2)cc1
7440,c1ccc(CC2=NCCN2)cc1
7441,c1ccc(CCCc2ccccn2)cc1
7442,c1ccc(CCCc2ccncc2)cc1
7443,c1ccc(CCNc2nc(-c3ccccc3)cs2)cc1
7444,c1ccc(CCc2ccccc2)cc1
7445,c1ccc(CN(CC2=NCCN2)c2ccccc2)cc1
7446,c1ccc(CN(Cc2ccccc2)Cc2ccccc2)cc1
7447,c1ccc(CN2CCNCC2)cc1
7448,c1ccc(CNCCNCc2ccccc2)cc1
7449,c1ccc(CNCc2ccccc2)cc1
7450,c1ccc(CNc2[nH]cnc3ncnc2-3)cc1
7451,c1ccc(CNc2ncnc3c2ncn3C2CCCCO2)cc1
7452,c1ccc(COCc2ccccc2)cc1
7453,c1ccc(CSCc2ccccc2)cc1
7454,c1ccc(C[n+]2cccc3ccccc32)cc1
7455,c1ccc(Cc2ccccc2)cc1
7456,c1ccc(N2CCNCC2)cc1
7457,c1ccc(N=NNc2ccccc2)cc1
7458,c1ccc(N=Nc2ccccc2)cc1
7459,c1ccc(NNc2ccccc2)cc1
7460,c1ccc(Nc2ccc3ccccc3c2)cc1
7461,c1ccc(Nc2cccc3ccccc23)cc1
7462,c1ccc(Nc2ccccc2)cc1
7463,c1ccc(OCC2CO2)cc1
7464,c1ccc(OCCOc2ccccc2)cc1
7465,c1ccc(OCc2ccc(CCCN3CCOCC3)cc2)cc1
7466,c1ccc(OP(Oc2ccccc2)Oc2ccccc2)cc1
7467,c1ccc(Oc2ccccc2)cc1
7468,c1ccc(P(c2ccccc2)c2ccccc2)cc1
7469,c1ccc(SCCSc2ccccc2)cc1
7470,c1ccc(SSc2ccccc2)cc1
7471,c1ccc(Sc2ccccc2)cc1
7472,c1ccc([C@H]2CN3CCSC3=N2)cc1
7473,c1ccc2[nH]c(-c3cscn3)nc2c1
7474,c1ccc2[nH]ccc2c1
7475,c1ccc2[nH]cnc2c1
7476,c1ccc2[nH]nnc2c1
7477,c1ccc2c(CCC3CCNCC3)c[nH]c2c1
7478,c1ccc2c(c1)-c1cccc3c1c-2cc1ccccc13
7479,c1ccc2c(c1)-c1cccc3cccc-2c13
7480,c1ccc2c(c1)CCCC2
7481,c1ccc2c(c1)CCCC2C1=NCCN1
7482,c1ccc2c(c1)CCNC2
7483,c1ccc2c(c1)CCc1ccccc1N2
7484,c1ccc2c(c1)Cc1ccccc1-2
7485,c1ccc2c(c1)Nc1ccccc1S2
7486,c1ccc2c(c1)OCC(C1=NCCN1)O2
7487,c1ccc2c(c1)OCC(CN1CCCCC1)O2
7488,c1ccc2c(c1)Oc1ccccc1O2
7489,c1ccc2c(c1)Oc1ccccc1S2
7490,c1ccc2c(c1)Sc1ccccc1N2CC1CN2CCC1CC2
7491,c1ccc2c(c1)Sc1ccccc1N2CCN1CCCC1
7492,c1ccc2c(c1)Sc1ccccc1N2C[C@@H]1CN2CCC1CC2
7493,c1ccc2c(c1)[nH]c1ccccc12
7494,c1ccc2c(c1)[nH]c1cnccc12
7495,c1ccc2c(c1)c1cccc3ccc4cccc2c4c31
7496,c1ccc2c(c1)cc1ccc3cccc4ccc2c1c34
7497,c1ccc2c(c1)ccc1c3ccccc3ccc21
7498,c1ccc2c(c1)ccc1cc3c(ccc4ccccc43)cc12
7499,c1ccc2c(c1)ccc1ccccc12
7500,c1ccc2c(c1)ccc1ncccc12
7501,c1ccc2c(c1)oc1ccccc12
7502,c1ccc2c(c1)sc1ccccc12
7503,c1ccc2cc(CC3=NCCN3)ccc2c1
7504,c1ccc2cc(Nc3ccc(Nc4ccc5ccccc5c4)cc3)ccc2c1
7505,c1ccc2cc3c(cc2c1)-c1cccc2cccc-3c12
7506,c1ccc2cc3c(ccc4ccccc43)cc2c1
7507,c1ccc2cc3c4ccccc4c4ccccc4c3cc2c1
7508,c1ccc2cc3ccccc3cc2c1
7509,c1ccc2ccccc2c1
7510,c1ccc2cnccc2c1
7511,c1ccc2cnncc2c1
7512,c1ccc2nc(N3CCNCC3)ccc2c1
7513,c1ccc2ncccc2c1
7514,c1ccc2nccnc2c1
7515,c1ccc2occc2c1
7516,c1ccc2sc(SN(C3CCCCC3)C3CCCCC3)nc2c1
7517,c1ccc2sc(SN3CCOCC3)nc2c1
7518,c1ccc2sc(SNC3CCCCC3)nc2c1
7519,c1ccc2sc(SSN3CCOCC3)nc2c1
7520,c1ccc2sc(SSc3nc4ccccc4s3)nc2c1
7521,c1ccc2scnc2c1
7522,c1ccccc1
7523,c1ccncc1
7524,c1ccoc1
7525,c1ccsc1
7526,c1cnc(N2CCN(Cc3ccc4c(c3)OCO4)CC2)nc1
7527,c1cnc2c(c1)ccc1cccnc12
7528,c1cnc2c(n1)CCCC2
7529,c1cnc2cc3c(cc2n1)C1CNCC3C1
7530,c1cncc([C@@H]2CCCCN2)c1
7531,c1cnccn1
7532,c1coc(-c2nc3ccccc3[nH]2)c1
7533,c1coc(CNc2[nH]cnc3ncnc2-3)c1
7534,c1coc(Cn2cccc2)c1
7535,c1csc(-c2ccc(-c3cccs3)s2)c1
7536,c1csc(C2(N3CCCCC3)CCCCC2)c1
7537,c1csc(SSc2cccs2)c1
